order_id,order_date,segment,region,category,sub_category,product,quantity,discount,sales,profit
ORD-10000,2024-04-15,Home Office,North,Technology,Phones,Smartphone X,3,0,54000,6364.27
ORD-10001,2024-05-13,Consumer,North,Office Supplies,Storage,Storage Box,1,0.1,810.0,148.84
ORD-10002,2023-06-14,Home Office,West,Office Supplies,Storage,Storage Box,5,0,4500,1147.05
ORD-10003,2023-06-15,Consumer,West,Technology,Accessories,Laptop Bag,3,0,5400,1839.8
ORD-10004,2023-09-13,Corporate,North,Technology,Machines,Laser Printer,2,0,18000,1587.18
ORD-10005,2023-09-27,Home Office,West,Furniture,Bookcases,Wooden Bookcase,5,0,22500,3927.83
ORD-10006,2024-01-28,Home Office,East,Office Supplies,Paper,A4 Paper Pack,1,0.1,315.0,86.14
ORD-10007,2024-02-28,Corporate,North,Technology,Accessories,Wireless Earbuds,1,0.2,2000.0,316.46
ORD-10008,2024-09-24,Corporate,South,Technology,Accessories,Wireless Earbuds,4,0,10000,2962.73
ORD-10009,2023-10-05,Home Office,North,Furniture,Chairs,Ergo Office Chair,3,0.2,15600.0,1480.94
ORD-10010,2024-03-23,Corporate,West,Technology,Machines,Laser Printer,5,0.2,36000.0,-734.94
ORD-10011,2023-07-22,Consumer,South,Office Supplies,Storage,Storage Box,2,0.2,1440.0,166.96
ORD-10012,2024-08-30,Home Office,East,Furniture,Bookcases,Wooden Bookcase,4,0,18000,2075.31
ORD-10013,2023-06-09,Corporate,South,Office Supplies,Binders,Heavy Binder Set,4,0.2,1920.0,300.88
ORD-10014,2023-07-05,Corporate,West,Office Supplies,Storage,Storage Box,5,0,4500,1213.92
ORD-10015,2023-09-30,Consumer,North,Technology,Machines,Laser Printer,5,0.05,42750.0,2448.41
ORD-10016,2023-04-25,Corporate,West,Technology,Machines,Laser Printer,4,0.1,32400.0,812.66
ORD-10017,2024-01-23,Home Office,East,Office Supplies,Storage,Storage Box,1,0.2,720.0,106.31
ORD-10018,2024-07-21,Corporate,North,Furniture,Bookcases,Wooden Bookcase,1,0,4500,651.52
ORD-10019,2024-11-30,Consumer,East,Furniture,Tables,Standing Desk,5,0,60000,6036.87
ORD-10020,2024-09-14,Consumer,North,Office Supplies,Storage,Storage Box,5,0,4500,1000.02
ORD-10021,2024-03-15,Corporate,South,Office Supplies,Binders,Heavy Binder Set,1,0,600,188.6
ORD-10022,2023-02-13,Consumer,South,Technology,Accessories,Laptop Bag,1,0,1800,609.39
ORD-10023,2023-04-07,Home Office,West,Office Supplies,Binders,Heavy Binder Set,5,0,3000,783.61
ORD-10024,2024-12-07,Home Office,East,Office Supplies,Storage,Storage Box,2,0.2,1440.0,165.51
ORD-10025,2023-11-20,Consumer,East,Office Supplies,Storage,Storage Box,4,0,3600,827.4
ORD-10026,2023-01-16,Consumer,North,Office Supplies,Storage,Storage Box,2,0.1,1620.0,271.54
ORD-10027,2023-06-22,Corporate,West,Technology,Phones,Smartphone X,3,0,54000,7621.15
ORD-10028,2023-06-10,Corporate,West,Technology,Machines,Laser Printer,5,0.1,40500.0,2341.45
ORD-10029,2023-05-24,Corporate,North,Technology,Accessories,Wireless Earbuds,4,0,10000,2938.86
ORD-10030,2024-05-10,Consumer,South,Technology,Accessories,Wireless Earbuds,1,0.05,2375.0,684.61
ORD-10031,2023-05-24,Corporate,West,Office Supplies,Storage,Storage Box,4,0,3600,877.5
ORD-10032,2023-07-07,Home Office,North,Technology,Accessories,Wireless Earbuds,4,0.1,9000.0,1870.49
ORD-10033,2024-12-11,Consumer,West,Furniture,Chairs,Ergo Office Chair,2,0.05,12350.0,1838.31
ORD-10034,2024-10-27,Corporate,West,Technology,Machines,Laser Printer,4,0,36000,5717.69
ORD-10035,2023-08-03,Consumer,North,Office Supplies,Storage,Storage Box,4,0,3600,810.69
ORD-10036,2024-02-29,Consumer,West,Office Supplies,Storage,Storage Box,1,0.2,720.0,82.86
ORD-10037,2024-01-03,Consumer,South,Office Supplies,Storage,Storage Box,2,0,1800,516.35
ORD-10038,2023-02-21,Home Office,South,Technology,Accessories,Wireless Earbuds,2,0.05,4750.0,1138.06
ORD-10039,2024-02-29,Home Office,East,Technology,Phones,Smartphone X,5,0,90000,12018.42
ORD-10040,2024-11-17,Consumer,East,Furniture,Chairs,Ergo Office Chair,3,0,19500,3144.36
ORD-10041,2023-12-03,Home Office,North,Technology,Accessories,Wireless Earbuds,1,0.05,2375.0,664.27
ORD-10042,2023-02-25,Corporate,North,Furniture,Chairs,Ergo Office Chair,5,0,32500,4894.39
ORD-10043,2024-10-11,Home Office,East,Furniture,Bookcases,Wooden Bookcase,3,0,13500,1958.24
ORD-10044,2024-03-25,Corporate,North,Office Supplies,Storage,Storage Box,1,0.2,720.0,111.87
ORD-10045,2024-11-20,Home Office,South,Technology,Machines,Laser Printer,3,0,27000,4081.78
ORD-10046,2023-07-24,Home Office,East,Technology,Accessories,Laptop Bag,2,0.2,2880.0,539.8
ORD-10047,2024-01-05,Corporate,North,Furniture,Tables,Standing Desk,1,0,12000,1328.91
ORD-10048,2023-01-03,Home Office,West,Technology,Machines,Laser Printer,3,0,27000,3761.06
ORD-10049,2024-02-16,Home Office,North,Technology,Accessories,Wireless Earbuds,1,0.2,2000.0,424.63
ORD-10050,2024-09-08,Consumer,East,Technology,Accessories,Laptop Bag,5,0,9000,2829.45
ORD-10051,2023-10-01,Home Office,North,Technology,Phones,Smartphone X,3,0,54000,8346.53
ORD-10052,2023-09-23,Consumer,South,Office Supplies,Storage,Storage Box,4,0.1,3240.0,680.26
ORD-10053,2024-12-15,Corporate,West,Technology,Machines,Laser Printer,4,0,36000,3396.56
ORD-10054,2024-08-15,Consumer,West,Furniture,Chairs,Ergo Office Chair,3,0,19500,3958.3
ORD-10055,2024-10-06,Corporate,East,Office Supplies,Binders,Heavy Binder Set,2,0,1200,366.39
ORD-10056,2023-08-18,Corporate,East,Furniture,Chairs,Ergo Office Chair,2,0,13000,2506.43
ORD-10057,2023-07-29,Corporate,East,Technology,Accessories,Wireless Earbuds,3,0,7500,2334.89
ORD-10058,2024-11-20,Corporate,North,Technology,Accessories,Wireless Earbuds,3,0,7500,2298.35
ORD-10059,2023-03-23,Corporate,North,Office Supplies,Paper,A4 Paper Pack,3,0.2,840.0,212.45
ORD-10060,2023-10-15,Corporate,North,Technology,Accessories,Laptop Bag,2,0,3600,1020.78
ORD-10061,2024-01-16,Home Office,East,Office Supplies,Storage,Storage Box,2,0,1800,440.11
ORD-10062,2024-04-03,Corporate,East,Technology,Accessories,Wireless Earbuds,3,0.1,6750.0,1517.01
ORD-10063,2023-10-27,Home Office,West,Furniture,Tables,Standing Desk,5,0,60000,4520.83
ORD-10064,2024-05-13,Home Office,North,Technology,Machines,Laser Printer,5,0.1,40500.0,1785.08
ORD-10065,2023-08-17,Corporate,West,Furniture,Chairs,Ergo Office Chair,4,0.1,23400.0,3007.67
ORD-10066,2023-11-23,Home Office,South,Furniture,Chairs,Ergo Office Chair,5,0.05,30875.0,5356.78
ORD-10067,2024-04-29,Corporate,North,Furniture,Tables,Standing Desk,5,0.2,48000.0,-449.51
ORD-10068,2024-08-27,Consumer,North,Furniture,Chairs,Ergo Office Chair,3,0,19500,3988.24
ORD-10069,2023-02-04,Home Office,South,Office Supplies,Binders,Heavy Binder Set,5,0,3000,829.3
ORD-10070,2024-06-13,Home Office,North,Office Supplies,Paper,A4 Paper Pack,4,0.05,1330.0,398.36
ORD-10071,2024-10-20,Home Office,West,Technology,Accessories,Wireless Earbuds,4,0,10000,2740.71
ORD-10072,2023-02-07,Corporate,East,Furniture,Chairs,Ergo Office Chair,1,0.05,6175.0,745.12
ORD-10073,2024-11-28,Corporate,West,Office Supplies,Binders,Heavy Binder Set,5,0.2,2400.0,459.27
ORD-10074,2024-10-23,Home Office,East,Office Supplies,Binders,Heavy Binder Set,4,0,2400,720.34
ORD-10075,2024-07-19,Corporate,North,Office Supplies,Storage,Storage Box,4,0.2,2880.0,314.32
ORD-10076,2024-06-09,Home Office,North,Furniture,Chairs,Ergo Office Chair,3,0,19500,3228.75
ORD-10077,2023-04-14,Consumer,North,Furniture,Chairs,Ergo Office Chair,4,0.2,20800.0,670.27
ORD-10078,2023-11-04,Consumer,West,Furniture,Bookcases,Wooden Bookcase,5,0.05,21375.0,2420.97
ORD-10079,2023-10-18,Consumer,East,Technology,Accessories,Laptop Bag,1,0.1,1620.0,405.7
ORD-10080,2023-08-13,Home Office,South,Office Supplies,Paper,A4 Paper Pack,4,0.1,1260.0,390.35
ORD-10081,2023-12-24,Corporate,West,Furniture,Tables,Standing Desk,4,0.05,45600.0,1473.88
ORD-10082,2024-06-17,Corporate,North,Office Supplies,Binders,Heavy Binder Set,2,0.1,1080.0,240.55
ORD-10083,2023-03-05,Corporate,West,Office Supplies,Paper,A4 Paper Pack,2,0.05,665.0,195.87
ORD-10084,2023-09-03,Corporate,East,Office Supplies,Binders,Heavy Binder Set,3,0,1800,541.62
ORD-10085,2024-07-08,Home Office,North,Office Supplies,Paper,A4 Paper Pack,3,0,1050,365.01
ORD-10086,2024-12-31,Home Office,North,Furniture,Bookcases,Wooden Bookcase,2,0.2,7200.0,-32.48
ORD-10087,2024-07-10,Consumer,South,Furniture,Chairs,Ergo Office Chair,2,0,13000,2466.19
ORD-10088,2023-12-14,Corporate,East,Technology,Accessories,Wireless Earbuds,5,0,12500,3715.03
ORD-10089,2023-05-07,Consumer,North,Technology,Accessories,Laptop Bag,1,0,1800,642.92
ORD-10090,2024-11-13,Consumer,North,Technology,Accessories,Laptop Bag,4,0.05,6840.0,2225.17
ORD-10091,2024-03-10,Home Office,North,Furniture,Chairs,Ergo Office Chair,1,0.2,5200.0,425.35
ORD-10092,2024-08-11,Home Office,East,Technology,Accessories,Laptop Bag,1,0,1800,580.72
ORD-10093,2023-02-21,Consumer,West,Furniture,Bookcases,Wooden Bookcase,1,0.05,4275.0,623.24
ORD-10094,2024-12-05,Home Office,East,Office Supplies,Binders,Heavy Binder Set,2,0.05,1140.0,255.46
ORD-10095,2024-03-28,Home Office,East,Office Supplies,Storage,Storage Box,4,0.05,3420.0,734.77
ORD-10096,2023-08-31,Consumer,West,Furniture,Chairs,Ergo Office Chair,1,0,6500,1368.45
ORD-10097,2024-02-22,Corporate,South,Office Supplies,Paper,A4 Paper Pack,3,0,1050,367.02
ORD-10098,2023-12-24,Home Office,East,Furniture,Bookcases,Wooden Bookcase,3,0,13500,1787.03
ORD-10099,2024-02-12,Corporate,West,Office Supplies,Storage,Storage Box,2,0,1800,412.76
ORD-10100,2024-02-11,Corporate,North,Furniture,Chairs,Ergo Office Chair,4,0.2,20800.0,1600.51
ORD-10101,2023-03-11,Home Office,East,Furniture,Chairs,Ergo Office Chair,4,0.2,20800.0,820.86
ORD-10102,2023-12-14,Home Office,East,Office Supplies,Storage,Storage Box,3,0.05,2565.0,666.21
ORD-10103,2023-09-22,Consumer,South,Office Supplies,Binders,Heavy Binder Set,3,0,1800,468.2
ORD-10104,2023-08-26,Corporate,East,Office Supplies,Storage,Storage Box,2,0,1800,409.16
ORD-10105,2024-06-18,Consumer,East,Office Supplies,Storage,Storage Box,5,0,4500,1297.98
ORD-10106,2023-06-20,Consumer,East,Technology,Machines,Laser Printer,3,0,27000,3689.32
ORD-10107,2023-02-04,Consumer,West,Technology,Phones,Smartphone X,5,0,90000,14021.41
ORD-10108,2023-03-19,Corporate,East,Technology,Phones,Smartphone X,5,0,90000,12379.66
ORD-10109,2023-05-19,Consumer,West,Technology,Phones,Smartphone X,3,0.05,51300.0,4059.21
ORD-10110,2023-12-26,Home Office,East,Technology,Accessories,Laptop Bag,1,0,1800,525.48
ORD-10111,2023-03-06,Home Office,South,Furniture,Chairs,Ergo Office Chair,1,0.1,5850.0,825.76
ORD-10112,2024-07-26,Home Office,West,Office Supplies,Paper,A4 Paper Pack,4,0.05,1330.0,404.04
ORD-10113,2023-08-18,Consumer,South,Technology,Accessories,Laptop Bag,1,0.1,1620.0,480.83
ORD-10114,2024-04-04,Home Office,North,Furniture,Tables,Standing Desk,1,0,12000,950.27
ORD-10115,2023-04-28,Corporate,North,Office Supplies,Paper,A4 Paper Pack,4,0.2,1120.0,266.01
ORD-10116,2023-06-23,Corporate,South,Furniture,Tables,Standing Desk,4,0,48000,5519.56
ORD-10117,2023-11-11,Corporate,South,Office Supplies,Storage,Storage Box,2,0.2,1440.0,146.76
ORD-10118,2023-02-23,Home Office,East,Technology,Machines,Laser Printer,3,0.1,24300.0,1941.97
ORD-10119,2023-11-21,Corporate,West,Office Supplies,Binders,Heavy Binder Set,3,0.2,1440.0,219.17
ORD-10120,2023-11-20,Home Office,East,Technology,Accessories,Laptop Bag,1,0.05,1710.0,527.98
ORD-10121,2023-01-20,Home Office,East,Furniture,Chairs,Ergo Office Chair,5,0.1,29250.0,4564.84
ORD-10122,2024-02-27,Corporate,South,Technology,Machines,Laser Printer,4,0.1,32400.0,2336.71
ORD-10123,2024-12-29,Corporate,East,Office Supplies,Paper,A4 Paper Pack,4,0,1400,486.64
ORD-10124,2023-08-30,Corporate,East,Technology,Accessories,Wireless Earbuds,2,0,5000,1464.66
ORD-10125,2024-05-02,Corporate,East,Office Supplies,Paper,A4 Paper Pack,5,0,1750,606.18
ORD-10126,2023-08-31,Home Office,West,Office Supplies,Paper,A4 Paper Pack,5,0,1750,634.57
ORD-10127,2023-11-03,Corporate,West,Furniture,Chairs,Ergo Office Chair,5,0,32500,6168.85
ORD-10128,2024-07-14,Corporate,West,Furniture,Chairs,Ergo Office Chair,3,0.1,17550.0,1587.94
ORD-10129,2024-10-12,Home Office,South,Office Supplies,Binders,Heavy Binder Set,1,0,600,190.71
ORD-10130,2024-06-07,Consumer,South,Furniture,Tables,Standing Desk,5,0,60000,6250.81
ORD-10131,2024-12-26,Consumer,West,Technology,Accessories,Wireless Earbuds,4,0,10000,3118.17
ORD-10132,2024-11-16,Corporate,West,Furniture,Tables,Standing Desk,5,0.2,48000.0,-1830.05
ORD-10133,2023-07-03,Home Office,South,Office Supplies,Storage,Storage Box,2,0.05,1710.0,333.88
ORD-10134,2024-10-01,Home Office,East,Furniture,Tables,Standing Desk,4,0,48000,6467.51
ORD-10135,2024-08-29,Home Office,West,Furniture,Tables,Standing Desk,3,0.1,32400.0,1503.16
ORD-10136,2024-10-01,Home Office,West,Office Supplies,Binders,Heavy Binder Set,5,0.05,2850.0,677.19
ORD-10137,2023-12-02,Corporate,South,Furniture,Bookcases,Wooden Bookcase,2,0.2,7200.0,65.55
ORD-10138,2024-09-25,Home Office,West,Office Supplies,Paper,A4 Paper Pack,1,0,350,129.35
ORD-10139,2023-10-16,Home Office,East,Technology,Machines,Laser Printer,4,0,36000,3243.59
ORD-10140,2024-10-04,Consumer,South,Office Supplies,Binders,Heavy Binder Set,1,0.1,540.0,136.53
ORD-10141,2023-11-01,Corporate,East,Technology,Machines,Laser Printer,1,0.05,8550.0,962.06
ORD-10142,2024-04-03,Home Office,West,Office Supplies,Paper,A4 Paper Pack,1,0,350,132.37
ORD-10143,2024-11-30,Consumer,East,Office Supplies,Binders,Heavy Binder Set,5,0,3000,868.19
ORD-10144,2024-12-30,Home Office,North,Technology,Accessories,Wireless Earbuds,4,0,10000,3208.3
ORD-10145,2023-11-24,Consumer,East,Furniture,Tables,Standing Desk,1,0,12000,1031.4
ORD-10146,2023-09-27,Home Office,South,Office Supplies,Paper,A4 Paper Pack,2,0,700,246.75
ORD-10147,2023-05-08,Consumer,West,Technology,Accessories,Wireless Earbuds,5,0.05,11875.0,3319.97
ORD-10148,2024-11-03,Corporate,East,Technology,Machines,Laser Printer,2,0.05,17100.0,1727.65
ORD-10149,2024-05-05,Consumer,West,Office Supplies,Binders,Heavy Binder Set,3,0.2,1440.0,235.77
ORD-10150,2024-11-24,Home Office,East,Technology,Accessories,Laptop Bag,3,0.2,4320.0,1023.68
ORD-10151,2023-12-03,Consumer,South,Furniture,Tables,Standing Desk,2,0.05,22800.0,2240.48
ORD-10152,2023-10-13,Corporate,North,Furniture,Bookcases,Wooden Bookcase,5,0,22500,4261.85
ORD-10153,2024-12-17,Home Office,North,Office Supplies,Paper,A4 Paper Pack,3,0,1050,373.04
ORD-10154,2024-11-01,Corporate,South,Office Supplies,Binders,Heavy Binder Set,3,0,1800,519.42
ORD-10155,2024-04-13,Home Office,South,Technology,Accessories,Laptop Bag,3,0.2,4320.0,952.33
ORD-10156,2024-04-06,Corporate,South,Technology,Phones,Smartphone X,3,0.05,51300.0,3727.93
ORD-10157,2023-03-09,Consumer,South,Furniture,Tables,Standing Desk,3,0.2,28800.0,-770.68
ORD-10158,2024-08-03,Consumer,East,Furniture,Bookcases,Wooden Bookcase,5,0.1,20250.0,2492.35
ORD-10159,2024-11-03,Consumer,West,Office Supplies,Binders,Heavy Binder Set,3,0.2,1440.0,273.07
ORD-10160,2024-12-06,Corporate,East,Technology,Machines,Laser Printer,2,0.2,14400.0,258.3
ORD-10161,2023-03-09,Corporate,East,Office Supplies,Paper,A4 Paper Pack,1,0,350,123.52
ORD-10162,2024-05-10,Corporate,North,Furniture,Tables,Standing Desk,5,0.05,57000.0,5460.22
ORD-10163,2024-05-11,Home Office,East,Office Supplies,Binders,Heavy Binder Set,1,0.1,540.0,135.4
ORD-10164,2024-11-04,Home Office,East,Furniture,Chairs,Ergo Office Chair,1,0.2,5200.0,446.72
ORD-10165,2024-04-22,Corporate,West,Technology,Accessories,Wireless Earbuds,2,0,5000,1678.5
ORD-10166,2023-03-29,Corporate,West,Furniture,Chairs,Ergo Office Chair,5,0,32500,5560.48
ORD-10167,2024-03-07,Corporate,West,Technology,Machines,Laser Printer,4,0.2,28800.0,-923.85
ORD-10168,2024-11-20,Corporate,West,Furniture,Tables,Standing Desk,1,0.2,9600.0,-291.43
ORD-10169,2024-11-28,Home Office,East,Furniture,Bookcases,Wooden Bookcase,1,0.2,3600.0,69.79
ORD-10170,2023-02-15,Corporate,North,Furniture,Tables,Standing Desk,2,0,24000,3262.1
ORD-10171,2024-05-02,Consumer,South,Technology,Accessories,Laptop Bag,1,0,1800,617.3
ORD-10172,2024-08-04,Consumer,South,Furniture,Chairs,Ergo Office Chair,1,0.1,5850.0,564.95
ORD-10173,2023-09-04,Consumer,South,Technology,Machines,Laser Printer,5,0,45000,4598.19
ORD-10174,2024-01-31,Consumer,North,Technology,Machines,Laser Printer,1,0.2,7200.0,211.07
ORD-10175,2023-09-27,Corporate,North,Furniture,Chairs,Ergo Office Chair,5,0,32500,4591.03
ORD-10176,2023-04-06,Corporate,West,Office Supplies,Paper,A4 Paper Pack,5,0,1750,646.89
ORD-10177,2024-07-28,Consumer,North,Office Supplies,Storage,Storage Box,5,0,4500,1107.72
ORD-10178,2024-06-20,Consumer,North,Office Supplies,Storage,Storage Box,3,0.05,2565.0,593.71
ORD-10179,2024-12-31,Home Office,West,Office Supplies,Paper,A4 Paper Pack,4,0.2,1120.0,222.47
ORD-10180,2023-02-25,Consumer,East,Technology,Accessories,Wireless Earbuds,3,0.1,6750.0,1430.1
ORD-10181,2024-04-03,Home Office,East,Technology,Accessories,Laptop Bag,5,0.2,7200.0,1339.31
ORD-10182,2023-12-01,Consumer,South,Technology,Accessories,Laptop Bag,4,0,7200,2472.82
ORD-10183,2023-11-15,Corporate,West,Furniture,Chairs,Ergo Office Chair,4,0,26000,5361.03
ORD-10184,2024-06-22,Corporate,South,Furniture,Bookcases,Wooden Bookcase,4,0,18000,2937.76
ORD-10185,2024-05-20,Consumer,West,Office Supplies,Binders,Heavy Binder Set,1,0,600,183.93
ORD-10186,2023-03-14,Home Office,East,Furniture,Bookcases,Wooden Bookcase,2,0.1,8100.0,443.87
ORD-10187,2024-05-08,Corporate,North,Office Supplies,Paper,A4 Paper Pack,3,0.2,840.0,222.84
ORD-10188,2024-12-10,Home Office,South,Technology,Accessories,Laptop Bag,3,0,5400,1556.76
ORD-10189,2023-04-27,Home Office,East,Office Supplies,Binders,Heavy Binder Set,2,0,1200,321.61
ORD-10190,2023-03-28,Home Office,North,Furniture,Tables,Standing Desk,5,0,60000,7474.66
ORD-10191,2024-03-23,Corporate,East,Furniture,Tables,Standing Desk,1,0,12000,982.34
ORD-10192,2023-09-21,Consumer,South,Technology,Machines,Laser Printer,2,0.1,16200.0,1175.92
ORD-10193,2024-06-30,Corporate,West,Technology,Phones,Smartphone X,1,0.2,14400.0,323.12
ORD-10194,2023-12-01,Home Office,North,Technology,Machines,Laser Printer,3,0,27000,3718.65
ORD-10195,2024-10-14,Consumer,East,Technology,Machines,Laser Printer,2,0.1,16200.0,388.49
ORD-10196,2023-11-23,Corporate,South,Office Supplies,Paper,A4 Paper Pack,4,0.1,1260.0,359.56
ORD-10197,2024-07-11,Home Office,West,Technology,Accessories,Wireless Earbuds,3,0.05,7125.0,1701.96
ORD-10198,2024-01-21,Home Office,North,Furniture,Tables,Standing Desk,1,0,12000,1099.45
ORD-10199,2023-01-06,Corporate,East,Furniture,Tables,Standing Desk,2,0,24000,2907.19
ORD-10200,2023-04-01,Home Office,South,Office Supplies,Binders,Heavy Binder Set,4,0,2400,600.8
ORD-10201,2024-01-01,Consumer,West,Furniture,Bookcases,Wooden Bookcase,1,0.05,4275.0,636.72
ORD-10202,2023-01-15,Corporate,West,Technology,Accessories,Wireless Earbuds,3,0.1,6750.0,1581.81
ORD-10203,2023-08-06,Home Office,West,Office Supplies,Paper,A4 Paper Pack,1,0,350,113.31
ORD-10204,2024-09-06,Consumer,West,Furniture,Bookcases,Wooden Bookcase,1,0.05,4275.0,630.81
ORD-10205,2024-03-08,Home Office,East,Office Supplies,Storage,Storage Box,1,0.05,855.0,213.44
ORD-10206,2023-06-16,Home Office,South,Technology,Machines,Laser Printer,1,0.1,8100.0,572.33
ORD-10207,2024-10-29,Home Office,South,Furniture,Bookcases,Wooden Bookcase,3,0.2,10800.0,719.9
ORD-10208,2023-06-27,Consumer,North,Technology,Machines,Laser Printer,3,0,27000,2534.76
ORD-10209,2023-05-14,Corporate,East,Office Supplies,Binders,Heavy Binder Set,4,0.1,2160.0,520.11
ORD-10210,2024-10-01,Corporate,East,Furniture,Bookcases,Wooden Bookcase,2,0.05,8550.0,730.71
ORD-10211,2024-08-11,Corporate,West,Technology,Accessories,Laptop Bag,1,0,1800,577.06
ORD-10212,2023-11-29,Consumer,West,Technology,Phones,Smartphone X,3,0,54000,5731.48
ORD-10213,2023-12-07,Home Office,South,Office Supplies,Storage,Storage Box,1,0.05,855.0,216.08
ORD-10214,2023-08-30,Corporate,North,Office Supplies,Binders,Heavy Binder Set,5,0,3000,949.85
ORD-10215,2024-08-22,Consumer,South,Furniture,Bookcases,Wooden Bookcase,1,0.1,4050.0,411.85
ORD-10216,2024-06-05,Corporate,East,Office Supplies,Binders,Heavy Binder Set,5,0.1,2700.0,617.72
ORD-10217,2024-11-06,Consumer,East,Office Supplies,Paper,A4 Paper Pack,4,0,1400,510.04
ORD-10218,2023-02-19,Corporate,South,Technology,Accessories,Wireless Earbuds,5,0.2,10000.0,1709.25
ORD-10219,2023-09-08,Home Office,West,Technology,Accessories,Laptop Bag,2,0,3600,1097.35
ORD-10220,2023-04-07,Corporate,South,Technology,Accessories,Wireless Earbuds,3,0.1,6750.0,1553.41
ORD-10221,2024-05-08,Home Office,East,Office Supplies,Storage,Storage Box,1,0.2,720.0,103.42
ORD-10222,2023-01-14,Corporate,South,Furniture,Tables,Standing Desk,2,0,24000,2096.13
ORD-10223,2023-06-20,Consumer,North,Technology,Machines,Laser Printer,2,0,18000,1865.94
ORD-10224,2024-05-02,Consumer,South,Technology,Accessories,Laptop Bag,2,0.1,3240.0,810.45
ORD-10225,2024-09-06,Corporate,East,Technology,Accessories,Laptop Bag,2,0.2,2880.0,561.64
ORD-10226,2024-05-13,Home Office,West,Furniture,Chairs,Ergo Office Chair,4,0.1,23400.0,2405.39
ORD-10227,2023-06-25,Consumer,East,Furniture,Chairs,Ergo Office Chair,3,0.05,18525.0,3377.44
ORD-10228,2024-05-14,Corporate,West,Technology,Accessories,Laptop Bag,4,0.05,6840.0,2131.04
ORD-10229,2024-12-09,Consumer,West,Furniture,Chairs,Ergo Office Chair,5,0,32500,6819.8
ORD-10230,2024-10-07,Consumer,East,Office Supplies,Storage,Storage Box,1,0.2,720.0,113.52
ORD-10231,2023-03-05,Consumer,West,Technology,Machines,Laser Printer,3,0.05,25650.0,3140.19
ORD-10232,2023-03-10,Corporate,North,Furniture,Chairs,Ergo Office Chair,4,0,26000,5575.38
ORD-10233,2023-10-23,Corporate,South,Furniture,Bookcases,Wooden Bookcase,2,0.05,8550.0,1364.26
ORD-10234,2023-01-22,Corporate,West,Technology,Accessories,Wireless Earbuds,3,0,7500,2032.56
ORD-10235,2024-05-27,Consumer,North,Technology,Machines,Laser Printer,4,0.05,34200.0,3393.59
ORD-10236,2023-07-12,Corporate,North,Technology,Machines,Laser Printer,5,0.2,36000.0,313.57
ORD-10237,2024-07-27,Corporate,West,Furniture,Chairs,Ergo Office Chair,3,0,19500,2804.49
ORD-10238,2023-02-17,Home Office,South,Office Supplies,Binders,Heavy Binder Set,5,0.1,2700.0,489.55
ORD-10239,2024-06-13,Consumer,West,Furniture,Tables,Standing Desk,4,0,48000,5240.87
ORD-10240,2023-05-21,Home Office,North,Technology,Accessories,Wireless Earbuds,5,0,12500,3317.68
ORD-10241,2023-10-19,Corporate,East,Office Supplies,Binders,Heavy Binder Set,1,0.2,480.0,72.46
ORD-10242,2024-07-05,Home Office,North,Furniture,Bookcases,Wooden Bookcase,1,0,4500,581.81
ORD-10243,2024-07-23,Corporate,South,Furniture,Bookcases,Wooden Bookcase,2,0,9000,1243.66
ORD-10244,2024-09-05,Consumer,North,Office Supplies,Binders,Heavy Binder Set,4,0.2,1920.0,258.4
ORD-10245,2024-06-11,Consumer,North,Office Supplies,Binders,Heavy Binder Set,1,0,600,153.68
ORD-10246,2023-08-26,Home Office,West,Furniture,Tables,Standing Desk,5,0.05,57000.0,6220.4
ORD-10247,2023-07-10,Consumer,East,Furniture,Chairs,Ergo Office Chair,3,0,19500,4074.94
ORD-10248,2023-07-25,Corporate,East,Furniture,Bookcases,Wooden Bookcase,4,0.05,17100.0,2384.84
ORD-10249,2024-12-14,Home Office,East,Office Supplies,Binders,Heavy Binder Set,4,0,2400,753.47
ORD-10250,2024-08-14,Consumer,East,Office Supplies,Paper,A4 Paper Pack,1,0.05,332.5,109.13
ORD-10251,2023-08-30,Corporate,West,Technology,Accessories,Wireless Earbuds,3,0.2,6000.0,981.91
ORD-10252,2023-05-06,Corporate,West,Office Supplies,Binders,Heavy Binder Set,3,0.05,1710.0,364.89
ORD-10253,2023-07-26,Corporate,South,Technology,Phones,Smartphone X,1,0.2,14400.0,446.41
ORD-10254,2024-11-30,Consumer,South,Technology,Machines,Laser Printer,5,0.2,36000.0,810.18
ORD-10255,2023-02-20,Consumer,South,Furniture,Bookcases,Wooden Bookcase,3,0.05,12825.0,2000.15
ORD-10256,2024-05-15,Home Office,South,Furniture,Bookcases,Wooden Bookcase,3,0.05,12825.0,1808.92
ORD-10257,2024-01-23,Consumer,North,Office Supplies,Paper,A4 Paper Pack,3,0.2,840.0,178.33
ORD-10258,2024-06-26,Consumer,East,Office Supplies,Binders,Heavy Binder Set,5,0.05,2850.0,806.79
ORD-10259,2024-07-26,Corporate,South,Office Supplies,Binders,Heavy Binder Set,2,0.1,1080.0,219.07
ORD-10260,2023-04-03,Corporate,North,Technology,Accessories,Wireless Earbuds,4,0,10000,3318.94
ORD-10261,2024-08-21,Home Office,East,Furniture,Bookcases,Wooden Bookcase,3,0.2,10800.0,-51.89
ORD-10262,2024-10-19,Consumer,South,Technology,Machines,Laser Printer,2,0,18000,2172.61
ORD-10263,2024-08-07,Home Office,East,Furniture,Chairs,Ergo Office Chair,4,0,26000,4390.66
ORD-10264,2023-12-10,Consumer,East,Office Supplies,Storage,Storage Box,2,0.1,1620.0,357.6
ORD-10265,2023-10-24,Home Office,North,Office Supplies,Binders,Heavy Binder Set,5,0.05,2850.0,773.87
ORD-10266,2023-04-05,Home Office,East,Furniture,Bookcases,Wooden Bookcase,1,0.05,4275.0,501.31
ORD-10267,2023-04-07,Consumer,West,Office Supplies,Storage,Storage Box,5,0,4500,1221.4
ORD-10268,2024-01-03,Consumer,South,Technology,Phones,Smartphone X,1,0.1,16200.0,846.31
ORD-10269,2023-08-31,Consumer,East,Furniture,Chairs,Ergo Office Chair,3,0.1,17550.0,2660.48
ORD-10270,2023-05-28,Home Office,North,Office Supplies,Storage,Storage Box,3,0,2700,702.0
ORD-10271,2024-01-03,Home Office,East,Technology,Machines,Laser Printer,5,0.1,40500.0,1309.59
ORD-10272,2024-09-14,Home Office,East,Technology,Accessories,Laptop Bag,1,0,1800,515.7
ORD-10273,2024-04-24,Corporate,East,Technology,Accessories,Laptop Bag,4,0.1,6480.0,1756.85
ORD-10274,2024-04-17,Home Office,West,Furniture,Tables,Standing Desk,4,0,48000,5970.0
ORD-10275,2023-08-12,Corporate,West,Technology,Accessories,Wireless Earbuds,1,0,2500,737.92
ORD-10276,2023-06-03,Corporate,East,Technology,Accessories,Laptop Bag,2,0,3600,1256.11
ORD-10277,2024-12-15,Corporate,South,Technology,Machines,Laser Printer,3,0.1,24300.0,1577.85
ORD-10278,2023-12-09,Consumer,East,Furniture,Tables,Standing Desk,4,0,48000,3420.97
ORD-10279,2024-11-25,Consumer,East,Technology,Accessories,Laptop Bag,4,0,7200,2570.51
ORD-10280,2024-11-17,Home Office,West,Furniture,Bookcases,Wooden Bookcase,2,0,9000,1348.75
ORD-10281,2023-12-31,Corporate,West,Furniture,Tables,Standing Desk,4,0,48000,3225.79
ORD-10282,2024-12-09,Corporate,West,Furniture,Chairs,Ergo Office Chair,5,0,32500,4676.51
ORD-10283,2024-03-14,Consumer,West,Office Supplies,Binders,Heavy Binder Set,3,0.1,1620.0,292.66
ORD-10284,2023-04-11,Corporate,North,Furniture,Tables,Standing Desk,3,0.05,34200.0,2027.2
ORD-10285,2024-02-23,Corporate,West,Furniture,Chairs,Ergo Office Chair,3,0.1,17550.0,1809.2
ORD-10286,2024-07-18,Consumer,North,Furniture,Tables,Standing Desk,5,0.2,48000.0,-533.59
ORD-10287,2023-10-21,Consumer,West,Furniture,Bookcases,Wooden Bookcase,5,0,22500,3833.94
ORD-10288,2024-01-01,Corporate,West,Technology,Phones,Smartphone X,1,0,18000,2827.57
ORD-10289,2023-04-22,Corporate,South,Office Supplies,Storage,Storage Box,2,0,1800,512.12
ORD-10290,2023-10-21,Home Office,West,Technology,Accessories,Laptop Bag,3,0.1,4860.0,1199.98
ORD-10291,2024-06-06,Home Office,North,Furniture,Tables,Standing Desk,4,0,48000,4294.49
ORD-10292,2024-12-18,Home Office,North,Technology,Accessories,Laptop Bag,3,0.2,4320.0,992.6
ORD-10293,2024-03-14,Consumer,West,Furniture,Tables,Standing Desk,5,0.1,54000.0,982.99
ORD-10294,2023-05-09,Consumer,North,Technology,Accessories,Laptop Bag,4,0,7200,2489.28
ORD-10295,2024-02-25,Corporate,South,Technology,Accessories,Wireless Earbuds,2,0,5000,1476.42
ORD-10296,2023-11-03,Corporate,North,Furniture,Chairs,Ergo Office Chair,4,0.1,23400.0,3322.75
ORD-10297,2024-06-04,Home Office,West,Office Supplies,Storage,Storage Box,2,0.1,1620.0,285.13
ORD-10298,2024-01-20,Corporate,East,Furniture,Bookcases,Wooden Bookcase,2,0.05,8550.0,1307.89
ORD-10299,2024-05-12,Consumer,East,Furniture,Tables,Standing Desk,5,0.05,57000.0,2586.72
ORD-10300,2024-02-14,Home Office,West,Furniture,Chairs,Ergo Office Chair,3,0,19500,3829.65
ORD-10301,2023-08-27,Consumer,West,Furniture,Bookcases,Wooden Bookcase,5,0.2,18000.0,213.78
ORD-10302,2024-10-22,Corporate,North,Office Supplies,Paper,A4 Paper Pack,3,0,1050,349.9
ORD-10303,2023-09-18,Consumer,East,Office Supplies,Binders,Heavy Binder Set,3,0.2,1440.0,227.99
ORD-10304,2024-11-16,Home Office,South,Furniture,Tables,Standing Desk,2,0,24000,2622.1
ORD-10305,2023-07-02,Consumer,West,Office Supplies,Storage,Storage Box,2,0.2,1440.0,156.42
ORD-10306,2023-09-06,Consumer,South,Office Supplies,Binders,Heavy Binder Set,1,0.2,480.0,87.2
ORD-10307,2023-10-30,Corporate,East,Office Supplies,Binders,Heavy Binder Set,4,0.2,1920.0,261.04
ORD-10308,2023-08-03,Home Office,North,Technology,Phones,Smartphone X,1,0.2,14400.0,373.4
ORD-10309,2024-11-03,Consumer,West,Technology,Machines,Laser Printer,4,0,36000,5569.7
ORD-10310,2024-08-04,Home Office,North,Technology,Machines,Laser Printer,3,0,27000,2180.02
ORD-10311,2024-11-13,Home Office,West,Furniture,Bookcases,Wooden Bookcase,3,0.05,12825.0,2040.82
ORD-10312,2024-10-18,Consumer,East,Technology,Machines,Laser Printer,5,0.05,42750.0,3070.6
ORD-10313,2023-05-03,Home Office,East,Office Supplies,Binders,Heavy Binder Set,3,0.2,1440.0,194.25
ORD-10314,2024-08-06,Home Office,West,Technology,Accessories,Laptop Bag,2,0,3600,1183.95
ORD-10315,2024-09-03,Consumer,South,Office Supplies,Storage,Storage Box,3,0,2700,653.58
ORD-10316,2024-12-19,Corporate,South,Office Supplies,Binders,Heavy Binder Set,3,0,1800,432.98
ORD-10317,2023-11-26,Home Office,North,Furniture,Tables,Standing Desk,3,0,36000,3837.49
ORD-10318,2023-07-16,Corporate,East,Furniture,Bookcases,Wooden Bookcase,2,0,9000,1470.81
ORD-10319,2023-05-01,Corporate,East,Office Supplies,Storage,Storage Box,3,0.2,2160.0,214.69
ORD-10320,2024-03-27,Home Office,East,Furniture,Chairs,Ergo Office Chair,2,0.05,12350.0,1509.85
ORD-10321,2023-11-05,Consumer,South,Office Supplies,Storage,Storage Box,4,0.1,3240.0,693.88
ORD-10322,2024-05-16,Home Office,East,Technology,Accessories,Laptop Bag,1,0.1,1620.0,414.3
ORD-10323,2023-02-28,Home Office,South,Technology,Accessories,Laptop Bag,1,0,1800,623.34
ORD-10324,2024-02-25,Corporate,North,Technology,Machines,Laser Printer,2,0,18000,2670.46
ORD-10325,2024-05-15,Corporate,North,Technology,Accessories,Laptop Bag,4,0,7200,2533.76
ORD-10326,2023-11-30,Home Office,West,Office Supplies,Storage,Storage Box,4,0.05,3420.0,769.89
ORD-10327,2024-05-10,Consumer,South,Furniture,Tables,Standing Desk,1,0.05,11400.0,574.06
ORD-10328,2024-02-29,Home Office,North,Technology,Phones,Smartphone X,4,0,72000,11234.22
ORD-10329,2024-11-17,Consumer,South,Technology,Accessories,Wireless Earbuds,4,0,10000,2829.67
ORD-10330,2024-07-19,Corporate,West,Office Supplies,Paper,A4 Paper Pack,3,0.05,997.5,315.09
ORD-10331,2023-03-02,Consumer,South,Office Supplies,Storage,Storage Box,2,0.2,1440.0,228.71
ORD-10332,2024-12-27,Consumer,North,Office Supplies,Paper,A4 Paper Pack,5,0,1750,644.4
ORD-10333,2024-07-12,Corporate,West,Furniture,Tables,Standing Desk,4,0.2,38400.0,-94.94
ORD-10334,2024-08-31,Consumer,North,Furniture,Chairs,Ergo Office Chair,4,0,26000,3962.65
ORD-10335,2023-01-25,Consumer,North,Office Supplies,Paper,A4 Paper Pack,5,0,1750,576.19
ORD-10336,2024-03-12,Consumer,South,Office Supplies,Binders,Heavy Binder Set,5,0.2,2400.0,423.03
ORD-10337,2024-06-30,Consumer,South,Office Supplies,Paper,A4 Paper Pack,4,0,1400,494.45
ORD-10338,2024-01-04,Home Office,East,Furniture,Tables,Standing Desk,2,0.2,19200.0,-267.09
ORD-10339,2023-06-28,Corporate,North,Technology,Machines,Laser Printer,5,0,45000,5088.82
ORD-10340,2024-02-13,Home Office,West,Technology,Accessories,Laptop Bag,2,0.2,2880.0,617.18
ORD-10341,2023-02-05,Corporate,West,Furniture,Bookcases,Wooden Bookcase,4,0.1,16200.0,1223.08
ORD-10342,2023-04-23,Consumer,East,Office Supplies,Paper,A4 Paper Pack,2,0.1,630.0,181.37
ORD-10343,2024-09-26,Corporate,South,Technology,Machines,Laser Printer,4,0,36000,4499.67
ORD-10344,2023-10-17,Corporate,East,Furniture,Tables,Standing Desk,2,0,24000,2681.68
ORD-10345,2023-03-11,Home Office,North,Furniture,Chairs,Ergo Office Chair,1,0,6500,1106.13
ORD-10346,2024-10-07,Consumer,West,Furniture,Chairs,Ergo Office Chair,5,0.2,26000.0,1916.62
ORD-10347,2023-06-06,Consumer,North,Furniture,Bookcases,Wooden Bookcase,3,0,13500,1713.75
ORD-10348,2024-07-05,Consumer,West,Office Supplies,Binders,Heavy Binder Set,2,0.2,960.0,161.62
ORD-10349,2024-11-04,Home Office,East,Office Supplies,Storage,Storage Box,3,0,2700,649.22
ORD-10350,2023-08-20,Home Office,West,Furniture,Bookcases,Wooden Bookcase,5,0.05,21375.0,2506.87
ORD-10351,2024-07-16,Consumer,South,Furniture,Bookcases,Wooden Bookcase,2,0,9000,1215.3
ORD-10352,2024-06-30,Home Office,West,Technology,Phones,Smartphone X,3,0.1,48600.0,5578.34
ORD-10353,2023-08-10,Consumer,West,Furniture,Chairs,Ergo Office Chair,3,0,19500,3322.55
ORD-10354,2024-02-08,Home Office,West,Furniture,Bookcases,Wooden Bookcase,3,0.05,12825.0,2017.64
ORD-10355,2023-12-05,Corporate,South,Furniture,Bookcases,Wooden Bookcase,2,0,9000,1508.63
ORD-10356,2024-11-05,Consumer,North,Office Supplies,Storage,Storage Box,1,0.1,810.0,123.69
ORD-10357,2024-07-18,Home Office,South,Office Supplies,Paper,A4 Paper Pack,2,0.2,560.0,116.77
ORD-10358,2023-01-07,Home Office,West,Office Supplies,Storage,Storage Box,4,0,3600,773.41
ORD-10359,2024-04-30,Consumer,North,Technology,Phones,Smartphone X,1,0.1,16200.0,1362.93
ORD-10360,2024-01-23,Home Office,West,Furniture,Tables,Standing Desk,5,0,60000,3682.28
ORD-10361,2024-08-18,Consumer,South,Technology,Machines,Laser Printer,1,0,9000,1097.56
ORD-10362,2024-03-31,Consumer,East,Furniture,Tables,Standing Desk,3,0,36000,4449.42
ORD-10363,2024-12-04,Consumer,East,Office Supplies,Binders,Heavy Binder Set,5,0,3000,957.66
ORD-10364,2024-05-18,Corporate,West,Technology,Accessories,Wireless Earbuds,1,0,2500,731.06
ORD-10365,2023-02-12,Corporate,East,Technology,Phones,Smartphone X,2,0,36000,5039.59
ORD-10366,2024-02-19,Home Office,West,Technology,Accessories,Wireless Earbuds,5,0,12500,3479.77
ORD-10367,2023-07-23,Consumer,South,Technology,Accessories,Wireless Earbuds,3,0.1,6750.0,1654.3
ORD-10368,2024-11-13,Home Office,West,Furniture,Bookcases,Wooden Bookcase,1,0,4500,706.33
ORD-10369,2024-11-13,Corporate,East,Furniture,Tables,Standing Desk,2,0.1,21600.0,415.54
ORD-10370,2023-10-14,Corporate,North,Technology,Machines,Laser Printer,1,0.1,8100.0,645.06
ORD-10371,2023-03-15,Home Office,West,Furniture,Chairs,Ergo Office Chair,1,0,6500,1224.69
ORD-10372,2024-12-10,Corporate,West,Furniture,Bookcases,Wooden Bookcase,1,0.2,3600.0,42.72
ORD-10373,2023-06-21,Home Office,West,Office Supplies,Storage,Storage Box,4,0.05,3420.0,666.42
ORD-10374,2023-03-06,Consumer,East,Technology,Accessories,Laptop Bag,3,0,5400,1820.06
ORD-10375,2023-04-26,Consumer,North,Technology,Machines,Laser Printer,4,0,36000,3918.82
ORD-10376,2024-11-23,Consumer,South,Office Supplies,Binders,Heavy Binder Set,3,0,1800,446.72
ORD-10377,2023-11-15,Consumer,North,Office Supplies,Storage,Storage Box,5,0.1,4050.0,739.71
ORD-10378,2023-09-23,Corporate,North,Technology,Accessories,Wireless Earbuds,5,0.1,11250.0,2955.99
ORD-10379,2023-08-08,Consumer,South,Office Supplies,Paper,A4 Paper Pack,1,0.2,280.0,73.39
ORD-10380,2024-05-19,Corporate,South,Technology,Machines,Laser Printer,2,0,18000,1873.63
ORD-10381,2023-02-17,Consumer,East,Office Supplies,Paper,A4 Paper Pack,3,0.05,997.5,303.22
ORD-10382,2023-07-09,Corporate,North,Furniture,Chairs,Ergo Office Chair,4,0.1,23400.0,3026.4
ORD-10383,2023-04-12,Corporate,East,Technology,Phones,Smartphone X,4,0,72000,12047.69
ORD-10384,2023-11-22,Home Office,South,Office Supplies,Paper,A4 Paper Pack,5,0,1750,584.56
ORD-10385,2023-12-18,Home Office,West,Technology,Machines,Laser Printer,4,0,36000,3719.37
ORD-10386,2024-12-10,Corporate,East,Furniture,Chairs,Ergo Office Chair,3,0.05,18525.0,2453.15
ORD-10387,2023-03-27,Consumer,North,Technology,Accessories,Laptop Bag,2,0.1,3240.0,971.29
ORD-10388,2024-11-30,Home Office,North,Office Supplies,Binders,Heavy Binder Set,2,0.05,1140.0,312.15
ORD-10389,2024-08-28,Consumer,East,Office Supplies,Paper,A4 Paper Pack,4,0,1400,504.93
ORD-10390,2024-04-29,Home Office,West,Office Supplies,Paper,A4 Paper Pack,4,0,1400,484.3
ORD-10391,2024-03-03,Consumer,East,Office Supplies,Storage,Storage Box,5,0.2,3600.0,444.47
ORD-10392,2024-06-01,Consumer,South,Office Supplies,Storage,Storage Box,5,0.2,3600.0,587.35
ORD-10393,2024-04-28,Home Office,West,Furniture,Bookcases,Wooden Bookcase,2,0.2,7200.0,280.9
ORD-10394,2024-12-09,Corporate,South,Furniture,Bookcases,Wooden Bookcase,4,0,18000,1995.19
ORD-10395,2024-01-09,Consumer,West,Office Supplies,Storage,Storage Box,5,0.1,4050.0,830.3
ORD-10396,2023-10-08,Corporate,North,Office Supplies,Binders,Heavy Binder Set,5,0.2,2400.0,384.09
ORD-10397,2023-12-20,Home Office,South,Furniture,Tables,Standing Desk,4,0,48000,3325.71
ORD-10398,2023-09-19,Corporate,West,Furniture,Bookcases,Wooden Bookcase,4,0,18000,2730.41
ORD-10399,2023-03-15,Home Office,North,Office Supplies,Binders,Heavy Binder Set,3,0,1800,475.24
ORD-10400,2023-01-17,Home Office,South,Furniture,Bookcases,Wooden Bookcase,1,0.2,3600.0,194.41
ORD-10401,2024-01-13,Corporate,South,Office Supplies,Storage,Storage Box,2,0,1800,458.62
ORD-10402,2024-08-12,Corporate,North,Technology,Machines,Laser Printer,2,0.2,14400.0,181.22
ORD-10403,2024-06-27,Consumer,South,Furniture,Chairs,Ergo Office Chair,4,0.1,23400.0,2676.12
ORD-10404,2023-06-04,Home Office,South,Technology,Accessories,Wireless Earbuds,5,0,12500,4049.5
ORD-10405,2023-10-02,Corporate,East,Furniture,Chairs,Ergo Office Chair,4,0,26000,4185.7
ORD-10406,2024-03-14,Corporate,West,Technology,Accessories,Laptop Bag,4,0.1,6480.0,1484.82
ORD-10407,2024-03-29,Consumer,East,Furniture,Tables,Standing Desk,5,0.1,54000.0,366.13
ORD-10408,2023-03-30,Consumer,West,Furniture,Tables,Standing Desk,1,0,12000,1078.37
ORD-10409,2023-11-07,Corporate,South,Technology,Machines,Laser Printer,5,0.05,42750.0,3584.29
ORD-10410,2024-02-11,Corporate,North,Office Supplies,Binders,Heavy Binder Set,3,0,1800,458.94
ORD-10411,2024-10-02,Corporate,West,Technology,Phones,Smartphone X,4,0,72000,8323.94
ORD-10412,2023-10-31,Corporate,South,Office Supplies,Binders,Heavy Binder Set,4,0.2,1920.0,359.41
ORD-10413,2023-03-04,Consumer,East,Technology,Phones,Smartphone X,2,0,36000,3694.16
ORD-10414,2023-05-07,Corporate,North,Office Supplies,Binders,Heavy Binder Set,5,0.2,2400.0,436.33
ORD-10415,2024-02-25,Consumer,West,Furniture,Tables,Standing Desk,5,0,60000,6201.81
ORD-10416,2024-02-05,Consumer,East,Office Supplies,Paper,A4 Paper Pack,1,0.2,280.0,71.79
ORD-10417,2024-10-08,Consumer,West,Technology,Phones,Smartphone X,4,0,72000,9207.8
ORD-10418,2024-10-01,Home Office,East,Technology,Accessories,Wireless Earbuds,2,0,5000,1624.28
ORD-10419,2024-09-28,Consumer,South,Technology,Accessories,Laptop Bag,4,0,7200,2370.9
ORD-10420,2024-08-18,Home Office,South,Technology,Accessories,Laptop Bag,3,0.1,4860.0,1178.49
ORD-10421,2023-09-01,Home Office,North,Furniture,Tables,Standing Desk,3,0.1,32400.0,692.95
ORD-10422,2023-04-12,Consumer,South,Office Supplies,Paper,A4 Paper Pack,1,0,350,132.78
ORD-10423,2023-07-07,Consumer,East,Furniture,Bookcases,Wooden Bookcase,2,0.2,7200.0,154.2
ORD-10424,2024-04-06,Consumer,West,Office Supplies,Paper,A4 Paper Pack,4,0,1400,504.97
ORD-10425,2024-01-13,Corporate,North,Furniture,Tables,Standing Desk,3,0.05,34200.0,3625.9
ORD-10426,2024-10-04,Corporate,North,Technology,Accessories,Wireless Earbuds,4,0.2,8000.0,1545.05
ORD-10427,2024-08-10,Corporate,East,Office Supplies,Paper,A4 Paper Pack,2,0.05,665.0,230.08
ORD-10428,2023-08-31,Home Office,West,Furniture,Tables,Standing Desk,3,0.1,32400.0,1498.0
ORD-10429,2024-08-05,Corporate,North,Technology,Phones,Smartphone X,1,0,18000,2701.7
ORD-10430,2023-04-04,Corporate,South,Technology,Machines,Laser Printer,4,0.05,34200.0,1711.85
ORD-10431,2024-12-29,Corporate,North,Technology,Machines,Laser Printer,3,0,27000,4048.75
ORD-10432,2024-04-26,Home Office,South,Furniture,Tables,Standing Desk,1,0,12000,1357.93
ORD-10433,2023-02-08,Home Office,North,Furniture,Tables,Standing Desk,2,0.05,22800.0,1879.61
ORD-10434,2023-01-01,Home Office,West,Office Supplies,Binders,Heavy Binder Set,1,0,600,172.5
ORD-10435,2023-01-07,Corporate,North,Furniture,Bookcases,Wooden Bookcase,1,0.05,4275.0,579.36
ORD-10436,2023-06-22,Corporate,South,Technology,Accessories,Wireless Earbuds,1,0,2500,712.67
ORD-10437,2023-10-14,Consumer,South,Technology,Machines,Laser Printer,2,0,18000,2203.93
ORD-10438,2023-11-21,Corporate,South,Furniture,Chairs,Ergo Office Chair,2,0.05,12350.0,1967.18
ORD-10439,2023-03-07,Corporate,East,Technology,Accessories,Wireless Earbuds,2,0,5000,1535.83
ORD-10440,2024-12-07,Consumer,South,Furniture,Bookcases,Wooden Bookcase,2,0,9000,1189.42
ORD-10441,2024-02-10,Home Office,North,Technology,Accessories,Laptop Bag,5,0,9000,3080.86
ORD-10442,2024-09-18,Consumer,West,Furniture,Tables,Standing Desk,2,0.1,21600.0,1048.77
ORD-10443,2023-08-11,Consumer,West,Technology,Phones,Smartphone X,2,0.05,34200.0,3449.78
ORD-10444,2024-04-14,Corporate,South,Technology,Accessories,Wireless Earbuds,5,0,12500,4236.88
ORD-10445,2023-10-16,Consumer,West,Technology,Accessories,Laptop Bag,4,0,7200,2330.7
ORD-10446,2024-12-01,Corporate,South,Technology,Accessories,Wireless Earbuds,1,0.1,2250.0,462.16
ORD-10447,2023-01-30,Home Office,West,Technology,Phones,Smartphone X,4,0.1,64800.0,4077.15
ORD-10448,2023-11-10,Home Office,South,Office Supplies,Paper,A4 Paper Pack,1,0.2,280.0,65.22
ORD-10449,2023-07-28,Consumer,East,Furniture,Tables,Standing Desk,1,0.1,10800.0,795.68
ORD-10450,2023-10-19,Consumer,North,Technology,Accessories,Wireless Earbuds,3,0.2,6000.0,1049.99
ORD-10451,2023-07-03,Consumer,East,Office Supplies,Paper,A4 Paper Pack,1,0.05,332.5,109.39
ORD-10452,2024-05-05,Home Office,North,Technology,Machines,Laser Printer,1,0,9000,1229.69
ORD-10453,2023-05-04,Home Office,East,Furniture,Bookcases,Wooden Bookcase,5,0.1,20250.0,2280.94
ORD-10454,2023-05-06,Consumer,East,Technology,Machines,Laser Printer,3,0.2,21600.0,667.72
ORD-10455,2024-08-19,Home Office,North,Furniture,Tables,Standing Desk,5,0,60000,4862.16
ORD-10456,2023-12-29,Home Office,South,Office Supplies,Storage,Storage Box,3,0,2700,674.92
ORD-10457,2023-10-03,Consumer,South,Furniture,Tables,Standing Desk,1,0.1,10800.0,582.44
ORD-10458,2024-06-30,Corporate,East,Technology,Phones,Smartphone X,1,0,18000,2152.15
ORD-10459,2023-10-14,Home Office,West,Technology,Machines,Laser Printer,2,0,18000,2236.13
ORD-10460,2023-06-18,Consumer,East,Furniture,Chairs,Ergo Office Chair,4,0.2,20800.0,948.37
ORD-10461,2023-03-31,Consumer,West,Technology,Phones,Smartphone X,2,0,36000,5916.49
ORD-10462,2023-02-21,Home Office,West,Office Supplies,Binders,Heavy Binder Set,3,0,1800,479.13
ORD-10463,2023-01-06,Home Office,South,Furniture,Chairs,Ergo Office Chair,3,0.1,17550.0,2505.45
ORD-10464,2023-12-08,Home Office,South,Technology,Accessories,Laptop Bag,4,0,7200,2437.9
ORD-10465,2023-04-24,Home Office,North,Office Supplies,Paper,A4 Paper Pack,1,0,350,123.66
ORD-10466,2024-11-28,Consumer,South,Technology,Phones,Smartphone X,4,0.2,57600.0,2199.01
ORD-10467,2024-01-23,Consumer,East,Furniture,Chairs,Ergo Office Chair,4,0.05,24700.0,4616.3
ORD-10468,2023-03-11,Corporate,West,Furniture,Chairs,Ergo Office Chair,5,0.05,30875.0,5127.34
ORD-10469,2024-12-14,Home Office,West,Technology,Accessories,Wireless Earbuds,5,0,12500,3755.43
ORD-10470,2023-02-26,Consumer,South,Technology,Accessories,Laptop Bag,1,0.05,1710.0,518.12
ORD-10471,2023-08-08,Corporate,East,Furniture,Bookcases,Wooden Bookcase,4,0.2,14400.0,814.35
ORD-10472,2023-11-30,Home Office,North,Furniture,Chairs,Ergo Office Chair,1,0,6500,980.78
ORD-10473,2023-04-27,Consumer,East,Technology,Machines,Laser Printer,4,0.05,34200.0,2569.2
ORD-10474,2024-12-08,Consumer,North,Furniture,Chairs,Ergo Office Chair,4,0,26000,4603.76
ORD-10475,2023-04-29,Corporate,South,Furniture,Tables,Standing Desk,5,0,60000,4632.1
ORD-10476,2023-03-10,Home Office,East,Furniture,Chairs,Ergo Office Chair,3,0.05,18525.0,2798.7
ORD-10477,2023-07-15,Home Office,South,Technology,Machines,Laser Printer,1,0.05,8550.0,1012.05
ORD-10478,2023-03-13,Consumer,South,Technology,Accessories,Wireless Earbuds,2,0,5000,1304.78
ORD-10479,2023-05-29,Home Office,North,Office Supplies,Paper,A4 Paper Pack,3,0.2,840.0,201.96
ORD-10480,2024-03-03,Consumer,West,Furniture,Tables,Standing Desk,1,0,12000,1677.27
ORD-10481,2024-08-20,Corporate,North,Technology,Accessories,Wireless Earbuds,3,0,7500,1975.62
ORD-10482,2023-05-07,Consumer,West,Technology,Accessories,Laptop Bag,4,0.2,5760.0,1103.62
ORD-10483,2024-05-18,Corporate,East,Technology,Machines,Laser Printer,3,0,27000,4121.94
ORD-10484,2023-11-25,Consumer,East,Technology,Machines,Laser Printer,1,0.1,8100.0,563.23
ORD-10485,2023-12-31,Corporate,South,Office Supplies,Storage,Storage Box,4,0,3600,781.26
ORD-10486,2023-11-07,Home Office,North,Office Supplies,Storage,Storage Box,2,0.2,1440.0,244.12
ORD-10487,2024-12-24,Corporate,East,Furniture,Bookcases,Wooden Bookcase,4,0.1,16200.0,1822.74
ORD-10488,2023-10-17,Consumer,East,Technology,Machines,Laser Printer,1,0,9000,1149.92
ORD-10489,2023-02-14,Consumer,South,Office Supplies,Binders,Heavy Binder Set,5,0,3000,904.04
ORD-10490,2023-03-17,Home Office,North,Furniture,Chairs,Ergo Office Chair,3,0.1,17550.0,2550.06
ORD-10491,2024-07-17,Consumer,South,Furniture,Chairs,Ergo Office Chair,5,0.05,30875.0,4272.62
ORD-10492,2023-06-27,Home Office,East,Furniture,Bookcases,Wooden Bookcase,3,0.1,12150.0,634.92
ORD-10493,2024-11-26,Corporate,East,Technology,Accessories,Laptop Bag,2,0.1,3240.0,958.62
ORD-10494,2023-05-12,Consumer,North,Technology,Phones,Smartphone X,1,0,18000,2134.98
ORD-10495,2024-01-21,Consumer,East,Technology,Phones,Smartphone X,3,0.1,48600.0,2727.29
ORD-10496,2024-06-12,Home Office,South,Furniture,Bookcases,Wooden Bookcase,1,0,4500,548.18
ORD-10497,2024-07-25,Home Office,West,Office Supplies,Storage,Storage Box,3,0,2700,647.7
ORD-10498,2024-03-06,Consumer,West,Furniture,Bookcases,Wooden Bookcase,3,0,13500,1632.37
ORD-10499,2024-08-07,Home Office,East,Office Supplies,Binders,Heavy Binder Set,3,0,1800,533.83
ORD-10500,2023-06-17,Home Office,East,Technology,Accessories,Laptop Bag,2,0.05,3420.0,938.95
ORD-10501,2023-04-06,Home Office,North,Technology,Phones,Smartphone X,5,0.05,85500.0,11804.18
ORD-10502,2023-05-17,Consumer,West,Furniture,Bookcases,Wooden Bookcase,5,0,22500,3626.36
ORD-10503,2023-04-16,Consumer,North,Technology,Accessories,Wireless Earbuds,2,0,5000,1692.95
ORD-10504,2024-08-30,Consumer,North,Furniture,Bookcases,Wooden Bookcase,4,0,18000,2361.91
ORD-10505,2023-09-21,Home Office,West,Technology,Accessories,Wireless Earbuds,1,0,2500,727.19
ORD-10506,2024-12-11,Corporate,North,Office Supplies,Paper,A4 Paper Pack,4,0.05,1330.0,409.77
ORD-10507,2024-09-04,Consumer,East,Technology,Accessories,Laptop Bag,2,0,3600,1137.97
ORD-10508,2023-01-16,Corporate,South,Furniture,Tables,Standing Desk,1,0,12000,1048.14
ORD-10509,2024-06-23,Home Office,West,Office Supplies,Storage,Storage Box,1,0,900,231.77
ORD-10510,2024-06-03,Consumer,North,Office Supplies,Paper,A4 Paper Pack,2,0.1,630.0,202.34
ORD-10511,2023-03-18,Home Office,East,Furniture,Chairs,Ergo Office Chair,2,0.05,12350.0,2047.33
ORD-10512,2024-05-01,Home Office,West,Furniture,Tables,Standing Desk,2,0,24000,1535.3
ORD-10513,2023-04-26,Home Office,West,Furniture,Bookcases,Wooden Bookcase,1,0.05,4275.0,371.97
ORD-10514,2023-05-31,Consumer,West,Technology,Phones,Smartphone X,2,0,36000,5437.99
ORD-10515,2024-09-15,Home Office,East,Furniture,Tables,Standing Desk,4,0.05,45600.0,3152.23
ORD-10516,2023-03-10,Corporate,East,Office Supplies,Storage,Storage Box,4,0,3600,862.85
ORD-10517,2023-05-21,Consumer,East,Technology,Phones,Smartphone X,3,0.05,51300.0,5499.6
ORD-10518,2024-02-18,Home Office,West,Technology,Machines,Laser Printer,1,0,9000,1201.06
ORD-10519,2024-12-12,Corporate,West,Technology,Accessories,Laptop Bag,2,0.1,3240.0,728.61
ORD-10520,2024-12-08,Consumer,West,Office Supplies,Binders,Heavy Binder Set,5,0,3000,834.3
ORD-10521,2024-10-27,Home Office,South,Technology,Phones,Smartphone X,5,0.1,81000.0,9074.95
ORD-10522,2023-04-01,Consumer,South,Office Supplies,Binders,Heavy Binder Set,2,0,1200,381.33
ORD-10523,2023-02-02,Home Office,South,Technology,Accessories,Wireless Earbuds,4,0,10000,3397.82
ORD-10524,2024-09-08,Consumer,North,Furniture,Tables,Standing Desk,3,0.2,28800.0,378.26
ORD-10525,2023-10-17,Home Office,West,Office Supplies,Paper,A4 Paper Pack,5,0,1750,662.43
ORD-10526,2024-11-05,Corporate,North,Technology,Phones,Smartphone X,5,0.1,81000.0,6626.2
ORD-10527,2023-11-04,Consumer,North,Technology,Machines,Laser Printer,5,0.1,40500.0,2697.87
ORD-10528,2024-02-17,Corporate,East,Technology,Accessories,Wireless Earbuds,3,0.1,6750.0,1825.27
ORD-10529,2023-10-14,Consumer,East,Office Supplies,Binders,Heavy Binder Set,5,0.1,2700.0,588.18
ORD-10530,2023-10-27,Consumer,West,Technology,Accessories,Laptop Bag,5,0.2,7200.0,1551.55
ORD-10531,2024-10-18,Corporate,East,Furniture,Bookcases,Wooden Bookcase,2,0,9000,1526.94
ORD-10532,2023-01-16,Home Office,North,Furniture,Tables,Standing Desk,3,0,36000,4587.4
ORD-10533,2024-12-13,Corporate,East,Furniture,Chairs,Ergo Office Chair,2,0,13000,2833.19
ORD-10534,2023-07-22,Corporate,South,Office Supplies,Paper,A4 Paper Pack,5,0.2,1400.0,276.0
ORD-10535,2024-11-03,Consumer,South,Office Supplies,Paper,A4 Paper Pack,4,0.1,1260.0,402.41
ORD-10536,2023-02-19,Home Office,North,Office Supplies,Storage,Storage Box,4,0,3600,980.79
ORD-10537,2023-05-11,Consumer,East,Furniture,Chairs,Ergo Office Chair,1,0,6500,927.2
ORD-10538,2024-06-03,Home Office,North,Furniture,Tables,Standing Desk,3,0.05,34200.0,2408.03
ORD-10539,2024-05-16,Consumer,West,Furniture,Chairs,Ergo Office Chair,3,0.05,18525.0,2918.12
ORD-10540,2024-03-06,Corporate,North,Furniture,Bookcases,Wooden Bookcase,3,0,13500,2389.67
ORD-10541,2023-08-03,Consumer,South,Office Supplies,Paper,A4 Paper Pack,1,0,350,132.41
ORD-10542,2024-04-21,Consumer,North,Furniture,Chairs,Ergo Office Chair,3,0.2,15600.0,823.06
ORD-10543,2023-12-14,Consumer,East,Technology,Machines,Laser Printer,2,0.1,16200.0,1361.92
ORD-10544,2024-03-22,Corporate,West,Furniture,Tables,Standing Desk,3,0.05,34200.0,3476.04
ORD-10545,2023-07-09,Home Office,West,Office Supplies,Binders,Heavy Binder Set,3,0.2,1440.0,232.78
ORD-10546,2024-03-04,Corporate,East,Technology,Phones,Smartphone X,5,0.2,72000.0,4126.96
ORD-10547,2023-08-13,Corporate,East,Technology,Accessories,Wireless Earbuds,4,0,10000,2869.03
ORD-10548,2024-09-29,Consumer,North,Furniture,Tables,Standing Desk,3,0,36000,2591.8
ORD-10549,2024-08-18,Consumer,North,Technology,Accessories,Laptop Bag,4,0.2,5760.0,1068.87
ORD-10550,2024-04-27,Home Office,North,Furniture,Tables,Standing Desk,3,0.05,34200.0,2132.98
ORD-10551,2024-03-03,Consumer,West,Technology,Accessories,Laptop Bag,2,0,3600,1217.25
ORD-10552,2024-10-29,Home Office,South,Furniture,Bookcases,Wooden Bookcase,5,0,22500,3996.75
ORD-10553,2023-08-09,Home Office,South,Office Supplies,Binders,Heavy Binder Set,2,0.2,960.0,135.06
ORD-10554,2024-11-26,Home Office,East,Furniture,Bookcases,Wooden Bookcase,1,0,4500,622.9
ORD-10555,2023-11-08,Corporate,North,Furniture,Bookcases,Wooden Bookcase,3,0,13500,2117.42
ORD-10556,2023-12-12,Consumer,North,Technology,Accessories,Laptop Bag,5,0.1,8100.0,1828.15
ORD-10557,2024-10-03,Consumer,South,Office Supplies,Paper,A4 Paper Pack,5,0,1750,600.34
ORD-10558,2024-12-26,Corporate,South,Furniture,Bookcases,Wooden Bookcase,4,0.1,16200.0,1967.13
ORD-10559,2023-08-26,Consumer,East,Technology,Machines,Laser Printer,1,0.05,8550.0,655.02
ORD-10560,2024-04-11,Consumer,South,Technology,Phones,Smartphone X,4,0,72000,8406.04
ORD-10561,2023-12-25,Corporate,West,Technology,Accessories,Wireless Earbuds,2,0.1,4500.0,1056.14
ORD-10562,2023-11-14,Consumer,East,Office Supplies,Binders,Heavy Binder Set,4,0,2400,583.24
ORD-10563,2024-11-28,Consumer,South,Furniture,Bookcases,Wooden Bookcase,5,0,22500,2507.25
ORD-10564,2023-06-20,Home Office,East,Furniture,Bookcases,Wooden Bookcase,3,0,13500,1595.92
ORD-10565,2023-05-06,Home Office,East,Technology,Phones,Smartphone X,3,0,54000,7369.6
ORD-10566,2023-11-17,Consumer,South,Technology,Machines,Laser Printer,3,0.05,25650.0,2019.68
ORD-10567,2024-11-26,Consumer,South,Office Supplies,Paper,A4 Paper Pack,1,0,350,114.78
ORD-10568,2024-06-25,Home Office,North,Technology,Accessories,Laptop Bag,5,0,9000,2608.68
ORD-10569,2023-10-09,Consumer,North,Furniture,Tables,Standing Desk,5,0.1,54000.0,209.9
ORD-10570,2024-04-25,Corporate,West,Technology,Phones,Smartphone X,1,0.2,14400.0,-154.61
ORD-10571,2023-04-03,Home Office,North,Furniture,Tables,Standing Desk,4,0.2,38400.0,-1833.59
ORD-10572,2023-08-15,Home Office,South,Technology,Accessories,Wireless Earbuds,5,0,12500,3872.8
ORD-10573,2023-11-07,Corporate,North,Technology,Accessories,Wireless Earbuds,5,0.2,10000.0,1894.16
ORD-10574,2024-08-02,Corporate,South,Office Supplies,Binders,Heavy Binder Set,2,0.1,1080.0,211.66
ORD-10575,2023-09-26,Corporate,South,Office Supplies,Paper,A4 Paper Pack,3,0,1050,328.81
ORD-10576,2024-05-21,Home Office,North,Office Supplies,Binders,Heavy Binder Set,3,0,1800,432.39
ORD-10577,2024-10-30,Home Office,North,Technology,Accessories,Laptop Bag,4,0,7200,2562.88
ORD-10578,2024-06-17,Corporate,East,Technology,Accessories,Wireless Earbuds,3,0.2,6000.0,950.96
ORD-10579,2023-12-08,Corporate,East,Technology,Accessories,Wireless Earbuds,2,0,5000,1640.9
ORD-10580,2023-11-12,Consumer,South,Technology,Accessories,Wireless Earbuds,1,0,2500,651.93
ORD-10581,2023-09-04,Consumer,East,Office Supplies,Binders,Heavy Binder Set,5,0,3000,930.83
ORD-10582,2024-08-25,Corporate,East,Technology,Machines,Laser Printer,1,0.05,8550.0,701.27
ORD-10583,2024-09-09,Consumer,North,Office Supplies,Binders,Heavy Binder Set,4,0.2,1920.0,366.51
ORD-10584,2023-04-10,Home Office,West,Technology,Phones,Smartphone X,2,0,36000,4798.16
ORD-10585,2024-08-15,Corporate,North,Office Supplies,Binders,Heavy Binder Set,2,0.1,1080.0,227.21
ORD-10586,2024-09-29,Corporate,West,Technology,Machines,Laser Printer,4,0.05,34200.0,2019.0
ORD-10587,2023-02-04,Home Office,South,Furniture,Tables,Standing Desk,3,0,36000,4189.16
ORD-10588,2024-12-17,Home Office,North,Furniture,Bookcases,Wooden Bookcase,5,0.1,20250.0,2127.45
ORD-10589,2023-11-17,Home Office,West,Furniture,Chairs,Ergo Office Chair,4,0,26000,5020.52
ORD-10590,2023-04-22,Consumer,West,Office Supplies,Storage,Storage Box,5,0,4500,949.19
ORD-10591,2024-09-21,Corporate,East,Technology,Machines,Laser Printer,1,0.05,8550.0,646.81
ORD-10592,2023-02-07,Consumer,North,Furniture,Chairs,Ergo Office Chair,5,0.2,26000.0,1307.57
ORD-10593,2023-12-04,Corporate,East,Technology,Accessories,Laptop Bag,4,0,7200,2509.4
ORD-10594,2023-03-31,Consumer,North,Office Supplies,Binders,Heavy Binder Set,1,0,600,163.37
ORD-10595,2024-09-02,Home Office,South,Technology,Accessories,Laptop Bag,5,0.2,7200.0,1327.45
ORD-10596,2024-04-26,Consumer,West,Office Supplies,Binders,Heavy Binder Set,3,0,1800,550.84
ORD-10597,2023-09-07,Corporate,West,Technology,Accessories,Laptop Bag,5,0.05,8550.0,2627.69
ORD-10598,2023-03-27,Home Office,East,Furniture,Chairs,Ergo Office Chair,1,0,6500,1094.67
ORD-10599,2024-02-06,Corporate,South,Furniture,Bookcases,Wooden Bookcase,1,0,4500,817.88
ORD-10600,2024-08-30,Consumer,North,Office Supplies,Paper,A4 Paper Pack,1,0,350,125.6
ORD-10601,2024-11-14,Consumer,East,Office Supplies,Paper,A4 Paper Pack,2,0.05,665.0,230.07
ORD-10602,2023-03-22,Home Office,North,Office Supplies,Paper,A4 Paper Pack,1,0.2,280.0,71.96
ORD-10603,2024-07-24,Home Office,South,Office Supplies,Binders,Heavy Binder Set,4,0.2,1920.0,320.92
ORD-10604,2024-12-07,Corporate,West,Technology,Phones,Smartphone X,5,0.2,72000.0,-1160.23
ORD-10605,2024-11-10,Consumer,North,Technology,Machines,Laser Printer,5,0,45000,6229.78
ORD-10606,2023-10-17,Corporate,West,Technology,Accessories,Laptop Bag,5,0,9000,2882.96
ORD-10607,2024-12-18,Corporate,West,Furniture,Chairs,Ergo Office Chair,3,0.05,18525.0,3465.8
ORD-10608,2024-08-17,Home Office,East,Technology,Machines,Laser Printer,4,0.1,32400.0,2462.44
ORD-10609,2024-09-15,Home Office,South,Office Supplies,Storage,Storage Box,3,0.2,2160.0,321.72
ORD-10610,2023-05-31,Home Office,South,Technology,Accessories,Laptop Bag,3,0.2,4320.0,810.53
ORD-10611,2024-12-19,Corporate,North,Technology,Machines,Laser Printer,5,0.1,40500.0,3059.57
ORD-10612,2024-07-15,Home Office,West,Office Supplies,Storage,Storage Box,4,0.1,3240.0,633.91
ORD-10613,2024-05-11,Home Office,North,Office Supplies,Storage,Storage Box,3,0.05,2565.0,627.56
ORD-10614,2023-01-19,Corporate,South,Technology,Machines,Laser Printer,1,0.2,7200.0,-255.4
ORD-10615,2024-12-20,Corporate,South,Furniture,Tables,Standing Desk,2,0,24000,2765.94
ORD-10616,2024-07-10,Home Office,South,Technology,Phones,Smartphone X,3,0.05,51300.0,4011.58
ORD-10617,2024-07-01,Home Office,East,Office Supplies,Storage,Storage Box,4,0,3600,903.15
ORD-10618,2024-05-25,Home Office,East,Technology,Phones,Smartphone X,4,0.05,68400.0,7067.45
ORD-10619,2024-12-08,Home Office,West,Technology,Phones,Smartphone X,1,0.2,14400.0,1.54
ORD-10620,2024-09-05,Consumer,South,Furniture,Bookcases,Wooden Bookcase,5,0.1,20250.0,2208.79
ORD-10621,2023-08-10,Home Office,North,Technology,Machines,Laser Printer,1,0,9000,1412.98
ORD-10622,2023-10-10,Consumer,East,Office Supplies,Paper,A4 Paper Pack,3,0.1,945.0,256.23
ORD-10623,2023-01-05,Corporate,North,Office Supplies,Binders,Heavy Binder Set,2,0,1200,302.76
ORD-10624,2024-07-25,Home Office,East,Technology,Accessories,Laptop Bag,3,0.05,5130.0,1606.68
ORD-10625,2023-02-24,Home Office,North,Furniture,Bookcases,Wooden Bookcase,5,0,22500,4197.58
ORD-10626,2024-08-03,Consumer,East,Technology,Machines,Laser Printer,4,0.1,32400.0,2040.0
ORD-10627,2023-06-16,Consumer,West,Furniture,Chairs,Ergo Office Chair,3,0,19500,3292.84
ORD-10628,2024-12-29,Consumer,South,Technology,Phones,Smartphone X,1,0.2,14400.0,110.6
ORD-10629,2024-12-04,Home Office,East,Furniture,Bookcases,Wooden Bookcase,4,0,18000,2535.66
ORD-10630,2023-01-19,Corporate,West,Office Supplies,Storage,Storage Box,3,0.1,2430.0,520.57
ORD-10631,2023-02-02,Consumer,South,Furniture,Chairs,Ergo Office Chair,3,0.1,17550.0,1519.61
ORD-10632,2024-12-12,Consumer,South,Office Supplies,Storage,Storage Box,5,0,4500,1170.7
ORD-10633,2024-10-01,Home Office,West,Office Supplies,Paper,A4 Paper Pack,1,0,350,123.56
ORD-10634,2024-04-20,Corporate,North,Technology,Accessories,Wireless Earbuds,2,0,5000,1483.69
ORD-10635,2023-03-07,Home Office,South,Technology,Phones,Smartphone X,2,0,36000,5207.28
ORD-10636,2024-11-01,Corporate,East,Office Supplies,Paper,A4 Paper Pack,4,0.05,1330.0,439.46
ORD-10637,2023-01-13,Home Office,North,Technology,Accessories,Wireless Earbuds,5,0,12500,3891.42
ORD-10638,2024-07-11,Corporate,North,Technology,Accessories,Laptop Bag,1,0.2,1440.0,328.12
ORD-10639,2023-08-06,Corporate,West,Furniture,Tables,Standing Desk,5,0,60000,4951.28
ORD-10640,2023-10-22,Consumer,West,Technology,Phones,Smartphone X,4,0,72000,10272.77
ORD-10641,2024-08-11,Home Office,East,Office Supplies,Storage,Storage Box,3,0.2,2160.0,219.3
ORD-10642,2024-12-03,Consumer,North,Technology,Phones,Smartphone X,5,0.1,81000.0,4156.1
ORD-10643,2024-02-25,Corporate,South,Office Supplies,Paper,A4 Paper Pack,5,0.1,1575.0,513.07
ORD-10644,2024-07-06,Home Office,South,Furniture,Bookcases,Wooden Bookcase,2,0.05,8550.0,1303.45
ORD-10645,2023-05-01,Consumer,North,Furniture,Chairs,Ergo Office Chair,5,0,32500,5055.25
ORD-10646,2024-09-21,Corporate,North,Office Supplies,Storage,Storage Box,4,0.2,2880.0,385.84
ORD-10647,2023-07-08,Corporate,South,Furniture,Chairs,Ergo Office Chair,5,0.05,30875.0,5746.55
ORD-10648,2024-05-09,Consumer,East,Furniture,Chairs,Ergo Office Chair,1,0,6500,1232.15
ORD-10649,2023-12-22,Home Office,South,Furniture,Bookcases,Wooden Bookcase,5,0.2,18000.0,260.17
ORD-10650,2024-02-19,Corporate,South,Furniture,Bookcases,Wooden Bookcase,3,0.05,12825.0,1199.02
ORD-10651,2024-08-03,Home Office,East,Office Supplies,Paper,A4 Paper Pack,3,0,1050,336.78
ORD-10652,2024-10-10,Corporate,North,Office Supplies,Binders,Heavy Binder Set,4,0,2400,724.76
ORD-10653,2023-05-13,Consumer,South,Technology,Accessories,Laptop Bag,1,0,1800,627.65
ORD-10654,2023-07-17,Home Office,North,Technology,Accessories,Wireless Earbuds,1,0,2500,819.92
ORD-10655,2024-08-23,Consumer,East,Technology,Accessories,Laptop Bag,4,0.1,6480.0,1535.9
ORD-10656,2024-02-03,Corporate,West,Office Supplies,Storage,Storage Box,4,0.2,2880.0,437.81
ORD-10657,2023-06-17,Home Office,North,Technology,Accessories,Laptop Bag,3,0,5400,1712.75
ORD-10658,2023-10-23,Home Office,South,Office Supplies,Storage,Storage Box,1,0.2,720.0,78.56
ORD-10659,2024-07-12,Home Office,South,Technology,Machines,Laser Printer,4,0,36000,3395.94
ORD-10660,2024-06-26,Corporate,South,Office Supplies,Binders,Heavy Binder Set,3,0,1800,463.51
ORD-10661,2023-02-17,Home Office,East,Furniture,Bookcases,Wooden Bookcase,2,0,9000,1471.38
ORD-10662,2023-10-17,Corporate,North,Office Supplies,Binders,Heavy Binder Set,1,0,600,191.07
ORD-10663,2024-06-02,Home Office,South,Office Supplies,Storage,Storage Box,3,0.2,2160.0,239.9
ORD-10664,2023-10-10,Consumer,East,Office Supplies,Paper,A4 Paper Pack,3,0.1,945.0,285.64
ORD-10665,2023-10-09,Corporate,West,Furniture,Chairs,Ergo Office Chair,5,0.05,30875.0,4267.91
ORD-10666,2024-08-08,Corporate,South,Technology,Accessories,Laptop Bag,1,0.1,1620.0,470.71
ORD-10667,2023-06-22,Consumer,East,Office Supplies,Storage,Storage Box,3,0,2700,599.45
ORD-10668,2024-03-18,Home Office,North,Technology,Accessories,Wireless Earbuds,2,0.05,4750.0,1400.75
ORD-10669,2023-12-19,Home Office,West,Office Supplies,Binders,Heavy Binder Set,4,0,2400,689.43
ORD-10670,2023-01-17,Consumer,North,Technology,Phones,Smartphone X,2,0.1,32400.0,2831.37
ORD-10671,2024-10-19,Consumer,West,Technology,Machines,Laser Printer,1,0,9000,905.95
ORD-10672,2024-03-16,Corporate,North,Technology,Accessories,Laptop Bag,1,0.2,1440.0,314.26
ORD-10673,2023-06-12,Corporate,South,Technology,Accessories,Laptop Bag,4,0.05,6840.0,1803.33
ORD-10674,2024-08-09,Consumer,East,Technology,Machines,Laser Printer,5,0.2,36000.0,31.12
ORD-10675,2024-11-09,Corporate,South,Technology,Accessories,Laptop Bag,5,0,9000,2685.47
ORD-10676,2023-03-23,Consumer,North,Furniture,Chairs,Ergo Office Chair,5,0.1,29250.0,3941.42
ORD-10677,2023-05-14,Home Office,North,Technology,Accessories,Laptop Bag,5,0,9000,3151.98
ORD-10678,2023-03-12,Home Office,West,Technology,Machines,Laser Printer,5,0.1,40500.0,3491.17
ORD-10679,2024-01-18,Consumer,West,Furniture,Bookcases,Wooden Bookcase,1,0.2,3600.0,116.59
ORD-10680,2024-08-06,Home Office,North,Office Supplies,Paper,A4 Paper Pack,3,0.1,945.0,297.08
ORD-10681,2023-11-12,Consumer,East,Furniture,Tables,Standing Desk,4,0,48000,6374.73
ORD-10682,2024-03-15,Home Office,North,Office Supplies,Storage,Storage Box,4,0,3600,810.44
ORD-10683,2024-02-29,Consumer,East,Technology,Accessories,Wireless Earbuds,5,0,12500,3625.03
ORD-10684,2023-10-31,Corporate,East,Technology,Accessories,Wireless Earbuds,2,0.05,4750.0,1340.1
ORD-10685,2024-09-24,Home Office,West,Office Supplies,Paper,A4 Paper Pack,5,0,1750,628.16
ORD-10686,2024-07-11,Corporate,West,Office Supplies,Paper,A4 Paper Pack,5,0.1,1575.0,454.54
ORD-10687,2023-07-10,Corporate,South,Furniture,Tables,Standing Desk,5,0,60000,7316.13
ORD-10688,2024-09-24,Consumer,North,Technology,Accessories,Wireless Earbuds,2,0.05,4750.0,1390.08
ORD-10689,2023-06-11,Home Office,North,Office Supplies,Paper,A4 Paper Pack,3,0.1,945.0,282.67
ORD-10690,2023-05-01,Home Office,West,Technology,Phones,Smartphone X,1,0,18000,2479.2
ORD-10691,2023-03-08,Consumer,West,Furniture,Tables,Standing Desk,2,0,24000,1593.68
ORD-10692,2024-11-15,Home Office,North,Office Supplies,Paper,A4 Paper Pack,5,0.2,1400.0,324.35
ORD-10693,2024-11-25,Home Office,East,Technology,Machines,Laser Printer,4,0.05,34200.0,1739.3
ORD-10694,2023-05-27,Home Office,South,Technology,Accessories,Laptop Bag,5,0.1,8100.0,2234.6
ORD-10695,2024-05-11,Consumer,North,Furniture,Bookcases,Wooden Bookcase,2,0.2,7200.0,-71.83
ORD-10696,2024-12-29,Home Office,South,Office Supplies,Paper,A4 Paper Pack,3,0.2,840.0,186.15
ORD-10697,2024-01-14,Home Office,East,Technology,Accessories,Wireless Earbuds,1,0.1,2250.0,501.21
ORD-10698,2023-09-19,Corporate,West,Furniture,Tables,Standing Desk,2,0.1,21600.0,1664.16
ORD-10699,2024-02-26,Home Office,North,Furniture,Tables,Standing Desk,2,0.05,22800.0,1607.38
ORD-10700,2024-01-03,Home Office,East,Furniture,Bookcases,Wooden Bookcase,1,0.1,4050.0,512.47
ORD-10701,2024-05-26,Corporate,West,Office Supplies,Paper,A4 Paper Pack,5,0.05,1662.5,567.91
ORD-10702,2024-05-16,Consumer,West,Technology,Accessories,Laptop Bag,1,0.05,1710.0,443.41
ORD-10703,2024-04-10,Corporate,North,Furniture,Chairs,Ergo Office Chair,2,0,13000,2248.92
ORD-10704,2024-05-31,Home Office,East,Furniture,Tables,Standing Desk,2,0,24000,1618.58
ORD-10705,2023-02-27,Home Office,East,Technology,Machines,Laser Printer,4,0,36000,3898.19
ORD-10706,2023-05-18,Home Office,South,Furniture,Chairs,Ergo Office Chair,4,0.2,20800.0,748.25
ORD-10707,2024-10-06,Home Office,East,Furniture,Chairs,Ergo Office Chair,2,0,13000,2688.34
ORD-10708,2023-04-28,Home Office,West,Technology,Accessories,Wireless Earbuds,1,0,2500,785.16
ORD-10709,2024-03-27,Corporate,West,Office Supplies,Storage,Storage Box,1,0.05,855.0,179.29
ORD-10710,2024-10-24,Home Office,East,Technology,Accessories,Laptop Bag,3,0.05,5130.0,1357.55
ORD-10711,2023-10-24,Corporate,West,Technology,Accessories,Laptop Bag,2,0,3600,1159.41
ORD-10712,2024-11-21,Home Office,South,Technology,Phones,Smartphone X,5,0,90000,11834.76
ORD-10713,2023-12-03,Consumer,North,Technology,Accessories,Wireless Earbuds,5,0.05,11875.0,3031.12
ORD-10714,2024-05-11,Home Office,East,Office Supplies,Paper,A4 Paper Pack,5,0,1750,588.06
ORD-10715,2023-05-21,Home Office,East,Furniture,Tables,Standing Desk,2,0,24000,2344.98
ORD-10716,2023-10-02,Corporate,East,Office Supplies,Binders,Heavy Binder Set,4,0,2400,656.47
ORD-10717,2024-09-23,Home Office,South,Furniture,Tables,Standing Desk,4,0,48000,5074.21
ORD-10718,2024-08-24,Corporate,South,Furniture,Tables,Standing Desk,2,0.1,21600.0,746.87
ORD-10719,2023-04-20,Corporate,South,Technology,Machines,Laser Printer,4,0,36000,3388.63
ORD-10720,2024-12-28,Corporate,East,Office Supplies,Storage,Storage Box,5,0.2,3600.0,414.93
ORD-10721,2023-07-08,Consumer,North,Technology,Accessories,Laptop Bag,1,0.05,1710.0,441.04
ORD-10722,2023-06-11,Home Office,East,Furniture,Tables,Standing Desk,4,0.2,38400.0,-2008.16
ORD-10723,2023-07-15,Corporate,East,Furniture,Bookcases,Wooden Bookcase,5,0.1,20250.0,2522.09
ORD-10724,2023-01-15,Consumer,South,Technology,Accessories,Wireless Earbuds,3,0.2,6000.0,1302.3
ORD-10725,2024-12-18,Corporate,West,Furniture,Tables,Standing Desk,3,0,36000,4098.8
ORD-10726,2024-10-18,Consumer,South,Office Supplies,Paper,A4 Paper Pack,5,0,1750,607.43
ORD-10727,2024-04-16,Corporate,North,Furniture,Bookcases,Wooden Bookcase,4,0.2,14400.0,561.38
ORD-10728,2023-03-01,Corporate,East,Furniture,Bookcases,Wooden Bookcase,2,0,9000,1218.15
ORD-10729,2024-03-20,Corporate,West,Office Supplies,Paper,A4 Paper Pack,3,0.05,997.5,341.62
ORD-10730,2023-11-04,Home Office,East,Technology,Machines,Laser Printer,1,0,9000,1244.0
ORD-10731,2024-11-21,Consumer,North,Technology,Accessories,Wireless Earbuds,2,0,5000,1458.82
ORD-10732,2024-11-19,Corporate,North,Office Supplies,Binders,Heavy Binder Set,5,0,3000,726.33
ORD-10733,2023-03-20,Corporate,East,Technology,Accessories,Laptop Bag,2,0,3600,1196.59
ORD-10734,2023-06-22,Home Office,South,Furniture,Tables,Standing Desk,4,0.2,38400.0,-1915.66
ORD-10735,2023-01-22,Home Office,East,Furniture,Bookcases,Wooden Bookcase,3,0.05,12825.0,1505.34
ORD-10736,2024-02-06,Corporate,West,Technology,Machines,Laser Printer,5,0,45000,5726.99
ORD-10737,2024-01-19,Consumer,North,Office Supplies,Storage,Storage Box,3,0,2700,671.04
ORD-10738,2023-11-23,Consumer,North,Furniture,Bookcases,Wooden Bookcase,4,0,18000,2204.23
ORD-10739,2024-01-19,Consumer,West,Technology,Machines,Laser Printer,3,0,27000,3173.47
ORD-10740,2024-11-26,Corporate,South,Office Supplies,Binders,Heavy Binder Set,3,0,1800,542.29
ORD-10741,2024-08-11,Home Office,West,Office Supplies,Storage,Storage Box,3,0,2700,655.93
ORD-10742,2023-10-22,Consumer,West,Technology,Machines,Laser Printer,4,0.05,34200.0,2313.54
ORD-10743,2024-04-04,Corporate,East,Office Supplies,Storage,Storage Box,5,0.2,3600.0,521.18
ORD-10744,2023-11-03,Home Office,West,Technology,Accessories,Wireless Earbuds,2,0,5000,1415.84
ORD-10745,2024-03-29,Consumer,South,Furniture,Tables,Standing Desk,5,0.05,57000.0,2566.32
ORD-10746,2023-02-07,Corporate,East,Office Supplies,Storage,Storage Box,1,0,900,259.01
ORD-10747,2023-04-04,Consumer,West,Office Supplies,Binders,Heavy Binder Set,1,0,600,148.33
ORD-10748,2023-06-13,Corporate,North,Office Supplies,Paper,A4 Paper Pack,3,0.05,997.5,358.94
ORD-10749,2023-09-06,Consumer,West,Technology,Machines,Laser Printer,1,0,9000,1278.47
ORD-10750,2023-05-17,Home Office,South,Furniture,Tables,Standing Desk,4,0,48000,3348.33
ORD-10751,2023-10-15,Consumer,West,Office Supplies,Binders,Heavy Binder Set,2,0.2,960.0,191.58
ORD-10752,2024-06-26,Corporate,West,Technology,Accessories,Wireless Earbuds,5,0.2,10000.0,2185.69
ORD-10753,2024-05-16,Consumer,North,Furniture,Tables,Standing Desk,3,0,36000,3971.99
ORD-10754,2023-07-10,Home Office,South,Furniture,Tables,Standing Desk,2,0,24000,3144.04
ORD-10755,2024-12-13,Corporate,North,Furniture,Chairs,Ergo Office Chair,4,0,26000,3671.34
ORD-10756,2023-10-22,Home Office,West,Furniture,Chairs,Ergo Office Chair,1,0,6500,1212.16
ORD-10757,2024-05-22,Corporate,North,Technology,Machines,Laser Printer,3,0,27000,2697.24
ORD-10758,2024-05-20,Consumer,North,Furniture,Bookcases,Wooden Bookcase,1,0,4500,622.99
ORD-10759,2023-04-05,Corporate,West,Furniture,Chairs,Ergo Office Chair,3,0.1,17550.0,2511.14
ORD-10760,2024-06-24,Corporate,North,Technology,Phones,Smartphone X,4,0,72000,11372.54
ORD-10761,2023-12-22,Corporate,South,Office Supplies,Binders,Heavy Binder Set,5,0,3000,850.26
ORD-10762,2024-02-20,Corporate,South,Office Supplies,Storage,Storage Box,3,0,2700,725.2
ORD-10763,2023-02-21,Home Office,East,Technology,Machines,Laser Printer,4,0,36000,5239.93
ORD-10764,2023-12-01,Consumer,East,Office Supplies,Storage,Storage Box,4,0.2,2880.0,301.95
ORD-10765,2024-07-26,Home Office,West,Furniture,Chairs,Ergo Office Chair,3,0.2,15600.0,391.05
ORD-10766,2023-05-23,Corporate,West,Office Supplies,Binders,Heavy Binder Set,5,0,3000,867.13
ORD-10767,2024-04-16,Consumer,South,Technology,Accessories,Wireless Earbuds,1,0.1,2250.0,568.6
ORD-10768,2023-05-15,Consumer,North,Technology,Phones,Smartphone X,2,0,36000,4997.87
ORD-10769,2024-02-23,Home Office,East,Office Supplies,Paper,A4 Paper Pack,4,0.1,1260.0,377.9
ORD-10770,2023-02-06,Consumer,West,Furniture,Chairs,Ergo Office Chair,5,0.2,26000.0,667.42
ORD-10771,2024-11-13,Home Office,West,Technology,Accessories,Wireless Earbuds,4,0.2,8000.0,1158.85
ORD-10772,2024-08-30,Home Office,North,Technology,Phones,Smartphone X,5,0,90000,12808.95
ORD-10773,2024-09-08,Home Office,South,Technology,Accessories,Wireless Earbuds,2,0.1,4500.0,934.96
ORD-10774,2024-01-25,Home Office,South,Furniture,Chairs,Ergo Office Chair,2,0.1,11700.0,1550.84
ORD-10775,2024-02-14,Home Office,East,Office Supplies,Storage,Storage Box,4,0.2,2880.0,283.51
ORD-10776,2024-05-11,Home Office,West,Office Supplies,Paper,A4 Paper Pack,1,0,350,130.69
ORD-10777,2024-01-05,Corporate,East,Technology,Machines,Laser Printer,5,0.1,40500.0,2245.36
ORD-10778,2024-02-08,Corporate,East,Furniture,Bookcases,Wooden Bookcase,3,0.05,12825.0,1810.05
ORD-10779,2024-03-22,Home Office,East,Technology,Accessories,Laptop Bag,5,0,9000,2790.05
ORD-10780,2023-09-28,Consumer,East,Office Supplies,Binders,Heavy Binder Set,4,0.05,2280.0,478.84
ORD-10781,2024-03-13,Consumer,South,Office Supplies,Storage,Storage Box,2,0,1800,378.95
ORD-10782,2024-09-24,Home Office,South,Technology,Phones,Smartphone X,3,0.1,48600.0,3931.82
ORD-10783,2023-03-12,Corporate,South,Office Supplies,Binders,Heavy Binder Set,3,0,1800,451.93
ORD-10784,2023-06-25,Consumer,North,Furniture,Tables,Standing Desk,1,0.1,10800.0,345.43
ORD-10785,2024-06-17,Home Office,North,Office Supplies,Binders,Heavy Binder Set,2,0.05,1140.0,314.7
ORD-10786,2024-03-13,Corporate,North,Furniture,Tables,Standing Desk,1,0.2,9600.0,44.81
ORD-10787,2024-07-29,Consumer,South,Furniture,Bookcases,Wooden Bookcase,3,0.05,12825.0,1453.35
ORD-10788,2024-07-05,Corporate,North,Technology,Accessories,Laptop Bag,1,0.2,1440.0,319.96
ORD-10789,2023-08-18,Corporate,South,Technology,Phones,Smartphone X,3,0.1,48600.0,4140.38
ORD-10790,2023-04-26,Consumer,South,Office Supplies,Paper,A4 Paper Pack,4,0.1,1260.0,372.99
ORD-10791,2023-11-16,Corporate,North,Office Supplies,Paper,A4 Paper Pack,2,0,700,235.83
ORD-10792,2024-02-06,Home Office,South,Furniture,Tables,Standing Desk,1,0.05,11400.0,799.66
ORD-10793,2024-07-16,Home Office,South,Office Supplies,Binders,Heavy Binder Set,5,0,3000,837.09
ORD-10794,2024-02-16,Corporate,East,Office Supplies,Storage,Storage Box,2,0,1800,388.32
ORD-10795,2024-05-19,Corporate,East,Technology,Accessories,Laptop Bag,1,0,1800,600.73
ORD-10796,2023-09-19,Corporate,South,Furniture,Bookcases,Wooden Bookcase,3,0.1,12150.0,1244.56
ORD-10797,2024-12-23,Consumer,South,Technology,Accessories,Laptop Bag,4,0.1,6480.0,1501.19
ORD-10798,2023-05-31,Consumer,North,Furniture,Bookcases,Wooden Bookcase,2,0.2,7200.0,419.19
ORD-10799,2023-07-02,Home Office,North,Technology,Accessories,Laptop Bag,2,0,3600,1011.96
ORD-10800,2023-08-18,Home Office,South,Office Supplies,Binders,Heavy Binder Set,1,0,600,154.03
ORD-10801,2023-06-03,Home Office,South,Office Supplies,Storage,Storage Box,3,0.1,2430.0,458.4
ORD-10802,2024-05-27,Home Office,North,Technology,Phones,Smartphone X,4,0.1,64800.0,7288.91
ORD-10803,2023-07-11,Home Office,East,Technology,Phones,Smartphone X,3,0,54000,8809.29
ORD-10804,2023-02-09,Home Office,East,Technology,Phones,Smartphone X,1,0.05,17100.0,2100.39
ORD-10805,2024-10-01,Corporate,North,Technology,Phones,Smartphone X,3,0.2,43200.0,471.82
ORD-10806,2024-10-27,Consumer,West,Office Supplies,Binders,Heavy Binder Set,5,0.1,2700.0,505.01
ORD-10807,2024-02-16,Corporate,East,Technology,Phones,Smartphone X,1,0,18000,3128.07
ORD-10808,2023-12-25,Corporate,East,Technology,Machines,Laser Printer,1,0,9000,1212.7
ORD-10809,2023-06-27,Corporate,North,Office Supplies,Storage,Storage Box,3,0,2700,702.17
ORD-10810,2024-11-24,Corporate,South,Furniture,Tables,Standing Desk,2,0,24000,2096.23
ORD-10811,2023-03-07,Home Office,South,Office Supplies,Paper,A4 Paper Pack,5,0.2,1400.0,334.59
ORD-10812,2023-11-06,Home Office,East,Technology,Accessories,Laptop Bag,2,0.05,3420.0,1120.54
ORD-10813,2023-11-28,Home Office,South,Technology,Machines,Laser Printer,2,0.2,14400.0,-416.36
ORD-10814,2024-09-29,Consumer,South,Furniture,Tables,Standing Desk,5,0,60000,5664.31
ORD-10815,2023-08-27,Corporate,South,Office Supplies,Storage,Storage Box,5,0.2,3600.0,358.1
ORD-10816,2024-06-20,Home Office,East,Furniture,Bookcases,Wooden Bookcase,4,0.05,17100.0,1782.98
ORD-10817,2023-04-25,Home Office,East,Furniture,Chairs,Ergo Office Chair,1,0,6500,1006.07
ORD-10818,2024-03-20,Home Office,North,Technology,Accessories,Laptop Bag,2,0.1,3240.0,772.98
ORD-10819,2023-09-27,Corporate,East,Office Supplies,Binders,Heavy Binder Set,2,0.1,1080.0,267.51
ORD-10820,2023-05-19,Consumer,South,Office Supplies,Paper,A4 Paper Pack,4,0.05,1330.0,387.03
ORD-10821,2023-01-25,Home Office,South,Technology,Phones,Smartphone X,3,0.05,51300.0,4504.36
ORD-10822,2024-07-13,Corporate,East,Technology,Accessories,Wireless Earbuds,2,0.05,4750.0,1422.01
ORD-10823,2024-10-02,Home Office,West,Furniture,Chairs,Ergo Office Chair,4,0.05,24700.0,4250.8
ORD-10824,2024-06-14,Home Office,North,Office Supplies,Paper,A4 Paper Pack,5,0.2,1400.0,330.06
ORD-10825,2024-01-17,Consumer,West,Office Supplies,Binders,Heavy Binder Set,4,0,2400,744.53
ORD-10826,2024-12-21,Home Office,North,Technology,Phones,Smartphone X,5,0.05,85500.0,9515.31
ORD-10827,2023-05-23,Corporate,West,Office Supplies,Binders,Heavy Binder Set,4,0,2400,724.55
ORD-10828,2023-05-06,Consumer,West,Furniture,Tables,Standing Desk,5,0,60000,6911.77
ORD-10829,2024-09-05,Consumer,South,Office Supplies,Binders,Heavy Binder Set,1,0.2,480.0,76.83
ORD-10830,2023-10-21,Home Office,South,Furniture,Bookcases,Wooden Bookcase,4,0,18000,2237.59
ORD-10831,2024-10-13,Home Office,South,Technology,Accessories,Wireless Earbuds,3,0,7500,2365.03
ORD-10832,2024-06-13,Home Office,East,Technology,Accessories,Wireless Earbuds,1,0,2500,791.25
ORD-10833,2023-03-06,Corporate,West,Office Supplies,Paper,A4 Paper Pack,5,0.1,1575.0,513.42
ORD-10834,2023-02-02,Consumer,South,Technology,Machines,Laser Printer,3,0.1,24300.0,2179.82
ORD-10835,2024-10-04,Home Office,West,Technology,Machines,Laser Printer,1,0.05,8550.0,638.21
ORD-10836,2023-08-06,Consumer,East,Technology,Machines,Laser Printer,1,0,9000,1411.51
ORD-10837,2023-01-10,Home Office,West,Office Supplies,Binders,Heavy Binder Set,4,0.1,2160.0,528.33
ORD-10838,2023-06-28,Consumer,North,Technology,Accessories,Laptop Bag,4,0.05,6840.0,1934.43
ORD-10839,2023-07-03,Consumer,North,Office Supplies,Storage,Storage Box,3,0.1,2430.0,486.71
ORD-10840,2023-05-19,Consumer,East,Technology,Phones,Smartphone X,3,0,54000,6028.02
ORD-10841,2023-09-06,Consumer,South,Technology,Accessories,Wireless Earbuds,1,0,2500,733.39
ORD-10842,2024-05-09,Consumer,West,Technology,Accessories,Laptop Bag,5,0.1,8100.0,2292.18
ORD-10843,2024-07-06,Corporate,East,Furniture,Bookcases,Wooden Bookcase,1,0,4500,771.66
ORD-10844,2024-10-23,Corporate,South,Technology,Accessories,Wireless Earbuds,4,0.1,9000.0,1846.75
ORD-10845,2023-04-02,Consumer,South,Furniture,Tables,Standing Desk,3,0.1,32400.0,1072.46
ORD-10846,2024-03-25,Home Office,North,Technology,Accessories,Wireless Earbuds,5,0.2,10000.0,2183.48
ORD-10847,2023-12-21,Corporate,East,Technology,Accessories,Laptop Bag,3,0.05,5130.0,1532.37
ORD-10848,2024-01-20,Corporate,West,Technology,Accessories,Laptop Bag,3,0,5400,1777.37
ORD-10849,2023-12-27,Consumer,North,Technology,Machines,Laser Printer,5,0,45000,6150.91
ORD-10850,2023-03-30,Home Office,West,Office Supplies,Binders,Heavy Binder Set,1,0.2,480.0,90.17
ORD-10851,2023-11-04,Consumer,North,Furniture,Bookcases,Wooden Bookcase,3,0.1,12150.0,1390.97
ORD-10852,2024-04-16,Home Office,East,Furniture,Tables,Standing Desk,3,0,36000,3046.38
ORD-10853,2024-07-20,Home Office,North,Technology,Accessories,Wireless Earbuds,3,0,7500,2187.63
ORD-10854,2024-09-07,Corporate,West,Furniture,Chairs,Ergo Office Chair,3,0,19500,4168.76
ORD-10855,2024-08-11,Home Office,East,Technology,Machines,Laser Printer,4,0,36000,4686.34
ORD-10856,2023-12-07,Home Office,East,Office Supplies,Paper,A4 Paper Pack,1,0.1,315.0,86.29
ORD-10857,2024-02-11,Corporate,North,Technology,Phones,Smartphone X,2,0.1,32400.0,3072.8
ORD-10858,2024-12-11,Home Office,South,Furniture,Tables,Standing Desk,1,0,12000,1664.27
ORD-10859,2024-02-23,Corporate,East,Office Supplies,Paper,A4 Paper Pack,2,0.1,630.0,163.39
ORD-10860,2024-06-07,Consumer,East,Furniture,Tables,Standing Desk,4,0,48000,4788.69
ORD-10861,2023-11-29,Consumer,East,Furniture,Tables,Standing Desk,2,0.1,21600.0,522.41
ORD-10862,2024-08-02,Corporate,South,Furniture,Chairs,Ergo Office Chair,1,0.05,6175.0,929.21
ORD-10863,2023-05-23,Consumer,North,Office Supplies,Binders,Heavy Binder Set,5,0,3000,906.13
ORD-10864,2024-08-30,Corporate,West,Office Supplies,Storage,Storage Box,2,0,1800,482.34
ORD-10865,2024-06-10,Consumer,North,Office Supplies,Storage,Storage Box,1,0,900,211.39
ORD-10866,2023-09-08,Home Office,East,Technology,Phones,Smartphone X,1,0.1,16200.0,1640.97
ORD-10867,2023-01-17,Corporate,East,Furniture,Tables,Standing Desk,2,0,24000,1825.07
ORD-10868,2024-01-25,Corporate,North,Office Supplies,Binders,Heavy Binder Set,1,0,600,151.17
ORD-10869,2023-01-12,Home Office,East,Technology,Accessories,Laptop Bag,5,0.1,8100.0,1848.34
ORD-10870,2024-02-07,Home Office,South,Furniture,Tables,Standing Desk,2,0.2,19200.0,82.95
ORD-10871,2023-05-09,Consumer,South,Furniture,Tables,Standing Desk,5,0,60000,6194.77
ORD-10872,2023-01-22,Corporate,West,Technology,Phones,Smartphone X,1,0.05,17100.0,1270.6
ORD-10873,2023-05-15,Home Office,West,Technology,Accessories,Laptop Bag,5,0.2,7200.0,1633.64
ORD-10874,2024-03-28,Home Office,North,Furniture,Tables,Standing Desk,3,0,36000,4213.15
ORD-10875,2024-12-14,Home Office,West,Office Supplies,Binders,Heavy Binder Set,5,0,3000,742.3
ORD-10876,2023-03-15,Consumer,South,Furniture,Tables,Standing Desk,4,0.05,45600.0,2213.22
ORD-10877,2024-09-28,Home Office,East,Technology,Accessories,Laptop Bag,3,0,5400,1681.38
ORD-10878,2024-08-05,Corporate,North,Furniture,Bookcases,Wooden Bookcase,4,0.05,17100.0,1409.4
ORD-10879,2023-09-22,Home Office,South,Office Supplies,Binders,Heavy Binder Set,2,0,1200,361.72
ORD-10880,2024-01-07,Consumer,East,Office Supplies,Paper,A4 Paper Pack,1,0,350,124.07
ORD-10881,2024-01-26,Consumer,South,Office Supplies,Paper,A4 Paper Pack,5,0.05,1662.5,497.23
ORD-10882,2024-12-14,Home Office,West,Office Supplies,Paper,A4 Paper Pack,1,0,350,114.33
ORD-10883,2024-08-02,Consumer,South,Office Supplies,Paper,A4 Paper Pack,5,0,1750,618.73
ORD-10884,2024-05-02,Home Office,West,Technology,Accessories,Wireless Earbuds,5,0.05,11875.0,2839.86
ORD-10885,2023-09-02,Corporate,North,Technology,Accessories,Wireless Earbuds,4,0,10000,2846.43
ORD-10886,2024-03-15,Home Office,North,Technology,Accessories,Laptop Bag,4,0,7200,2300.71
ORD-10887,2023-03-10,Consumer,South,Technology,Machines,Laser Printer,5,0.2,36000.0,892.34
ORD-10888,2023-11-30,Consumer,South,Furniture,Tables,Standing Desk,4,0.1,43200.0,1997.33
ORD-10889,2024-05-16,Home Office,East,Furniture,Bookcases,Wooden Bookcase,3,0.1,12150.0,1379.6
ORD-10890,2024-11-06,Home Office,West,Office Supplies,Paper,A4 Paper Pack,3,0,1050,374.45
ORD-10891,2024-09-18,Consumer,North,Furniture,Tables,Standing Desk,1,0,12000,1585.03
ORD-10892,2024-06-02,Consumer,West,Furniture,Bookcases,Wooden Bookcase,1,0,4500,806.64
ORD-10893,2024-06-01,Corporate,West,Office Supplies,Paper,A4 Paper Pack,3,0.2,840.0,185.32
ORD-10894,2024-02-04,Corporate,East,Technology,Machines,Laser Printer,4,0,36000,3422.09
ORD-10895,2024-09-12,Consumer,North,Technology,Machines,Laser Printer,3,0.2,21600.0,-647.05
ORD-10896,2024-04-22,Consumer,North,Technology,Machines,Laser Printer,4,0.2,28800.0,-145.76
ORD-10897,2023-04-14,Corporate,South,Office Supplies,Paper,A4 Paper Pack,4,0.2,1120.0,266.96
ORD-10898,2023-12-01,Consumer,South,Office Supplies,Paper,A4 Paper Pack,5,0.05,1662.5,516.67
ORD-10899,2023-11-11,Consumer,East,Technology,Phones,Smartphone X,5,0.05,85500.0,11777.14
ORD-10900,2023-11-02,Consumer,West,Office Supplies,Storage,Storage Box,5,0,4500,957.05
ORD-10901,2024-06-03,Consumer,South,Technology,Accessories,Wireless Earbuds,5,0.05,11875.0,3644.9
ORD-10902,2024-06-22,Home Office,North,Office Supplies,Storage,Storage Box,3,0.05,2565.0,567.78
ORD-10903,2023-07-04,Consumer,East,Technology,Accessories,Wireless Earbuds,5,0.1,11250.0,2531.25
ORD-10904,2024-01-27,Corporate,East,Technology,Phones,Smartphone X,4,0.05,68400.0,7593.29
ORD-10905,2023-11-09,Home Office,East,Furniture,Tables,Standing Desk,3,0,36000,2261.74
ORD-10906,2024-06-20,Home Office,South,Technology,Accessories,Laptop Bag,3,0,5400,1783.86
ORD-10907,2024-02-25,Consumer,South,Furniture,Tables,Standing Desk,5,0,60000,4976.72
ORD-10908,2024-01-05,Corporate,East,Furniture,Tables,Standing Desk,3,0,36000,3933.5
ORD-10909,2023-01-11,Home Office,South,Technology,Accessories,Wireless Earbuds,5,0,12500,4160.13
ORD-10910,2024-04-30,Consumer,West,Furniture,Bookcases,Wooden Bookcase,2,0,9000,1553.42
ORD-10911,2023-05-16,Consumer,South,Office Supplies,Storage,Storage Box,1,0,900,259.85
ORD-10912,2024-09-11,Home Office,South,Office Supplies,Paper,A4 Paper Pack,4,0,1400,507.99
ORD-10913,2023-06-08,Consumer,North,Furniture,Bookcases,Wooden Bookcase,1,0.2,3600.0,40.15
ORD-10914,2023-05-06,Home Office,South,Office Supplies,Paper,A4 Paper Pack,4,0,1400,487.34
ORD-10915,2023-10-12,Corporate,North,Office Supplies,Paper,A4 Paper Pack,4,0,1400,450.26
ORD-10916,2023-08-06,Home Office,North,Office Supplies,Binders,Heavy Binder Set,4,0.2,1920.0,278.89
ORD-10917,2023-03-15,Home Office,East,Office Supplies,Storage,Storage Box,3,0.05,2565.0,586.97
ORD-10918,2023-09-09,Corporate,West,Furniture,Tables,Standing Desk,1,0,12000,1348.17
ORD-10919,2024-07-24,Home Office,South,Furniture,Chairs,Ergo Office Chair,5,0,32500,5901.88
ORD-10920,2023-08-24,Consumer,North,Technology,Phones,Smartphone X,1,0,18000,1817.22
ORD-10921,2024-05-19,Consumer,North,Furniture,Bookcases,Wooden Bookcase,2,0.2,7200.0,91.18
ORD-10922,2023-01-18,Consumer,North,Technology,Accessories,Wireless Earbuds,1,0.1,2250.0,568.19
ORD-10923,2024-06-05,Home Office,South,Technology,Accessories,Wireless Earbuds,1,0.1,2250.0,473.38
ORD-10924,2024-10-22,Consumer,West,Technology,Machines,Laser Printer,3,0,27000,3168.62
ORD-10925,2024-11-09,Corporate,East,Furniture,Tables,Standing Desk,4,0.2,38400.0,471.22
ORD-10926,2023-05-02,Corporate,North,Technology,Accessories,Wireless Earbuds,3,0,7500,2179.68
ORD-10927,2023-07-14,Consumer,West,Furniture,Tables,Standing Desk,2,0.05,22800.0,810.58
ORD-10928,2023-05-15,Corporate,South,Office Supplies,Binders,Heavy Binder Set,1,0,600,169.95
ORD-10929,2024-03-27,Consumer,North,Technology,Accessories,Wireless Earbuds,4,0.2,8000.0,1285.76
ORD-10930,2023-02-22,Consumer,North,Furniture,Tables,Standing Desk,4,0,48000,6322.61
ORD-10931,2024-11-16,Corporate,North,Office Supplies,Paper,A4 Paper Pack,3,0,1050,384.3
ORD-10932,2024-01-13,Home Office,North,Office Supplies,Binders,Heavy Binder Set,4,0.05,2280.0,552.47
ORD-10933,2024-01-31,Corporate,North,Technology,Phones,Smartphone X,4,0.2,57600.0,2617.24
ORD-10934,2024-02-21,Consumer,North,Furniture,Bookcases,Wooden Bookcase,3,0.2,10800.0,153.64
ORD-10935,2023-10-02,Corporate,South,Furniture,Bookcases,Wooden Bookcase,1,0.05,4275.0,602.07
ORD-10936,2023-05-13,Home Office,West,Technology,Phones,Smartphone X,4,0.2,57600.0,-271.86
ORD-10937,2024-10-22,Corporate,South,Furniture,Bookcases,Wooden Bookcase,4,0,18000,3254.71
ORD-10938,2023-04-16,Consumer,West,Furniture,Chairs,Ergo Office Chair,1,0.2,5200.0,518.5
ORD-10939,2023-10-18,Corporate,North,Office Supplies,Storage,Storage Box,3,0.05,2565.0,571.26
ORD-10940,2023-01-28,Consumer,South,Technology,Phones,Smartphone X,3,0.2,43200.0,-716.03
ORD-10941,2024-08-19,Home Office,South,Office Supplies,Storage,Storage Box,4,0.2,2880.0,459.69
ORD-10942,2024-06-30,Corporate,North,Furniture,Chairs,Ergo Office Chair,1,0,6500,1292.44
ORD-10943,2023-12-12,Consumer,North,Technology,Accessories,Laptop Bag,1,0,1800,604.99
ORD-10944,2023-05-10,Consumer,North,Technology,Phones,Smartphone X,3,0,54000,7370.72
ORD-10945,2024-08-27,Home Office,South,Technology,Accessories,Wireless Earbuds,1,0.05,2375.0,659.3
ORD-10946,2023-02-17,Home Office,West,Furniture,Chairs,Ergo Office Chair,4,0,26000,5327.96
ORD-10947,2023-09-01,Consumer,North,Technology,Accessories,Laptop Bag,5,0,9000,2751.54
ORD-10948,2024-03-11,Corporate,South,Furniture,Bookcases,Wooden Bookcase,1,0,4500,593.6
ORD-10949,2024-05-28,Home Office,North,Office Supplies,Storage,Storage Box,2,0.05,1710.0,341.13
ORD-10950,2023-04-11,Corporate,North,Technology,Accessories,Laptop Bag,4,0,7200,2025.0
ORD-10951,2023-01-05,Corporate,West,Technology,Machines,Laser Printer,1,0.2,7200.0,87.41
ORD-10952,2024-05-25,Corporate,West,Office Supplies,Binders,Heavy Binder Set,2,0,1200,301.74
ORD-10953,2023-11-02,Consumer,West,Technology,Machines,Laser Printer,5,0.2,36000.0,-1331.65
ORD-10954,2024-03-25,Home Office,South,Technology,Accessories,Wireless Earbuds,3,0,7500,2201.27
ORD-10955,2023-05-25,Home Office,South,Office Supplies,Storage,Storage Box,1,0.1,810.0,144.95
ORD-10956,2023-12-08,Consumer,West,Furniture,Chairs,Ergo Office Chair,3,0,19500,3032.2
ORD-10957,2023-12-30,Corporate,South,Technology,Machines,Laser Printer,1,0,9000,1184.3
ORD-10958,2023-11-18,Home Office,North,Furniture,Bookcases,Wooden Bookcase,5,0.05,21375.0,1784.07
ORD-10959,2024-11-11,Consumer,North,Technology,Machines,Laser Printer,2,0,18000,2138.49
ORD-10960,2024-10-22,Consumer,East,Office Supplies,Binders,Heavy Binder Set,5,0.1,2700.0,556.41
ORD-10961,2023-06-22,Home Office,West,Technology,Accessories,Wireless Earbuds,3,0,7500,2008.84
ORD-10962,2024-10-05,Corporate,North,Office Supplies,Paper,A4 Paper Pack,2,0,700,243.38
ORD-10963,2024-10-18,Corporate,East,Technology,Machines,Laser Printer,2,0.1,16200.0,913.67
ORD-10964,2023-04-13,Consumer,North,Furniture,Chairs,Ergo Office Chair,3,0,19500,3045.45
ORD-10965,2024-05-24,Corporate,West,Technology,Phones,Smartphone X,3,0,54000,5879.99
ORD-10966,2023-11-07,Home Office,South,Furniture,Bookcases,Wooden Bookcase,2,0,9000,1424.62
ORD-10967,2024-02-29,Home Office,West,Office Supplies,Storage,Storage Box,2,0,1800,437.28
ORD-10968,2024-09-29,Corporate,North,Furniture,Chairs,Ergo Office Chair,5,0.05,30875.0,5463.61
ORD-10969,2024-06-22,Consumer,South,Furniture,Chairs,Ergo Office Chair,2,0,13000,2271.62
ORD-10970,2024-11-03,Corporate,North,Technology,Phones,Smartphone X,4,0,72000,7430.74
ORD-10971,2023-11-12,Corporate,West,Office Supplies,Paper,A4 Paper Pack,4,0.2,1120.0,286.39
ORD-10972,2023-06-30,Consumer,South,Office Supplies,Storage,Storage Box,1,0.2,720.0,106.95
ORD-10973,2023-09-27,Corporate,South,Furniture,Chairs,Ergo Office Chair,1,0,6500,1159.49
ORD-10974,2024-06-02,Corporate,South,Technology,Accessories,Laptop Bag,5,0,9000,3223.02
ORD-10975,2024-10-07,Home Office,North,Office Supplies,Paper,A4 Paper Pack,2,0,700,252.1
ORD-10976,2024-09-28,Consumer,East,Technology,Accessories,Wireless Earbuds,4,0.2,8000.0,1333.06
ORD-10977,2023-11-12,Consumer,North,Furniture,Tables,Standing Desk,5,0.1,54000.0,2484.99
ORD-10978,2024-04-01,Home Office,East,Furniture,Bookcases,Wooden Bookcase,1,0.1,4050.0,508.78
ORD-10979,2024-10-17,Consumer,East,Technology,Accessories,Wireless Earbuds,4,0,10000,2972.28
ORD-10980,2023-10-03,Consumer,South,Office Supplies,Storage,Storage Box,1,0.1,810.0,167.47
ORD-10981,2024-12-19,Home Office,South,Furniture,Chairs,Ergo Office Chair,5,0,32500,6237.5
ORD-10982,2024-07-09,Home Office,West,Furniture,Chairs,Ergo Office Chair,3,0,19500,4130.78
ORD-10983,2023-07-28,Home Office,North,Technology,Accessories,Wireless Earbuds,3,0,7500,2221.45
ORD-10984,2023-12-12,Corporate,North,Office Supplies,Storage,Storage Box,5,0,4500,1107.71
ORD-10985,2023-05-22,Consumer,East,Office Supplies,Binders,Heavy Binder Set,1,0,600,162.75
ORD-10986,2024-12-03,Home Office,South,Technology,Accessories,Wireless Earbuds,1,0,2500,705.19
ORD-10987,2023-12-29,Corporate,South,Furniture,Chairs,Ergo Office Chair,5,0.2,26000.0,567.2
ORD-10988,2023-12-14,Corporate,South,Office Supplies,Paper,A4 Paper Pack,4,0.2,1120.0,270.56
ORD-10989,2023-02-17,Home Office,East,Furniture,Chairs,Ergo Office Chair,5,0.2,26000.0,1218.62
ORD-10990,2024-04-27,Home Office,West,Furniture,Bookcases,Wooden Bookcase,4,0.1,16200.0,1672.95
ORD-10991,2023-12-04,Corporate,South,Technology,Accessories,Laptop Bag,2,0,3600,1057.46
ORD-10992,2023-12-21,Corporate,South,Furniture,Tables,Standing Desk,1,0,12000,1059.0
ORD-10993,2024-03-30,Consumer,South,Technology,Machines,Laser Printer,5,0,45000,4256.21
ORD-10994,2023-05-02,Corporate,East,Technology,Accessories,Wireless Earbuds,1,0,2500,764.91
ORD-10995,2023-10-05,Corporate,East,Furniture,Chairs,Ergo Office Chair,5,0.2,26000.0,592.15
ORD-10996,2023-04-22,Consumer,North,Office Supplies,Binders,Heavy Binder Set,5,0,3000,848.07
ORD-10997,2023-10-28,Consumer,North,Office Supplies,Binders,Heavy Binder Set,2,0.05,1140.0,324.02
ORD-10998,2024-12-11,Corporate,West,Office Supplies,Storage,Storage Box,5,0,4500,1178.01
ORD-10999,2024-10-22,Corporate,East,Technology,Accessories,Laptop Bag,2,0.1,3240.0,901.64
ORD-11000,2024-05-22,Consumer,East,Office Supplies,Binders,Heavy Binder Set,1,0,600,176.54
ORD-11001,2023-01-19,Corporate,North,Technology,Accessories,Laptop Bag,2,0.05,3420.0,952.78
ORD-11002,2024-03-22,Corporate,South,Furniture,Chairs,Ergo Office Chair,5,0.1,29250.0,2859.82
ORD-11003,2023-01-17,Consumer,West,Office Supplies,Storage,Storage Box,4,0.2,2880.0,413.93
ORD-11004,2023-05-27,Consumer,East,Furniture,Bookcases,Wooden Bookcase,5,0.1,20250.0,1841.22
ORD-11005,2023-10-24,Corporate,East,Office Supplies,Paper,A4 Paper Pack,3,0.05,997.5,309.05
ORD-11006,2023-09-22,Corporate,West,Office Supplies,Binders,Heavy Binder Set,5,0,3000,771.77
ORD-11007,2024-08-16,Corporate,West,Furniture,Tables,Standing Desk,2,0.2,19200.0,338.47
ORD-11008,2023-04-15,Corporate,West,Technology,Accessories,Laptop Bag,5,0,9000,2623.42
ORD-11009,2024-12-24,Home Office,West,Office Supplies,Storage,Storage Box,3,0,2700,768.56
ORD-11010,2023-03-08,Corporate,South,Office Supplies,Paper,A4 Paper Pack,3,0.05,997.5,293.26
ORD-11011,2023-05-30,Corporate,East,Office Supplies,Paper,A4 Paper Pack,3,0.1,945.0,273.34
ORD-11012,2023-12-28,Consumer,East,Office Supplies,Binders,Heavy Binder Set,2,0,1200,363.96
ORD-11013,2023-08-14,Corporate,West,Office Supplies,Binders,Heavy Binder Set,1,0.2,480.0,83.17
ORD-11014,2023-05-15,Corporate,North,Furniture,Chairs,Ergo Office Chair,1,0,6500,1307.65
ORD-11015,2024-03-15,Corporate,West,Furniture,Bookcases,Wooden Bookcase,5,0.05,21375.0,2677.13
ORD-11016,2024-12-14,Consumer,East,Technology,Accessories,Wireless Earbuds,3,0.1,6750.0,1745.8
ORD-11017,2023-05-03,Home Office,South,Technology,Phones,Smartphone X,2,0,36000,4927.81
ORD-11018,2023-09-26,Corporate,North,Technology,Phones,Smartphone X,3,0,54000,7212.3
ORD-11019,2023-08-06,Home Office,South,Office Supplies,Storage,Storage Box,1,0.1,810.0,134.06
ORD-11020,2024-07-18,Corporate,East,Technology,Accessories,Laptop Bag,2,0.1,3240.0,796.42
ORD-11021,2023-07-23,Consumer,North,Furniture,Bookcases,Wooden Bookcase,1,0.1,4050.0,390.44
ORD-11022,2023-04-13,Consumer,North,Furniture,Tables,Standing Desk,3,0.05,34200.0,2153.22
ORD-11023,2023-06-13,Home Office,North,Office Supplies,Storage,Storage Box,2,0,1800,492.5
ORD-11024,2023-11-06,Corporate,East,Technology,Accessories,Wireless Earbuds,1,0,2500,834.68
ORD-11025,2023-08-23,Home Office,East,Furniture,Bookcases,Wooden Bookcase,2,0.05,8550.0,1292.57
ORD-11026,2023-05-10,Consumer,South,Furniture,Tables,Standing Desk,1,0.2,9600.0,49.59
ORD-11027,2024-09-25,Consumer,North,Technology,Machines,Laser Printer,2,0,18000,1620.5
ORD-11028,2023-11-11,Corporate,North,Technology,Accessories,Wireless Earbuds,1,0,2500,804.94
ORD-11029,2023-05-28,Consumer,East,Technology,Phones,Smartphone X,5,0.1,81000.0,3624.04
ORD-11030,2023-02-02,Home Office,South,Furniture,Tables,Standing Desk,1,0,12000,1471.08
ORD-11031,2024-03-07,Consumer,South,Furniture,Chairs,Ergo Office Chair,2,0.2,10400.0,500.48
ORD-11032,2024-09-17,Home Office,South,Furniture,Tables,Standing Desk,5,0,60000,5290.58
ORD-11033,2024-01-05,Home Office,South,Technology,Accessories,Wireless Earbuds,1,0.1,2250.0,587.38
ORD-11034,2024-06-11,Home Office,North,Furniture,Tables,Standing Desk,2,0.1,21600.0,7.48
ORD-11035,2024-11-10,Consumer,West,Office Supplies,Storage,Storage Box,4,0,3600,957.06
ORD-11036,2024-05-10,Corporate,South,Technology,Accessories,Wireless Earbuds,2,0,5000,1692.52
ORD-11037,2024-01-12,Consumer,South,Office Supplies,Paper,A4 Paper Pack,1,0,350,111.96
ORD-11038,2023-12-29,Consumer,East,Furniture,Bookcases,Wooden Bookcase,3,0.1,12150.0,1309.42
ORD-11039,2023-12-28,Corporate,West,Office Supplies,Paper,A4 Paper Pack,3,0.05,997.5,327.21
ORD-11040,2023-06-19,Consumer,West,Office Supplies,Paper,A4 Paper Pack,3,0.05,997.5,294.37
ORD-11041,2024-11-20,Corporate,North,Furniture,Bookcases,Wooden Bookcase,2,0,9000,1709.08
ORD-11042,2023-10-23,Corporate,North,Office Supplies,Storage,Storage Box,1,0,900,199.32
ORD-11043,2024-06-30,Corporate,South,Technology,Machines,Laser Printer,1,0,9000,1422.15
ORD-11044,2024-03-12,Home Office,West,Office Supplies,Paper,A4 Paper Pack,1,0,350,131.97
ORD-11045,2023-07-29,Home Office,West,Technology,Accessories,Laptop Bag,5,0,9000,3064.54
ORD-11046,2023-09-25,Consumer,West,Technology,Accessories,Laptop Bag,4,0.05,6840.0,1989.85
ORD-11047,2023-03-23,Consumer,North,Furniture,Tables,Standing Desk,4,0.05,45600.0,2210.04
ORD-11048,2023-03-16,Consumer,West,Technology,Phones,Smartphone X,1,0.05,17100.0,2124.65
ORD-11049,2024-03-20,Consumer,North,Furniture,Bookcases,Wooden Bookcase,2,0,9000,1437.82
ORD-11050,2024-05-01,Home Office,West,Office Supplies,Storage,Storage Box,4,0.05,3420.0,670.85
ORD-11051,2023-12-25,Home Office,North,Furniture,Tables,Standing Desk,5,0,60000,7485.51
ORD-11052,2024-11-29,Corporate,West,Technology,Phones,Smartphone X,4,0,72000,9409.71
ORD-11053,2023-11-23,Corporate,South,Technology,Phones,Smartphone X,1,0,18000,2601.6
ORD-11054,2023-12-26,Consumer,West,Technology,Machines,Laser Printer,3,0.2,21600.0,-191.67
ORD-11055,2024-04-30,Consumer,North,Office Supplies,Storage,Storage Box,5,0.05,4275.0,932.26
ORD-11056,2023-10-19,Corporate,East,Office Supplies,Binders,Heavy Binder Set,5,0.05,2850.0,739.16
ORD-11057,2023-08-29,Corporate,East,Technology,Phones,Smartphone X,5,0,90000,9923.03
ORD-11058,2024-08-21,Consumer,West,Technology,Accessories,Laptop Bag,1,0.2,1440.0,269.71
ORD-11059,2023-09-17,Consumer,South,Furniture,Bookcases,Wooden Bookcase,4,0,18000,2061.29
ORD-11060,2023-06-26,Consumer,East,Furniture,Tables,Standing Desk,5,0,60000,7969.87
ORD-11061,2023-03-28,Corporate,West,Technology,Machines,Laser Printer,1,0.1,8100.0,373.32
ORD-11062,2024-02-21,Home Office,North,Office Supplies,Paper,A4 Paper Pack,3,0,1050,383.96
ORD-11063,2024-12-22,Consumer,West,Office Supplies,Paper,A4 Paper Pack,5,0.05,1662.5,508.38
ORD-11064,2023-03-17,Home Office,East,Furniture,Chairs,Ergo Office Chair,3,0.05,18525.0,2782.85
ORD-11065,2023-05-06,Home Office,North,Furniture,Tables,Standing Desk,3,0.05,34200.0,1578.01
ORD-11066,2024-09-13,Corporate,West,Office Supplies,Storage,Storage Box,2,0,1800,416.18
ORD-11067,2024-08-17,Consumer,East,Technology,Accessories,Laptop Bag,1,0.2,1440.0,327.65
ORD-11068,2023-07-25,Corporate,North,Technology,Accessories,Laptop Bag,5,0.05,8550.0,2429.64
ORD-11069,2024-04-24,Home Office,East,Furniture,Tables,Standing Desk,5,0,60000,5677.97
ORD-11070,2023-05-31,Home Office,South,Office Supplies,Paper,A4 Paper Pack,3,0.1,945.0,275.21
ORD-11071,2024-10-12,Home Office,West,Office Supplies,Storage,Storage Box,2,0.1,1620.0,307.7
ORD-11072,2023-07-21,Home Office,North,Office Supplies,Storage,Storage Box,5,0.05,4275.0,1089.15
ORD-11073,2024-01-18,Home Office,East,Furniture,Bookcases,Wooden Bookcase,4,0,18000,2326.14
ORD-11074,2024-09-16,Corporate,East,Office Supplies,Paper,A4 Paper Pack,3,0,1050,378.75
ORD-11075,2024-08-31,Corporate,South,Technology,Machines,Laser Printer,3,0.2,21600.0,174.93
ORD-11076,2023-03-27,Corporate,West,Furniture,Chairs,Ergo Office Chair,1,0,6500,1324.46
ORD-11077,2023-12-22,Consumer,South,Office Supplies,Paper,A4 Paper Pack,4,0.2,1120.0,293.95
ORD-11078,2023-07-24,Consumer,North,Technology,Phones,Smartphone X,3,0,54000,8245.46
ORD-11079,2024-12-07,Consumer,East,Office Supplies,Binders,Heavy Binder Set,1,0,600,185.26
ORD-11080,2024-03-17,Consumer,West,Technology,Accessories,Wireless Earbuds,4,0,10000,3137.34
ORD-11081,2024-11-23,Home Office,North,Technology,Machines,Laser Printer,2,0,18000,2262.2
ORD-11082,2024-01-17,Consumer,South,Technology,Accessories,Laptop Bag,5,0,9000,2877.44
ORD-11083,2024-03-16,Home Office,South,Furniture,Bookcases,Wooden Bookcase,3,0.1,12150.0,1324.09
ORD-11084,2024-11-18,Corporate,West,Furniture,Chairs,Ergo Office Chair,2,0,13000,2002.16
ORD-11085,2023-10-31,Home Office,North,Technology,Accessories,Laptop Bag,1,0.05,1710.0,500.48
ORD-11086,2023-08-26,Corporate,South,Office Supplies,Paper,A4 Paper Pack,4,0.2,1120.0,234.87
ORD-11087,2023-09-30,Home Office,North,Furniture,Bookcases,Wooden Bookcase,3,0,13500,2182.03
ORD-11088,2024-09-14,Corporate,East,Technology,Phones,Smartphone X,2,0,36000,5191.86
ORD-11089,2024-10-27,Corporate,North,Technology,Accessories,Wireless Earbuds,5,0,12500,4107.65
ORD-11090,2024-10-31,Consumer,East,Office Supplies,Paper,A4 Paper Pack,3,0,1050,333.08
ORD-11091,2023-06-08,Home Office,West,Technology,Machines,Laser Printer,4,0.2,28800.0,-421.21
ORD-11092,2024-08-05,Corporate,East,Furniture,Tables,Standing Desk,1,0.05,11400.0,771.64
ORD-11093,2024-06-12,Consumer,East,Technology,Accessories,Wireless Earbuds,2,0.2,4000.0,643.51
ORD-11094,2023-11-08,Consumer,South,Office Supplies,Storage,Storage Box,3,0.05,2565.0,604.36
ORD-11095,2024-04-08,Corporate,East,Technology,Machines,Laser Printer,1,0.05,8550.0,564.35
ORD-11096,2024-02-27,Home Office,South,Technology,Accessories,Wireless Earbuds,2,0,5000,1506.55
ORD-11097,2024-09-18,Home Office,South,Office Supplies,Paper,A4 Paper Pack,3,0.05,997.5,317.47
ORD-11098,2023-07-15,Corporate,East,Technology,Accessories,Laptop Bag,3,0,5400,1597.82
ORD-11099,2023-05-17,Consumer,South,Office Supplies,Paper,A4 Paper Pack,5,0,1750,545.4
ORD-11100,2024-10-29,Consumer,North,Office Supplies,Binders,Heavy Binder Set,2,0,1200,355.32
ORD-11101,2023-10-26,Corporate,South,Office Supplies,Paper,A4 Paper Pack,5,0,1750,563.4
ORD-11102,2024-11-26,Corporate,West,Technology,Accessories,Wireless Earbuds,1,0.2,2000.0,364.13
ORD-11103,2023-03-31,Corporate,West,Furniture,Chairs,Ergo Office Chair,2,0,13000,2119.48
ORD-11104,2023-04-08,Corporate,South,Furniture,Chairs,Ergo Office Chair,5,0,32500,7137.54
ORD-11105,2023-11-07,Corporate,South,Office Supplies,Paper,A4 Paper Pack,2,0,700,233.25
ORD-11106,2024-03-29,Corporate,North,Furniture,Chairs,Ergo Office Chair,3,0.1,17550.0,2364.71
ORD-11107,2023-01-08,Consumer,West,Technology,Machines,Laser Printer,3,0.2,21600.0,-177.03
ORD-11108,2024-06-06,Consumer,North,Technology,Accessories,Laptop Bag,3,0,5400,1553.16
ORD-11109,2023-09-08,Home Office,North,Furniture,Chairs,Ergo Office Chair,4,0,26000,5713.22
ORD-11110,2023-01-05,Corporate,East,Office Supplies,Storage,Storage Box,5,0.05,4275.0,872.96
ORD-11111,2023-04-10,Consumer,West,Office Supplies,Storage,Storage Box,1,0.1,810.0,133.12
ORD-11112,2024-11-14,Home Office,West,Office Supplies,Binders,Heavy Binder Set,2,0,1200,318.46
ORD-11113,2023-04-17,Corporate,East,Technology,Accessories,Wireless Earbuds,3,0,7500,2537.11
ORD-11114,2024-07-05,Corporate,East,Office Supplies,Paper,A4 Paper Pack,3,0,1050,376.99
ORD-11115,2023-11-19,Consumer,West,Technology,Machines,Laser Printer,3,0.2,21600.0,854.61
ORD-11116,2023-02-09,Corporate,East,Technology,Machines,Laser Printer,1,0,9000,851.86
ORD-11117,2023-05-03,Corporate,North,Office Supplies,Binders,Heavy Binder Set,4,0,2400,767.08
ORD-11118,2023-11-22,Home Office,South,Office Supplies,Storage,Storage Box,4,0.05,3420.0,750.48
ORD-11119,2023-04-03,Consumer,East,Technology,Accessories,Wireless Earbuds,2,0,5000,1372.26
ORD-11120,2024-02-18,Consumer,South,Technology,Accessories,Laptop Bag,2,0.1,3240.0,971.48
ORD-11121,2023-11-05,Corporate,North,Technology,Accessories,Wireless Earbuds,2,0.05,4750.0,1349.73
ORD-11122,2023-08-02,Consumer,East,Technology,Accessories,Wireless Earbuds,4,0,10000,3072.27
ORD-11123,2023-04-26,Corporate,East,Technology,Accessories,Wireless Earbuds,4,0.2,8000.0,1542.11
ORD-11124,2024-03-12,Corporate,East,Technology,Phones,Smartphone X,3,0,54000,8234.67
ORD-11125,2024-11-26,Home Office,East,Technology,Accessories,Laptop Bag,2,0,3600,1256.62
ORD-11126,2023-08-31,Corporate,North,Technology,Phones,Smartphone X,1,0.1,16200.0,1881.66
ORD-11127,2023-10-25,Consumer,South,Technology,Machines,Laser Printer,2,0.05,17100.0,977.01
ORD-11128,2023-10-18,Home Office,South,Office Supplies,Paper,A4 Paper Pack,3,0.2,840.0,210.17
ORD-11129,2023-04-01,Corporate,South,Office Supplies,Binders,Heavy Binder Set,4,0.2,1920.0,354.26
ORD-11130,2023-09-27,Corporate,West,Technology,Accessories,Wireless Earbuds,3,0.1,6750.0,1457.93
ORD-11131,2023-12-16,Corporate,East,Technology,Accessories,Laptop Bag,5,0.05,8550.0,2199.21
ORD-11132,2024-03-27,Corporate,West,Office Supplies,Paper,A4 Paper Pack,4,0,1400,438.53
ORD-11133,2024-05-13,Home Office,North,Technology,Machines,Laser Printer,4,0.1,32400.0,2279.82
ORD-11134,2023-08-07,Consumer,East,Office Supplies,Paper,A4 Paper Pack,1,0.05,332.5,101.09
ORD-11135,2024-09-14,Home Office,North,Office Supplies,Storage,Storage Box,4,0,3600,919.74
ORD-11136,2024-11-06,Consumer,West,Office Supplies,Storage,Storage Box,1,0.1,810.0,149.03
ORD-11137,2024-05-01,Consumer,North,Technology,Accessories,Laptop Bag,3,0,5400,1622.1
ORD-11138,2023-03-27,Consumer,North,Office Supplies,Binders,Heavy Binder Set,2,0,1200,368.92
ORD-11139,2023-11-05,Home Office,West,Furniture,Tables,Standing Desk,3,0.1,32400.0,1876.85
ORD-11140,2024-04-03,Consumer,East,Furniture,Tables,Standing Desk,3,0,36000,2767.88
ORD-11141,2024-10-06,Corporate,North,Technology,Accessories,Wireless Earbuds,4,0.1,9000.0,1812.9
ORD-11142,2023-01-10,Home Office,West,Office Supplies,Binders,Heavy Binder Set,4,0.2,1920.0,292.62
ORD-11143,2023-08-16,Home Office,West,Technology,Accessories,Laptop Bag,3,0.2,4320.0,924.07
ORD-11144,2024-08-17,Consumer,North,Technology,Accessories,Wireless Earbuds,2,0,5000,1305.55
ORD-11145,2024-05-27,Consumer,South,Furniture,Chairs,Ergo Office Chair,1,0,6500,1160.18
ORD-11146,2023-11-19,Corporate,South,Office Supplies,Storage,Storage Box,2,0,1800,421.33
ORD-11147,2023-12-14,Home Office,West,Technology,Phones,Smartphone X,1,0,18000,3099.48
ORD-11148,2024-12-07,Consumer,East,Office Supplies,Binders,Heavy Binder Set,1,0.05,570.0,146.39
ORD-11149,2024-02-22,Home Office,West,Office Supplies,Paper,A4 Paper Pack,1,0,350,108.72
ORD-11150,2024-12-18,Corporate,North,Office Supplies,Binders,Heavy Binder Set,5,0.1,2700.0,643.91
ORD-11151,2023-12-23,Home Office,West,Office Supplies,Binders,Heavy Binder Set,5,0.1,2700.0,642.52
ORD-11152,2023-06-24,Corporate,North,Technology,Phones,Smartphone X,5,0,90000,12038.43
ORD-11153,2023-07-21,Home Office,East,Office Supplies,Paper,A4 Paper Pack,4,0,1400,489.42
ORD-11154,2023-11-27,Consumer,West,Office Supplies,Paper,A4 Paper Pack,1,0,350,116.56
ORD-11155,2023-09-16,Home Office,East,Furniture,Chairs,Ergo Office Chair,5,0,32500,6077.91
ORD-11156,2024-11-09,Corporate,West,Office Supplies,Binders,Heavy Binder Set,2,0,1200,357.41
ORD-11157,2024-09-07,Corporate,North,Furniture,Bookcases,Wooden Bookcase,4,0,18000,2875.45
ORD-11158,2024-05-06,Corporate,North,Technology,Machines,Laser Printer,2,0,18000,1665.09
ORD-11159,2024-08-09,Consumer,North,Office Supplies,Binders,Heavy Binder Set,3,0,1800,462.16
ORD-11160,2023-09-27,Home Office,North,Furniture,Tables,Standing Desk,3,0.2,28800.0,-1362.57
ORD-11161,2024-08-19,Consumer,South,Furniture,Bookcases,Wooden Bookcase,4,0,18000,2869.29
ORD-11162,2023-12-23,Home Office,East,Furniture,Bookcases,Wooden Bookcase,3,0,13500,2316.7
ORD-11163,2024-10-22,Consumer,West,Office Supplies,Storage,Storage Box,5,0.2,3600.0,353.99
ORD-11164,2024-08-13,Consumer,North,Technology,Accessories,Wireless Earbuds,1,0.1,2250.0,559.74
ORD-11165,2024-01-06,Consumer,East,Technology,Machines,Laser Printer,1,0,9000,1375.91
ORD-11166,2024-06-05,Consumer,East,Office Supplies,Storage,Storage Box,4,0.2,2880.0,459.76
ORD-11167,2023-09-09,Corporate,North,Technology,Machines,Laser Printer,1,0,9000,1036.16
ORD-11168,2023-07-04,Consumer,East,Office Supplies,Binders,Heavy Binder Set,3,0,1800,504.72
ORD-11169,2023-10-07,Consumer,West,Office Supplies,Paper,A4 Paper Pack,3,0.2,840.0,204.29
ORD-11170,2024-08-04,Corporate,East,Technology,Machines,Laser Printer,4,0.05,34200.0,4221.7
ORD-11171,2024-11-23,Home Office,North,Office Supplies,Binders,Heavy Binder Set,2,0,1200,356.89
ORD-11172,2023-03-05,Corporate,North,Furniture,Bookcases,Wooden Bookcase,4,0,18000,2605.06
ORD-11173,2024-04-30,Home Office,East,Technology,Machines,Laser Printer,5,0,45000,7119.84
ORD-11174,2023-11-07,Corporate,North,Office Supplies,Storage,Storage Box,3,0.2,2160.0,322.74
ORD-11175,2024-09-03,Corporate,South,Office Supplies,Storage,Storage Box,5,0,4500,1197.11
ORD-11176,2024-10-16,Corporate,West,Technology,Accessories,Laptop Bag,5,0.2,7200.0,1406.67
ORD-11177,2024-07-26,Corporate,South,Furniture,Tables,Standing Desk,1,0,12000,1235.94
ORD-11178,2024-01-16,Home Office,East,Office Supplies,Storage,Storage Box,3,0,2700,587.05
ORD-11179,2024-01-17,Home Office,East,Technology,Machines,Laser Printer,1,0,9000,1361.03
ORD-11180,2023-07-01,Consumer,East,Furniture,Tables,Standing Desk,4,0.1,43200.0,381.69
ORD-11181,2023-07-15,Home Office,North,Office Supplies,Storage,Storage Box,3,0,2700,577.31
ORD-11182,2023-11-27,Consumer,South,Technology,Accessories,Laptop Bag,1,0.05,1710.0,473.87
ORD-11183,2023-09-21,Corporate,South,Furniture,Tables,Standing Desk,5,0.2,48000.0,-2342.51
ORD-11184,2023-03-21,Corporate,West,Office Supplies,Storage,Storage Box,5,0,4500,1241.22
ORD-11185,2023-03-15,Corporate,South,Office Supplies,Paper,A4 Paper Pack,4,0,1400,444.33
ORD-11186,2023-12-16,Corporate,West,Office Supplies,Binders,Heavy Binder Set,1,0,600,176.49
ORD-11187,2024-10-06,Corporate,West,Technology,Accessories,Laptop Bag,4,0.2,5760.0,1116.71
ORD-11188,2024-06-23,Corporate,West,Office Supplies,Paper,A4 Paper Pack,2,0,700,245.32
ORD-11189,2023-04-08,Corporate,West,Office Supplies,Storage,Storage Box,5,0,4500,1195.01
ORD-11190,2023-01-25,Consumer,West,Technology,Machines,Laser Printer,5,0,45000,6918.11
ORD-11191,2023-03-24,Consumer,North,Furniture,Bookcases,Wooden Bookcase,5,0,22500,2547.51
ORD-11192,2023-10-06,Consumer,South,Furniture,Bookcases,Wooden Bookcase,3,0,13500,2009.8
ORD-11193,2024-08-01,Consumer,South,Office Supplies,Paper,A4 Paper Pack,1,0,350,133.39
ORD-11194,2024-08-28,Consumer,North,Office Supplies,Binders,Heavy Binder Set,1,0,600,170.28
ORD-11195,2023-11-06,Corporate,West,Technology,Accessories,Laptop Bag,3,0.1,4860.0,1245.08
ORD-11196,2023-12-15,Corporate,West,Technology,Accessories,Laptop Bag,2,0,3600,1153.37
ORD-11197,2024-05-06,Home Office,West,Technology,Machines,Laser Printer,3,0,27000,3887.59
ORD-11198,2023-10-17,Home Office,West,Office Supplies,Paper,A4 Paper Pack,3,0.1,945.0,239.71
ORD-11199,2024-06-26,Home Office,East,Technology,Accessories,Wireless Earbuds,2,0.2,4000.0,567.94
ORD-11200,2024-02-16,Home Office,North,Technology,Accessories,Wireless Earbuds,5,0,12500,3442.43
ORD-11201,2024-12-03,Consumer,North,Office Supplies,Storage,Storage Box,2,0.05,1710.0,376.56
ORD-11202,2024-04-29,Consumer,South,Office Supplies,Storage,Storage Box,2,0,1800,417.59
ORD-11203,2024-09-05,Home Office,East,Technology,Accessories,Laptop Bag,4,0,7200,2480.79
ORD-11204,2023-10-27,Consumer,West,Technology,Phones,Smartphone X,4,0,72000,9158.15
ORD-11205,2023-01-19,Consumer,North,Office Supplies,Storage,Storage Box,3,0.05,2565.0,514.47
ORD-11206,2024-02-01,Consumer,South,Furniture,Tables,Standing Desk,2,0,24000,1930.66
ORD-11207,2023-08-19,Corporate,South,Office Supplies,Paper,A4 Paper Pack,2,0,700,251.41
ORD-11208,2023-01-21,Consumer,West,Technology,Phones,Smartphone X,3,0.05,51300.0,3996.25
ORD-11209,2024-10-20,Consumer,South,Furniture,Tables,Standing Desk,4,0,48000,3079.21
ORD-11210,2023-12-27,Corporate,West,Office Supplies,Storage,Storage Box,4,0,3600,833.55
ORD-11211,2024-02-10,Consumer,North,Technology,Accessories,Wireless Earbuds,4,0,10000,2926.0
ORD-11212,2023-07-22,Home Office,South,Technology,Accessories,Laptop Bag,1,0,1800,613.87
ORD-11213,2023-08-17,Home Office,South,Office Supplies,Paper,A4 Paper Pack,4,0,1400,528.78
ORD-11214,2024-08-01,Consumer,West,Technology,Machines,Laser Printer,3,0.1,24300.0,2401.44
ORD-11215,2024-12-05,Corporate,East,Office Supplies,Storage,Storage Box,4,0,3600,756.29
ORD-11216,2024-04-25,Corporate,East,Technology,Machines,Laser Printer,1,0,9000,1392.12
ORD-11217,2024-03-15,Home Office,East,Office Supplies,Paper,A4 Paper Pack,3,0.2,840.0,173.9
ORD-11218,2023-02-04,Corporate,North,Office Supplies,Storage,Storage Box,5,0,4500,1053.23
ORD-11219,2024-09-05,Home Office,East,Office Supplies,Storage,Storage Box,3,0.05,2565.0,504.97
ORD-11220,2024-10-14,Consumer,East,Furniture,Bookcases,Wooden Bookcase,3,0.2,10800.0,283.15
ORD-11221,2023-09-14,Home Office,South,Office Supplies,Binders,Heavy Binder Set,5,0,3000,723.81
ORD-11222,2024-04-20,Consumer,South,Technology,Phones,Smartphone X,5,0.05,85500.0,6014.27
ORD-11223,2023-11-03,Home Office,North,Office Supplies,Binders,Heavy Binder Set,4,0.1,2160.0,402.82
ORD-11224,2024-01-30,Corporate,East,Office Supplies,Binders,Heavy Binder Set,1,0,600,190.66
ORD-11225,2023-10-16,Consumer,West,Technology,Phones,Smartphone X,1,0.05,17100.0,1703.82
ORD-11226,2023-01-08,Corporate,South,Technology,Phones,Smartphone X,3,0.2,43200.0,2320.35
ORD-11227,2023-03-09,Corporate,East,Technology,Accessories,Laptop Bag,3,0.2,4320.0,767.63
ORD-11228,2023-01-28,Home Office,West,Office Supplies,Binders,Heavy Binder Set,5,0,3000,721.71
ORD-11229,2023-03-25,Home Office,South,Furniture,Tables,Standing Desk,5,0.1,54000.0,2134.13
ORD-11230,2024-04-30,Home Office,South,Technology,Accessories,Laptop Bag,5,0.1,8100.0,1895.74
ORD-11231,2024-07-04,Home Office,East,Technology,Machines,Laser Printer,3,0.1,24300.0,2149.05
ORD-11232,2023-05-25,Home Office,West,Technology,Phones,Smartphone X,5,0.1,81000.0,4878.93
ORD-11233,2023-01-02,Corporate,East,Office Supplies,Paper,A4 Paper Pack,1,0,350,120.61
ORD-11234,2023-04-02,Consumer,South,Office Supplies,Storage,Storage Box,4,0.05,3420.0,714.5
ORD-11235,2023-02-05,Corporate,South,Office Supplies,Paper,A4 Paper Pack,5,0.05,1662.5,507.56
ORD-11236,2023-09-09,Home Office,West,Technology,Accessories,Laptop Bag,1,0.2,1440.0,256.39
ORD-11237,2024-12-03,Consumer,North,Furniture,Chairs,Ergo Office Chair,2,0,13000,2162.39
ORD-11238,2023-01-21,Corporate,East,Office Supplies,Paper,A4 Paper Pack,1,0.1,315.0,98.84
ORD-11239,2023-07-05,Corporate,South,Office Supplies,Binders,Heavy Binder Set,2,0,1200,367.92
ORD-11240,2024-11-23,Home Office,West,Technology,Accessories,Laptop Bag,5,0.05,8550.0,2660.14
ORD-11241,2024-02-29,Home Office,North,Technology,Accessories,Wireless Earbuds,1,0,2500,725.48
ORD-11242,2024-07-31,Home Office,West,Technology,Phones,Smartphone X,4,0,72000,8936.47
ORD-11243,2023-02-19,Corporate,West,Technology,Phones,Smartphone X,5,0,90000,11123.4
ORD-11244,2023-03-14,Home Office,North,Office Supplies,Paper,A4 Paper Pack,2,0.1,630.0,197.19
ORD-11245,2023-11-30,Corporate,North,Office Supplies,Binders,Heavy Binder Set,4,0.1,2160.0,495.8
ORD-11246,2023-12-01,Consumer,North,Furniture,Bookcases,Wooden Bookcase,5,0,22500,2669.41
ORD-11247,2024-03-11,Corporate,East,Furniture,Chairs,Ergo Office Chair,5,0,32500,6207.15
ORD-11248,2023-11-09,Consumer,North,Technology,Accessories,Laptop Bag,4,0,7200,2156.06
ORD-11249,2023-04-06,Corporate,East,Technology,Accessories,Laptop Bag,4,0.1,6480.0,1923.13
ORD-11250,2024-03-04,Home Office,East,Office Supplies,Storage,Storage Box,2,0,1800,445.61
ORD-11251,2023-08-07,Consumer,North,Technology,Phones,Smartphone X,5,0.1,81000.0,7501.75
ORD-11252,2023-06-28,Consumer,South,Office Supplies,Storage,Storage Box,1,0.05,855.0,177.42
ORD-11253,2024-08-02,Home Office,West,Furniture,Bookcases,Wooden Bookcase,2,0.2,7200.0,202.02
ORD-11254,2024-03-16,Home Office,East,Furniture,Bookcases,Wooden Bookcase,5,0.1,20250.0,2572.67
ORD-11255,2023-11-07,Consumer,West,Technology,Machines,Laser Printer,1,0.05,8550.0,1026.76
ORD-11256,2023-06-14,Home Office,South,Technology,Phones,Smartphone X,2,0.2,28800.0,-45.45
ORD-11257,2023-06-29,Consumer,East,Furniture,Bookcases,Wooden Bookcase,4,0,18000,2556.45
ORD-11258,2023-01-08,Corporate,West,Furniture,Bookcases,Wooden Bookcase,1,0.1,4050.0,239.82
ORD-11259,2023-05-27,Consumer,South,Technology,Accessories,Laptop Bag,3,0,5400,1933.33
ORD-11260,2023-08-02,Home Office,South,Furniture,Chairs,Ergo Office Chair,3,0.2,15600.0,529.51
ORD-11261,2023-05-15,Consumer,South,Technology,Phones,Smartphone X,2,0,36000,6222.67
ORD-11262,2023-10-11,Consumer,East,Technology,Accessories,Wireless Earbuds,3,0,7500,2133.04
ORD-11263,2024-08-21,Home Office,North,Technology,Machines,Laser Printer,5,0.1,40500.0,3666.59
ORD-11264,2023-03-31,Home Office,East,Technology,Machines,Laser Printer,2,0,18000,2206.88
ORD-11265,2023-08-27,Home Office,South,Office Supplies,Paper,A4 Paper Pack,2,0,700,259.73
ORD-11266,2024-09-23,Home Office,East,Furniture,Tables,Standing Desk,2,0,24000,1914.57
ORD-11267,2024-10-07,Consumer,West,Office Supplies,Storage,Storage Box,5,0.05,4275.0,841.06
ORD-11268,2024-08-07,Home Office,East,Technology,Accessories,Laptop Bag,1,0,1800,577.24
ORD-11269,2023-12-31,Home Office,West,Office Supplies,Binders,Heavy Binder Set,2,0,1200,356.4
ORD-11270,2024-06-11,Home Office,North,Office Supplies,Binders,Heavy Binder Set,4,0,2400,687.59
ORD-11271,2023-06-05,Corporate,West,Furniture,Chairs,Ergo Office Chair,4,0,26000,4463.47
ORD-11272,2024-10-17,Consumer,South,Technology,Accessories,Laptop Bag,2,0,3600,1081.3
ORD-11273,2024-07-08,Home Office,North,Furniture,Tables,Standing Desk,4,0.1,43200.0,1215.04
ORD-11274,2023-12-08,Corporate,West,Technology,Accessories,Laptop Bag,3,0.05,5130.0,1467.65
ORD-11275,2023-10-03,Consumer,West,Office Supplies,Binders,Heavy Binder Set,3,0,1800,487.06
ORD-11276,2023-06-25,Home Office,North,Technology,Accessories,Wireless Earbuds,3,0,7500,2126.71
ORD-11277,2024-08-03,Consumer,South,Furniture,Chairs,Ergo Office Chair,1,0,6500,947.1
ORD-11278,2023-09-08,Home Office,East,Furniture,Bookcases,Wooden Bookcase,3,0,13500,2289.83
ORD-11279,2023-05-24,Corporate,North,Technology,Accessories,Laptop Bag,2,0.2,2880.0,631.25
ORD-11280,2024-07-22,Home Office,North,Furniture,Tables,Standing Desk,3,0.05,34200.0,3613.75
ORD-11281,2023-12-13,Home Office,South,Office Supplies,Storage,Storage Box,2,0.05,1710.0,338.93
ORD-11282,2023-12-15,Home Office,West,Office Supplies,Storage,Storage Box,5,0.1,4050.0,852.97
ORD-11283,2023-09-13,Home Office,West,Technology,Accessories,Wireless Earbuds,3,0,7500,2207.28
ORD-11284,2023-06-07,Home Office,South,Office Supplies,Binders,Heavy Binder Set,5,0,3000,809.93
ORD-11285,2023-08-18,Corporate,South,Technology,Phones,Smartphone X,4,0.2,57600.0,2692.45
ORD-11286,2023-11-07,Consumer,North,Office Supplies,Paper,A4 Paper Pack,5,0,1750,588.15
ORD-11287,2024-11-09,Home Office,West,Technology,Machines,Laser Printer,3,0.1,24300.0,1710.41
ORD-11288,2024-12-18,Consumer,West,Furniture,Chairs,Ergo Office Chair,4,0,26000,4751.74
ORD-11289,2023-03-23,Consumer,South,Technology,Accessories,Laptop Bag,4,0.2,5760.0,1333.9
ORD-11290,2023-03-20,Home Office,West,Office Supplies,Storage,Storage Box,2,0,1800,497.01
ORD-11291,2023-01-21,Consumer,East,Furniture,Chairs,Ergo Office Chair,1,0.05,6175.0,819.46
ORD-11292,2024-04-30,Consumer,South,Technology,Accessories,Wireless Earbuds,4,0,10000,2894.92
ORD-11293,2023-09-03,Consumer,West,Office Supplies,Paper,A4 Paper Pack,4,0,1400,544.83
ORD-11294,2023-12-17,Consumer,East,Technology,Accessories,Wireless Earbuds,4,0,10000,2703.95
ORD-11295,2023-11-16,Corporate,South,Office Supplies,Binders,Heavy Binder Set,2,0.1,1080.0,244.09
ORD-11296,2024-01-03,Consumer,West,Office Supplies,Binders,Heavy Binder Set,3,0,1800,433.07
ORD-11297,2023-02-18,Home Office,West,Office Supplies,Paper,A4 Paper Pack,5,0,1750,616.12
ORD-11298,2023-12-05,Home Office,West,Technology,Accessories,Laptop Bag,1,0.2,1440.0,240.9
ORD-11299,2023-09-18,Consumer,West,Furniture,Tables,Standing Desk,4,0.1,43200.0,2845.77
ORD-11300,2023-07-07,Home Office,South,Technology,Accessories,Laptop Bag,4,0.05,6840.0,1920.49
ORD-11301,2024-05-29,Consumer,South,Technology,Accessories,Wireless Earbuds,4,0.2,8000.0,1725.24
ORD-11302,2023-07-25,Home Office,South,Office Supplies,Storage,Storage Box,3,0.2,2160.0,352.74
ORD-11303,2024-10-31,Consumer,North,Office Supplies,Paper,A4 Paper Pack,5,0,1750,681.84
ORD-11304,2024-01-04,Consumer,North,Furniture,Bookcases,Wooden Bookcase,4,0.05,17100.0,1593.5
ORD-11305,2023-12-06,Corporate,South,Technology,Accessories,Wireless Earbuds,4,0.05,9500.0,2446.18
ORD-11306,2023-10-23,Consumer,East,Technology,Phones,Smartphone X,3,0,54000,8463.31
ORD-11307,2024-05-08,Home Office,South,Office Supplies,Binders,Heavy Binder Set,4,0.05,2280.0,491.25
ORD-11308,2024-06-09,Consumer,South,Office Supplies,Binders,Heavy Binder Set,2,0.05,1140.0,314.22
ORD-11309,2024-09-11,Home Office,West,Technology,Accessories,Laptop Bag,1,0,1800,546.36
ORD-11310,2023-05-07,Consumer,South,Technology,Phones,Smartphone X,3,0,54000,7303.64
ORD-11311,2024-06-10,Home Office,North,Office Supplies,Storage,Storage Box,2,0.05,1710.0,403.11
ORD-11312,2023-10-19,Consumer,West,Furniture,Tables,Standing Desk,4,0,48000,5177.11
ORD-11313,2024-07-20,Consumer,West,Furniture,Chairs,Ergo Office Chair,3,0,19500,3041.98
ORD-11314,2023-01-21,Consumer,South,Technology,Phones,Smartphone X,3,0,54000,8337.43
ORD-11315,2024-12-04,Corporate,North,Technology,Accessories,Wireless Earbuds,2,0.2,4000.0,613.46
ORD-11316,2024-08-25,Consumer,West,Furniture,Bookcases,Wooden Bookcase,5,0.2,18000.0,92.95
ORD-11317,2024-11-20,Corporate,South,Technology,Accessories,Wireless Earbuds,2,0,5000,1342.35
ORD-11318,2023-01-12,Consumer,North,Furniture,Bookcases,Wooden Bookcase,1,0.05,4275.0,414.77
ORD-11319,2024-04-29,Consumer,West,Furniture,Tables,Standing Desk,5,0,60000,3810.91
ORD-11320,2023-08-15,Home Office,South,Technology,Accessories,Laptop Bag,4,0,7200,2426.42
ORD-11321,2023-07-09,Home Office,West,Technology,Accessories,Wireless Earbuds,5,0,12500,4231.42
ORD-11322,2024-05-14,Home Office,East,Technology,Machines,Laser Printer,3,0,27000,3532.36
ORD-11323,2024-12-17,Home Office,West,Office Supplies,Binders,Heavy Binder Set,1,0,600,144.85
ORD-11324,2023-10-13,Consumer,South,Furniture,Chairs,Ergo Office Chair,5,0.1,29250.0,3988.83
ORD-11325,2023-01-16,Consumer,North,Technology,Accessories,Wireless Earbuds,3,0,7500,2392.75
ORD-11326,2023-02-15,Corporate,South,Furniture,Bookcases,Wooden Bookcase,4,0,18000,2270.9
ORD-11327,2024-04-17,Corporate,South,Furniture,Chairs,Ergo Office Chair,5,0.05,30875.0,5222.21
ORD-11328,2023-07-28,Corporate,North,Technology,Phones,Smartphone X,5,0.05,85500.0,10417.64
ORD-11329,2023-06-22,Consumer,South,Furniture,Bookcases,Wooden Bookcase,3,0,13500,1707.28
ORD-11330,2024-08-15,Consumer,West,Furniture,Chairs,Ergo Office Chair,5,0.05,30875.0,4684.29
ORD-11331,2024-04-08,Consumer,South,Technology,Accessories,Wireless Earbuds,4,0,10000,3362.93
ORD-11332,2024-11-20,Consumer,South,Technology,Machines,Laser Printer,1,0,9000,1146.69
ORD-11333,2024-01-07,Consumer,South,Office Supplies,Paper,A4 Paper Pack,4,0,1400,452.39
ORD-11334,2023-11-11,Corporate,South,Technology,Accessories,Laptop Bag,2,0,3600,1090.18
ORD-11335,2023-07-24,Consumer,West,Office Supplies,Binders,Heavy Binder Set,1,0,600,163.12
ORD-11336,2023-11-22,Consumer,West,Office Supplies,Storage,Storage Box,5,0.2,3600.0,448.83
ORD-11337,2023-01-15,Corporate,South,Office Supplies,Paper,A4 Paper Pack,4,0,1400,518.99
ORD-11338,2024-02-10,Corporate,East,Technology,Machines,Laser Printer,3,0.05,25650.0,2233.91
ORD-11339,2023-10-09,Home Office,West,Technology,Accessories,Laptop Bag,4,0,7200,2207.94
ORD-11340,2023-05-28,Home Office,East,Furniture,Chairs,Ergo Office Chair,1,0,6500,1358.06
ORD-11341,2023-12-26,Corporate,East,Office Supplies,Paper,A4 Paper Pack,4,0.2,1120.0,246.23
ORD-11342,2024-04-16,Consumer,West,Technology,Accessories,Laptop Bag,1,0.05,1710.0,548.57
ORD-11343,2024-11-16,Home Office,East,Technology,Machines,Laser Printer,2,0.05,17100.0,2164.31
ORD-11344,2024-01-08,Corporate,West,Office Supplies,Binders,Heavy Binder Set,3,0.2,1440.0,179.45
ORD-11345,2024-06-26,Corporate,North,Furniture,Chairs,Ergo Office Chair,4,0,26000,5556.65
ORD-11346,2024-05-28,Home Office,South,Technology,Machines,Laser Printer,3,0.1,24300.0,1371.44
ORD-11347,2023-07-11,Consumer,North,Technology,Accessories,Laptop Bag,5,0.2,7200.0,1636.71
ORD-11348,2024-07-23,Consumer,South,Office Supplies,Paper,A4 Paper Pack,4,0.2,1120.0,265.32
ORD-11349,2024-10-09,Home Office,West,Technology,Machines,Laser Printer,4,0,36000,4872.49
ORD-11350,2024-03-06,Corporate,South,Office Supplies,Paper,A4 Paper Pack,1,0,350,126.31
ORD-11351,2023-07-22,Consumer,West,Furniture,Chairs,Ergo Office Chair,4,0.2,20800.0,928.68
ORD-11352,2023-01-02,Corporate,West,Technology,Accessories,Wireless Earbuds,4,0.1,9000.0,2100.13
ORD-11353,2023-05-09,Corporate,South,Furniture,Bookcases,Wooden Bookcase,2,0.2,7200.0,5.38
ORD-11354,2024-01-03,Consumer,South,Technology,Accessories,Wireless Earbuds,4,0.1,9000.0,2386.35
ORD-11355,2023-02-14,Corporate,West,Technology,Machines,Laser Printer,2,0,18000,2855.44
ORD-11356,2024-04-05,Corporate,North,Technology,Accessories,Laptop Bag,1,0.2,1440.0,249.54
ORD-11357,2023-10-10,Consumer,West,Furniture,Tables,Standing Desk,1,0,12000,748.48
ORD-11358,2023-12-22,Consumer,North,Technology,Accessories,Wireless Earbuds,1,0,2500,703.22
ORD-11359,2023-03-14,Corporate,West,Office Supplies,Storage,Storage Box,1,0.05,855.0,195.14
ORD-11360,2023-12-14,Home Office,East,Furniture,Bookcases,Wooden Bookcase,5,0.05,21375.0,2285.5
ORD-11361,2024-12-31,Home Office,North,Furniture,Chairs,Ergo Office Chair,3,0.2,15600.0,809.29
ORD-11362,2024-12-15,Home Office,West,Furniture,Bookcases,Wooden Bookcase,1,0,4500,659.49
ORD-11363,2024-06-18,Home Office,East,Technology,Machines,Laser Printer,1,0.1,8100.0,241.64
ORD-11364,2024-11-28,Home Office,West,Furniture,Chairs,Ergo Office Chair,3,0.05,18525.0,2954.15
ORD-11365,2024-01-12,Corporate,North,Furniture,Chairs,Ergo Office Chair,1,0.2,5200.0,502.34
ORD-11366,2024-04-11,Home Office,West,Technology,Phones,Smartphone X,3,0.2,43200.0,671.52
ORD-11367,2023-10-25,Corporate,North,Technology,Accessories,Laptop Bag,1,0,1800,565.62
ORD-11368,2024-06-25,Home Office,North,Furniture,Tables,Standing Desk,5,0,60000,7017.32
ORD-11369,2023-04-07,Corporate,South,Technology,Accessories,Wireless Earbuds,3,0.2,6000.0,1318.23
ORD-11370,2024-10-22,Consumer,South,Technology,Accessories,Wireless Earbuds,4,0.2,8000.0,1466.03
ORD-11371,2023-05-09,Consumer,South,Technology,Accessories,Wireless Earbuds,1,0.05,2375.0,734.99
ORD-11372,2024-11-13,Corporate,West,Furniture,Bookcases,Wooden Bookcase,4,0,18000,2297.34
ORD-11373,2024-11-29,Corporate,North,Technology,Accessories,Wireless Earbuds,2,0.1,4500.0,1128.08
ORD-11374,2024-08-10,Home Office,North,Furniture,Bookcases,Wooden Bookcase,2,0.1,8100.0,901.59
ORD-11375,2024-04-18,Home Office,West,Office Supplies,Paper,A4 Paper Pack,4,0.2,1120.0,270.33
ORD-11376,2024-08-20,Consumer,North,Furniture,Chairs,Ergo Office Chair,3,0,19500,3183.92
ORD-11377,2023-09-13,Home Office,East,Technology,Accessories,Laptop Bag,2,0.2,2880.0,677.84
ORD-11378,2023-04-06,Corporate,North,Furniture,Bookcases,Wooden Bookcase,4,0.1,16200.0,1765.05
ORD-11379,2024-03-09,Corporate,South,Furniture,Chairs,Ergo Office Chair,4,0.05,24700.0,3348.61
ORD-11380,2024-01-16,Consumer,West,Technology,Accessories,Laptop Bag,5,0,9000,2596.74
ORD-11381,2023-08-26,Consumer,East,Furniture,Tables,Standing Desk,2,0.05,22800.0,1924.29
ORD-11382,2023-04-20,Home Office,North,Technology,Phones,Smartphone X,5,0,90000,11224.02
ORD-11383,2023-07-25,Corporate,East,Technology,Accessories,Laptop Bag,4,0.2,5760.0,1303.46
ORD-11384,2024-06-02,Home Office,South,Office Supplies,Paper,A4 Paper Pack,1,0,350,112.78
ORD-11385,2024-09-19,Home Office,West,Furniture,Chairs,Ergo Office Chair,1,0,6500,1355.52
ORD-11386,2023-08-13,Corporate,West,Technology,Machines,Laser Printer,1,0.1,8100.0,416.2
ORD-11387,2024-12-25,Corporate,East,Office Supplies,Paper,A4 Paper Pack,4,0,1400,493.12
ORD-11388,2024-05-28,Corporate,North,Furniture,Chairs,Ergo Office Chair,5,0.05,30875.0,3636.63
ORD-11389,2024-09-20,Consumer,West,Furniture,Tables,Standing Desk,4,0.2,38400.0,-1801.13
ORD-11390,2024-05-27,Home Office,South,Furniture,Tables,Standing Desk,2,0,24000,1858.82
ORD-11391,2024-06-26,Consumer,South,Technology,Phones,Smartphone X,3,0.2,43200.0,2094.82
ORD-11392,2023-10-09,Corporate,South,Office Supplies,Paper,A4 Paper Pack,2,0,700,222.38
ORD-11393,2024-11-24,Corporate,South,Technology,Accessories,Wireless Earbuds,5,0.2,10000.0,1670.79
ORD-11394,2024-04-05,Corporate,West,Office Supplies,Paper,A4 Paper Pack,2,0,700,223.65
ORD-11395,2023-08-16,Home Office,North,Technology,Accessories,Laptop Bag,2,0.2,2880.0,632.49
ORD-11396,2024-07-28,Corporate,North,Office Supplies,Paper,A4 Paper Pack,3,0.2,840.0,203.49
ORD-11397,2023-04-01,Home Office,South,Technology,Accessories,Wireless Earbuds,1,0.05,2375.0,668.12
ORD-11398,2023-01-18,Home Office,North,Technology,Accessories,Laptop Bag,5,0.05,8550.0,2324.73
ORD-11399,2024-08-09,Home Office,West,Technology,Machines,Laser Printer,4,0.05,34200.0,4445.87
ORD-11400,2023-08-13,Home Office,South,Technology,Machines,Laser Printer,1,0,9000,765.72
ORD-11401,2023-10-29,Home Office,West,Technology,Phones,Smartphone X,4,0.1,64800.0,6829.73
ORD-11402,2023-02-18,Home Office,North,Technology,Accessories,Laptop Bag,5,0.2,7200.0,1623.64
ORD-11403,2024-07-09,Home Office,South,Furniture,Chairs,Ergo Office Chair,1,0,6500,1358.24
ORD-11404,2023-01-05,Home Office,South,Office Supplies,Binders,Heavy Binder Set,3,0,1800,437.64
ORD-11405,2024-04-25,Consumer,North,Technology,Accessories,Wireless Earbuds,5,0,12500,4101.45
ORD-11406,2024-12-18,Consumer,West,Office Supplies,Storage,Storage Box,3,0,2700,775.72
ORD-11407,2024-12-16,Home Office,East,Technology,Phones,Smartphone X,2,0,36000,3732.96
ORD-11408,2024-04-30,Corporate,East,Office Supplies,Binders,Heavy Binder Set,2,0.1,1080.0,236.77
ORD-11409,2024-03-21,Consumer,South,Office Supplies,Storage,Storage Box,2,0.2,1440.0,141.01
ORD-11410,2023-01-28,Home Office,South,Technology,Machines,Laser Printer,3,0,27000,4228.03
ORD-11411,2024-03-10,Consumer,East,Furniture,Tables,Standing Desk,2,0.2,19200.0,-196.13
ORD-11412,2023-07-15,Corporate,West,Technology,Machines,Laser Printer,4,0.05,34200.0,1937.78
ORD-11413,2024-11-21,Home Office,East,Technology,Machines,Laser Printer,5,0,45000,3854.01
ORD-11414,2024-12-28,Home Office,South,Furniture,Chairs,Ergo Office Chair,3,0.1,17550.0,2326.87
ORD-11415,2023-11-08,Home Office,South,Technology,Machines,Laser Printer,3,0.05,25650.0,2060.09
ORD-11416,2023-02-28,Corporate,North,Technology,Accessories,Wireless Earbuds,5,0,12500,3933.98
ORD-11417,2023-09-05,Consumer,South,Technology,Accessories,Wireless Earbuds,3,0,7500,2416.84
ORD-11418,2023-07-25,Consumer,North,Technology,Accessories,Wireless Earbuds,4,0,10000,2902.91
ORD-11419,2023-05-13,Corporate,East,Furniture,Tables,Standing Desk,5,0.05,57000.0,2145.66
ORD-11420,2024-02-09,Corporate,South,Technology,Accessories,Laptop Bag,1,0,1800,528.59
ORD-11421,2023-09-17,Corporate,West,Office Supplies,Storage,Storage Box,5,0.1,4050.0,893.27
ORD-11422,2024-03-10,Consumer,South,Furniture,Tables,Standing Desk,1,0.2,9600.0,-181.58
ORD-11423,2023-04-18,Home Office,East,Technology,Accessories,Laptop Bag,3,0,5400,1908.77
ORD-11424,2024-06-05,Consumer,West,Furniture,Chairs,Ergo Office Chair,5,0.05,30875.0,5142.01
ORD-11425,2024-12-22,Corporate,South,Office Supplies,Binders,Heavy Binder Set,5,0,3000,786.2
ORD-11426,2023-08-18,Consumer,North,Technology,Accessories,Wireless Earbuds,3,0.05,7125.0,2077.98
ORD-11427,2023-02-27,Consumer,East,Furniture,Chairs,Ergo Office Chair,1,0,6500,1209.16
ORD-11428,2024-02-11,Home Office,South,Office Supplies,Binders,Heavy Binder Set,1,0.05,570.0,150.57
ORD-11429,2023-12-18,Consumer,South,Office Supplies,Storage,Storage Box,5,0.2,3600.0,359.91
ORD-11430,2024-11-01,Corporate,South,Technology,Phones,Smartphone X,4,0.2,57600.0,1310.17
ORD-11431,2024-12-28,Consumer,South,Office Supplies,Storage,Storage Box,5,0,4500,1163.65
ORD-11432,2023-05-12,Consumer,West,Furniture,Bookcases,Wooden Bookcase,2,0.1,8100.0,633.93
ORD-11433,2023-12-29,Home Office,South,Technology,Machines,Laser Printer,3,0,27000,2889.99
ORD-11434,2024-09-06,Corporate,South,Technology,Accessories,Wireless Earbuds,3,0,7500,2239.87
ORD-11435,2023-01-02,Home Office,North,Technology,Accessories,Laptop Bag,4,0,7200,2547.68
ORD-11436,2024-11-18,Home Office,West,Technology,Accessories,Laptop Bag,4,0,7200,2220.91
ORD-11437,2023-09-04,Home Office,South,Furniture,Bookcases,Wooden Bookcase,1,0,4500,620.9
ORD-11438,2023-10-27,Consumer,South,Technology,Phones,Smartphone X,1,0.05,17100.0,1870.12
ORD-11439,2023-11-02,Corporate,South,Office Supplies,Binders,Heavy Binder Set,1,0,600,180.93
ORD-11440,2023-12-12,Consumer,East,Furniture,Bookcases,Wooden Bookcase,3,0,13500,1947.61
ORD-11441,2023-03-23,Home Office,West,Office Supplies,Binders,Heavy Binder Set,4,0,2400,602.86
ORD-11442,2023-01-05,Consumer,West,Furniture,Chairs,Ergo Office Chair,1,0,6500,1058.15
ORD-11443,2023-11-09,Corporate,East,Furniture,Bookcases,Wooden Bookcase,1,0,4500,734.83
ORD-11444,2023-03-31,Home Office,South,Office Supplies,Binders,Heavy Binder Set,5,0.05,2850.0,780.86
ORD-11445,2023-09-02,Corporate,South,Office Supplies,Paper,A4 Paper Pack,5,0.2,1400.0,369.44
ORD-11446,2023-03-24,Home Office,North,Technology,Accessories,Wireless Earbuds,1,0,2500,681.11
ORD-11447,2024-07-20,Corporate,North,Furniture,Chairs,Ergo Office Chair,1,0.2,5200.0,449.21
ORD-11448,2023-11-18,Corporate,South,Furniture,Tables,Standing Desk,3,0.05,34200.0,1252.03
ORD-11449,2024-03-29,Consumer,East,Office Supplies,Storage,Storage Box,2,0,1800,418.48
ORD-11450,2024-12-28,Consumer,South,Furniture,Chairs,Ergo Office Chair,4,0,26000,4625.7
ORD-11451,2023-05-22,Corporate,North,Technology,Accessories,Laptop Bag,2,0,3600,1042.69
ORD-11452,2023-07-25,Consumer,North,Furniture,Chairs,Ergo Office Chair,2,0.05,12350.0,1375.95
ORD-11453,2024-10-01,Home Office,South,Office Supplies,Paper,A4 Paper Pack,4,0.1,1260.0,345.89
ORD-11454,2023-06-16,Home Office,North,Office Supplies,Paper,A4 Paper Pack,4,0,1400,491.1
ORD-11455,2023-08-17,Home Office,West,Furniture,Tables,Standing Desk,3,0,36000,4875.84
ORD-11456,2023-07-05,Home Office,East,Technology,Phones,Smartphone X,2,0,36000,3601.54
ORD-11457,2023-06-09,Consumer,East,Office Supplies,Binders,Heavy Binder Set,3,0.1,1620.0,304.66
ORD-11458,2024-11-27,Home Office,North,Furniture,Bookcases,Wooden Bookcase,3,0,13500,1605.45
ORD-11459,2024-05-17,Corporate,East,Technology,Machines,Laser Printer,3,0,27000,3761.19
ORD-11460,2023-06-29,Consumer,South,Furniture,Tables,Standing Desk,2,0.1,21600.0,663.64
ORD-11461,2024-04-07,Home Office,South,Technology,Accessories,Laptop Bag,1,0,1800,588.46
ORD-11462,2023-05-25,Home Office,East,Office Supplies,Binders,Heavy Binder Set,1,0,600,189.21
ORD-11463,2023-08-15,Consumer,South,Office Supplies,Binders,Heavy Binder Set,2,0.1,1080.0,256.67
ORD-11464,2023-05-25,Corporate,West,Office Supplies,Storage,Storage Box,3,0.1,2430.0,554.06
ORD-11465,2024-04-08,Home Office,North,Technology,Accessories,Wireless Earbuds,4,0,10000,2986.26
ORD-11466,2023-05-06,Home Office,North,Furniture,Tables,Standing Desk,2,0,24000,1527.25
ORD-11467,2024-08-09,Home Office,North,Furniture,Chairs,Ergo Office Chair,4,0.05,24700.0,4069.96
ORD-11468,2023-05-05,Corporate,East,Office Supplies,Storage,Storage Box,4,0.1,3240.0,688.01
ORD-11469,2023-06-05,Home Office,North,Technology,Phones,Smartphone X,2,0.1,32400.0,1860.56
ORD-11470,2024-10-11,Home Office,East,Office Supplies,Storage,Storage Box,4,0.1,3240.0,669.45
ORD-11471,2023-08-16,Consumer,South,Furniture,Chairs,Ergo Office Chair,3,0.2,15600.0,647.11
ORD-11472,2023-06-18,Consumer,East,Office Supplies,Storage,Storage Box,2,0,1800,383.63
ORD-11473,2024-11-12,Consumer,North,Furniture,Tables,Standing Desk,1,0.2,9600.0,176.66
ORD-11474,2023-01-02,Home Office,East,Furniture,Bookcases,Wooden Bookcase,5,0,22500,3059.21
ORD-11475,2024-06-16,Consumer,North,Office Supplies,Paper,A4 Paper Pack,5,0,1750,587.95
ORD-11476,2024-08-31,Consumer,North,Furniture,Chairs,Ergo Office Chair,3,0,19500,3129.34
ORD-11477,2024-06-16,Home Office,South,Office Supplies,Paper,A4 Paper Pack,3,0.2,840.0,202.23
ORD-11478,2024-08-26,Home Office,West,Furniture,Chairs,Ergo Office Chair,3,0,19500,3048.11
ORD-11479,2023-04-27,Corporate,North,Furniture,Chairs,Ergo Office Chair,4,0,26000,3948.54
ORD-11480,2023-12-29,Corporate,South,Office Supplies,Binders,Heavy Binder Set,2,0,1200,306.13
ORD-11481,2024-04-21,Corporate,South,Technology,Phones,Smartphone X,3,0,54000,9224.29
ORD-11482,2023-02-22,Home Office,West,Technology,Accessories,Wireless Earbuds,4,0,10000,2964.02
ORD-11483,2023-03-17,Consumer,North,Office Supplies,Storage,Storage Box,2,0.2,1440.0,216.05
ORD-11484,2023-10-10,Home Office,North,Technology,Phones,Smartphone X,1,0,18000,2899.36
ORD-11485,2023-04-10,Home Office,North,Technology,Accessories,Wireless Earbuds,3,0,7500,2513.16
ORD-11486,2024-08-08,Corporate,North,Technology,Phones,Smartphone X,1,0.1,16200.0,1602.03
ORD-11487,2023-06-02,Corporate,East,Office Supplies,Binders,Heavy Binder Set,5,0.05,2850.0,784.43
ORD-11488,2023-12-18,Home Office,North,Furniture,Chairs,Ergo Office Chair,1,0.1,5850.0,791.88
ORD-11489,2023-01-16,Home Office,West,Technology,Phones,Smartphone X,1,0.1,16200.0,1032.57
ORD-11490,2023-04-17,Consumer,East,Furniture,Chairs,Ergo Office Chair,1,0,6500,1132.11
ORD-11491,2024-04-27,Consumer,West,Furniture,Chairs,Ergo Office Chair,4,0.2,20800.0,1887.35
ORD-11492,2023-05-08,Corporate,East,Technology,Accessories,Wireless Earbuds,2,0,5000,1682.59
ORD-11493,2023-02-27,Consumer,North,Furniture,Bookcases,Wooden Bookcase,1,0,4500,827.4
ORD-11494,2024-03-20,Consumer,West,Technology,Machines,Laser Printer,4,0.1,32400.0,1515.92
ORD-11495,2023-04-23,Consumer,East,Furniture,Tables,Standing Desk,5,0,60000,5272.25
ORD-11496,2024-11-05,Consumer,South,Furniture,Bookcases,Wooden Bookcase,3,0.2,10800.0,582.06
ORD-11497,2024-07-28,Home Office,West,Technology,Machines,Laser Printer,3,0,27000,3003.7
ORD-11498,2024-08-24,Corporate,South,Technology,Accessories,Wireless Earbuds,5,0.05,11875.0,3642.86
ORD-11499,2023-03-09,Corporate,West,Technology,Machines,Laser Printer,2,0.05,17100.0,1337.37
ORD-11500,2023-12-19,Home Office,South,Office Supplies,Paper,A4 Paper Pack,5,0.2,1400.0,303.35
ORD-11501,2023-10-14,Home Office,South,Office Supplies,Storage,Storage Box,4,0.1,3240.0,624.35
ORD-11502,2023-10-15,Home Office,South,Technology,Accessories,Laptop Bag,4,0.1,6480.0,1725.17
ORD-11503,2024-06-02,Consumer,East,Furniture,Chairs,Ergo Office Chair,3,0,19500,3047.12
ORD-11504,2024-02-14,Corporate,South,Technology,Machines,Laser Printer,1,0,9000,1376.18
ORD-11505,2023-08-10,Consumer,North,Technology,Machines,Laser Printer,5,0.05,42750.0,2966.84
ORD-11506,2024-07-05,Home Office,West,Technology,Accessories,Wireless Earbuds,2,0.05,4750.0,1371.07
ORD-11507,2023-10-06,Home Office,South,Technology,Accessories,Wireless Earbuds,5,0,12500,3726.83
ORD-11508,2023-01-23,Consumer,West,Furniture,Bookcases,Wooden Bookcase,2,0,9000,1166.43
ORD-11509,2023-04-23,Home Office,East,Technology,Machines,Laser Printer,4,0.2,28800.0,-829.18
ORD-11510,2023-12-12,Corporate,North,Furniture,Bookcases,Wooden Bookcase,4,0.2,14400.0,656.92
ORD-11511,2023-04-28,Consumer,West,Technology,Phones,Smartphone X,5,0,90000,12623.73
ORD-11512,2024-09-07,Home Office,East,Office Supplies,Binders,Heavy Binder Set,5,0.2,2400.0,447.27
ORD-11513,2024-06-06,Home Office,West,Office Supplies,Paper,A4 Paper Pack,2,0,700,271.49
ORD-11514,2024-12-17,Consumer,West,Technology,Machines,Laser Printer,2,0.05,17100.0,1701.85
ORD-11515,2023-05-19,Corporate,West,Office Supplies,Storage,Storage Box,5,0,4500,1238.96
ORD-11516,2023-08-24,Corporate,West,Office Supplies,Paper,A4 Paper Pack,4,0,1400,440.12
ORD-11517,2023-05-27,Corporate,North,Technology,Accessories,Wireless Earbuds,1,0,2500,722.54
ORD-11518,2023-06-29,Home Office,North,Technology,Machines,Laser Printer,5,0,45000,3835.15
ORD-11519,2024-07-12,Consumer,South,Furniture,Tables,Standing Desk,2,0.1,21600.0,348.58
ORD-11520,2023-07-22,Corporate,North,Technology,Accessories,Laptop Bag,5,0,9000,2925.89
ORD-11521,2023-02-06,Corporate,West,Technology,Accessories,Wireless Earbuds,3,0,7500,2538.32
ORD-11522,2024-01-01,Consumer,North,Furniture,Bookcases,Wooden Bookcase,4,0.2,14400.0,265.92
ORD-11523,2023-09-06,Consumer,North,Office Supplies,Storage,Storage Box,1,0.1,810.0,173.83
ORD-11524,2024-03-07,Consumer,East,Office Supplies,Paper,A4 Paper Pack,4,0.1,1260.0,402.58
ORD-11525,2023-05-02,Home Office,South,Office Supplies,Binders,Heavy Binder Set,1,0.2,480.0,61.18
ORD-11526,2024-10-14,Home Office,East,Technology,Machines,Laser Printer,2,0.1,16200.0,993.13
ORD-11527,2023-11-26,Corporate,North,Technology,Machines,Laser Printer,3,0,27000,2938.28
ORD-11528,2024-10-19,Home Office,North,Office Supplies,Paper,A4 Paper Pack,2,0,700,272.83
ORD-11529,2024-12-03,Consumer,East,Technology,Accessories,Laptop Bag,4,0,7200,2479.52
ORD-11530,2024-02-05,Consumer,East,Technology,Accessories,Wireless Earbuds,4,0,10000,2963.85
ORD-11531,2023-05-02,Consumer,South,Furniture,Tables,Standing Desk,5,0,60000,5296.17
ORD-11532,2024-06-07,Corporate,South,Office Supplies,Binders,Heavy Binder Set,3,0.05,1710.0,492.96
ORD-11533,2024-11-21,Corporate,West,Technology,Accessories,Laptop Bag,4,0,7200,2225.36
ORD-11534,2023-10-31,Home Office,East,Technology,Accessories,Laptop Bag,2,0.05,3420.0,955.34
ORD-11535,2023-10-08,Home Office,North,Office Supplies,Paper,A4 Paper Pack,5,0.05,1662.5,500.46
ORD-11536,2024-04-01,Consumer,South,Technology,Phones,Smartphone X,2,0.2,28800.0,1316.13
ORD-11537,2024-09-22,Consumer,South,Furniture,Tables,Standing Desk,4,0,48000,5069.31
ORD-11538,2023-10-17,Home Office,West,Office Supplies,Binders,Heavy Binder Set,1,0,600,166.36
ORD-11539,2023-03-23,Consumer,West,Technology,Machines,Laser Printer,1,0.05,8550.0,952.96
ORD-11540,2023-09-05,Home Office,West,Furniture,Bookcases,Wooden Bookcase,3,0.1,12150.0,1080.18
ORD-11541,2023-03-27,Corporate,South,Office Supplies,Binders,Heavy Binder Set,1,0.1,540.0,103.93
ORD-11542,2024-04-15,Corporate,North,Furniture,Bookcases,Wooden Bookcase,5,0,22500,4253.06
ORD-11543,2024-11-19,Consumer,North,Furniture,Bookcases,Wooden Bookcase,4,0.05,17100.0,1659.96
ORD-11544,2024-11-29,Consumer,South,Office Supplies,Paper,A4 Paper Pack,3,0,1050,378.9
ORD-11545,2023-02-22,Corporate,West,Office Supplies,Paper,A4 Paper Pack,1,0,350,132.97
ORD-11546,2024-01-20,Corporate,East,Furniture,Tables,Standing Desk,2,0,24000,1617.49
ORD-11547,2024-12-07,Corporate,West,Furniture,Tables,Standing Desk,2,0,24000,2110.61
ORD-11548,2023-12-15,Home Office,West,Technology,Machines,Laser Printer,4,0,36000,5508.28
ORD-11549,2024-08-31,Home Office,South,Office Supplies,Storage,Storage Box,5,0,4500,973.01
ORD-11550,2023-09-01,Consumer,West,Furniture,Bookcases,Wooden Bookcase,1,0,4500,817.74
ORD-11551,2024-10-01,Consumer,West,Technology,Accessories,Wireless Earbuds,4,0,10000,3016.55
ORD-11552,2024-11-23,Consumer,North,Technology,Machines,Laser Printer,4,0.2,28800.0,1081.63
ORD-11553,2023-06-14,Consumer,West,Furniture,Chairs,Ergo Office Chair,4,0.2,20800.0,1324.69
ORD-11554,2023-06-12,Consumer,East,Furniture,Chairs,Ergo Office Chair,2,0.2,10400.0,687.93
ORD-11555,2024-08-24,Consumer,West,Technology,Phones,Smartphone X,3,0,54000,7569.01
ORD-11556,2024-04-22,Home Office,West,Office Supplies,Binders,Heavy Binder Set,4,0.05,2280.0,542.96
ORD-11557,2024-01-18,Corporate,South,Furniture,Bookcases,Wooden Bookcase,1,0,4500,660.18
ORD-11558,2024-02-10,Home Office,West,Technology,Machines,Laser Printer,5,0.05,42750.0,3442.45
ORD-11559,2024-04-11,Consumer,North,Technology,Accessories,Laptop Bag,1,0,1800,620.06
ORD-11560,2024-04-22,Home Office,North,Technology,Accessories,Laptop Bag,4,0,7200,2301.93
ORD-11561,2024-04-10,Corporate,South,Office Supplies,Storage,Storage Box,5,0,4500,1185.38
ORD-11562,2023-06-17,Corporate,North,Office Supplies,Binders,Heavy Binder Set,5,0.05,2850.0,624.61
ORD-11563,2023-09-21,Home Office,West,Office Supplies,Binders,Heavy Binder Set,4,0.2,1920.0,338.51
ORD-11564,2023-01-06,Home Office,East,Furniture,Bookcases,Wooden Bookcase,2,0.1,8100.0,588.78
ORD-11565,2023-08-19,Corporate,North,Office Supplies,Paper,A4 Paper Pack,2,0,700,267.41
ORD-11566,2023-01-12,Home Office,East,Technology,Machines,Laser Printer,3,0.1,24300.0,2080.15
ORD-11567,2023-09-09,Corporate,South,Technology,Accessories,Laptop Bag,4,0,7200,2336.11
ORD-11568,2024-03-28,Home Office,West,Office Supplies,Paper,A4 Paper Pack,1,0.1,315.0,89.56
ORD-11569,2024-12-16,Corporate,South,Technology,Machines,Laser Printer,4,0,36000,4369.76
ORD-11570,2023-03-16,Corporate,East,Technology,Machines,Laser Printer,5,0,45000,5873.19
ORD-11571,2024-09-10,Consumer,West,Technology,Machines,Laser Printer,3,0,27000,2361.43
ORD-11572,2023-01-09,Home Office,North,Technology,Accessories,Laptop Bag,2,0,3600,1186.01
ORD-11573,2024-02-24,Corporate,South,Technology,Phones,Smartphone X,2,0.05,34200.0,4129.89
ORD-11574,2023-06-30,Consumer,West,Furniture,Chairs,Ergo Office Chair,3,0,19500,3565.25
ORD-11575,2024-07-22,Home Office,North,Technology,Phones,Smartphone X,3,0,54000,9439.1
ORD-11576,2024-04-14,Home Office,North,Technology,Accessories,Laptop Bag,1,0,1800,570.11
ORD-11577,2023-03-22,Corporate,East,Furniture,Tables,Standing Desk,3,0,36000,2427.2
ORD-11578,2024-11-02,Consumer,West,Furniture,Chairs,Ergo Office Chair,4,0,26000,4661.36
ORD-11579,2023-02-25,Corporate,West,Technology,Accessories,Wireless Earbuds,2,0.2,4000.0,694.37
ORD-11580,2024-08-20,Home Office,North,Technology,Machines,Laser Printer,3,0,27000,4111.86
ORD-11581,2023-03-30,Home Office,North,Furniture,Bookcases,Wooden Bookcase,3,0.05,12825.0,2046.78
ORD-11582,2023-04-30,Home Office,North,Furniture,Tables,Standing Desk,1,0,12000,1301.87
ORD-11583,2024-01-15,Consumer,North,Technology,Machines,Laser Printer,2,0,18000,1605.3
ORD-11584,2023-09-04,Consumer,East,Furniture,Chairs,Ergo Office Chair,1,0.2,5200.0,391.71
ORD-11585,2023-07-25,Home Office,East,Furniture,Chairs,Ergo Office Chair,1,0,6500,1278.2
ORD-11586,2023-12-10,Consumer,East,Office Supplies,Binders,Heavy Binder Set,4,0.1,2160.0,552.33
ORD-11587,2023-05-10,Home Office,East,Furniture,Tables,Standing Desk,4,0,48000,5121.21
ORD-11588,2023-05-05,Corporate,East,Furniture,Chairs,Ergo Office Chair,4,0.05,24700.0,4461.53
ORD-11589,2024-08-25,Consumer,East,Technology,Accessories,Laptop Bag,1,0.1,1620.0,406.04
ORD-11590,2023-10-08,Home Office,East,Technology,Accessories,Wireless Earbuds,4,0,10000,3311.56
ORD-11591,2024-03-06,Home Office,East,Furniture,Tables,Standing Desk,5,0.2,48000.0,769.45
ORD-11592,2023-10-24,Consumer,East,Technology,Accessories,Wireless Earbuds,2,0,5000,1471.75
ORD-11593,2023-07-04,Corporate,North,Furniture,Chairs,Ergo Office Chair,3,0,19500,2956.26
ORD-11594,2023-01-08,Corporate,South,Technology,Phones,Smartphone X,3,0,54000,7410.43
ORD-11595,2024-02-16,Consumer,North,Office Supplies,Paper,A4 Paper Pack,3,0.1,945.0,252.29
ORD-11596,2024-02-16,Corporate,West,Technology,Accessories,Laptop Bag,1,0.1,1620.0,472.09
ORD-11597,2023-08-27,Corporate,West,Furniture,Bookcases,Wooden Bookcase,2,0,9000,1025.76
ORD-11598,2023-02-05,Consumer,East,Furniture,Tables,Standing Desk,4,0,48000,3356.52
ORD-11599,2024-03-10,Home Office,North,Furniture,Chairs,Ergo Office Chair,5,0,32500,5291.1
ORD-11600,2024-11-02,Home Office,North,Furniture,Tables,Standing Desk,2,0.05,22800.0,751.5
ORD-11601,2023-09-11,Corporate,East,Technology,Phones,Smartphone X,1,0.05,17100.0,1327.12
ORD-11602,2023-07-26,Corporate,West,Furniture,Bookcases,Wooden Bookcase,4,0,18000,2781.29
ORD-11603,2024-03-25,Corporate,North,Office Supplies,Paper,A4 Paper Pack,3,0.2,840.0,225.72
ORD-11604,2024-09-15,Consumer,South,Technology,Accessories,Laptop Bag,1,0,1800,536.26
ORD-11605,2023-03-21,Consumer,East,Furniture,Bookcases,Wooden Bookcase,4,0,18000,2225.08
ORD-11606,2024-08-26,Corporate,North,Office Supplies,Storage,Storage Box,1,0.2,720.0,114.8
ORD-11607,2023-03-25,Home Office,West,Furniture,Tables,Standing Desk,1,0,12000,1036.16
ORD-11608,2023-07-22,Consumer,East,Technology,Machines,Laser Printer,2,0.1,16200.0,921.06
ORD-11609,2024-09-29,Consumer,South,Technology,Accessories,Laptop Bag,4,0.2,5760.0,1127.48
ORD-11610,2024-02-29,Corporate,South,Office Supplies,Binders,Heavy Binder Set,3,0,1800,543.26
ORD-11611,2023-03-10,Consumer,South,Furniture,Tables,Standing Desk,1,0,12000,1256.17
ORD-11612,2024-05-27,Home Office,South,Technology,Accessories,Wireless Earbuds,4,0,10000,2769.98
ORD-11613,2023-12-10,Consumer,East,Office Supplies,Paper,A4 Paper Pack,2,0.05,665.0,191.76
ORD-11614,2024-07-15,Home Office,North,Furniture,Tables,Standing Desk,4,0.2,38400.0,-1830.92
ORD-11615,2024-11-03,Home Office,South,Furniture,Chairs,Ergo Office Chair,3,0.05,18525.0,3482.8
ORD-11616,2024-07-29,Home Office,East,Furniture,Chairs,Ergo Office Chair,1,0,6500,1130.01
ORD-11617,2024-11-29,Consumer,North,Technology,Accessories,Laptop Bag,1,0,1800,570.38
ORD-11618,2023-06-30,Home Office,West,Office Supplies,Binders,Heavy Binder Set,2,0,1200,290.74
ORD-11619,2023-09-22,Consumer,South,Technology,Accessories,Wireless Earbuds,5,0,12500,3604.43
ORD-11620,2023-10-23,Corporate,East,Office Supplies,Paper,A4 Paper Pack,5,0,1750,549.94
ORD-11621,2023-03-15,Corporate,South,Office Supplies,Paper,A4 Paper Pack,4,0,1400,466.93
ORD-11622,2024-03-12,Consumer,North,Office Supplies,Storage,Storage Box,5,0.05,4275.0,946.87
ORD-11623,2024-04-20,Consumer,East,Technology,Accessories,Wireless Earbuds,2,0,5000,1321.26
ORD-11624,2023-06-29,Home Office,West,Office Supplies,Storage,Storage Box,1,0,900,205.31
ORD-11625,2023-10-20,Home Office,East,Technology,Accessories,Wireless Earbuds,2,0.2,4000.0,823.7
ORD-11626,2023-12-29,Home Office,East,Technology,Machines,Laser Printer,2,0,18000,2357.13
ORD-11627,2024-06-25,Home Office,West,Technology,Accessories,Wireless Earbuds,2,0.1,4500.0,1226.8
ORD-11628,2024-06-29,Consumer,South,Furniture,Chairs,Ergo Office Chair,2,0,13000,2528.7
ORD-11629,2023-09-07,Corporate,East,Office Supplies,Binders,Heavy Binder Set,2,0,1200,351.94
ORD-11630,2023-01-16,Consumer,East,Furniture,Tables,Standing Desk,1,0,12000,1372.03
ORD-11631,2024-12-11,Corporate,North,Technology,Accessories,Laptop Bag,1,0.05,1710.0,546.96
ORD-11632,2023-02-03,Consumer,South,Technology,Phones,Smartphone X,5,0.2,72000.0,4264.78
ORD-11633,2024-07-11,Corporate,West,Technology,Accessories,Wireless Earbuds,1,0,2500,810.78
ORD-11634,2023-12-26,Corporate,East,Furniture,Bookcases,Wooden Bookcase,5,0,22500,3669.14
ORD-11635,2023-12-04,Home Office,West,Furniture,Bookcases,Wooden Bookcase,3,0.2,10800.0,180.35
ORD-11636,2023-03-26,Consumer,South,Office Supplies,Storage,Storage Box,1,0,900,259.46
ORD-11637,2023-09-26,Corporate,East,Technology,Phones,Smartphone X,2,0.1,32400.0,3216.7
ORD-11638,2023-06-05,Corporate,West,Technology,Accessories,Wireless Earbuds,2,0.05,4750.0,1335.22
ORD-11639,2024-12-23,Corporate,East,Office Supplies,Storage,Storage Box,2,0,1800,509.09
ORD-11640,2023-10-19,Home Office,East,Office Supplies,Paper,A4 Paper Pack,3,0,1050,341.51
ORD-11641,2024-09-08,Corporate,East,Technology,Accessories,Wireless Earbuds,4,0.05,9500.0,2615.66
ORD-11642,2023-03-24,Home Office,South,Technology,Phones,Smartphone X,4,0.2,57600.0,-474.02
ORD-11643,2024-01-18,Corporate,West,Furniture,Tables,Standing Desk,5,0.1,54000.0,2869.86
ORD-11644,2023-08-05,Corporate,North,Furniture,Tables,Standing Desk,1,0.05,11400.0,379.35
ORD-11645,2023-02-09,Consumer,North,Furniture,Tables,Standing Desk,1,0.05,11400.0,663.26
ORD-11646,2023-07-08,Home Office,South,Furniture,Bookcases,Wooden Bookcase,3,0.1,12150.0,1254.2
ORD-11647,2024-11-30,Home Office,North,Furniture,Tables,Standing Desk,2,0.2,19200.0,-849.83
ORD-11648,2023-08-07,Home Office,West,Technology,Phones,Smartphone X,4,0,72000,8632.68
ORD-11649,2023-11-10,Consumer,West,Technology,Accessories,Wireless Earbuds,3,0,7500,2308.22
ORD-11650,2024-05-14,Consumer,East,Furniture,Bookcases,Wooden Bookcase,5,0,22500,3704.98
ORD-11651,2023-04-12,Corporate,West,Office Supplies,Storage,Storage Box,2,0,1800,421.92
ORD-11652,2024-02-04,Corporate,East,Office Supplies,Paper,A4 Paper Pack,4,0,1400,449.52
ORD-11653,2024-01-04,Corporate,West,Furniture,Bookcases,Wooden Bookcase,4,0,18000,2595.84
ORD-11654,2023-12-06,Consumer,East,Office Supplies,Storage,Storage Box,1,0.05,855.0,159.95
ORD-11655,2024-08-03,Home Office,East,Technology,Accessories,Laptop Bag,5,0,9000,2611.64
ORD-11656,2023-02-10,Corporate,West,Office Supplies,Paper,A4 Paper Pack,2,0.05,665.0,221.85
ORD-11657,2024-09-12,Home Office,North,Technology,Accessories,Wireless Earbuds,1,0,2500,815.98
ORD-11658,2023-09-08,Corporate,North,Technology,Accessories,Wireless Earbuds,3,0.1,6750.0,1609.99
ORD-11659,2023-04-02,Home Office,South,Technology,Accessories,Laptop Bag,5,0.2,7200.0,1564.96
ORD-11660,2024-01-13,Home Office,South,Office Supplies,Storage,Storage Box,4,0,3600,820.38
ORD-11661,2023-08-15,Consumer,North,Furniture,Tables,Standing Desk,1,0.05,11400.0,910.78
ORD-11662,2023-02-20,Consumer,South,Technology,Machines,Laser Printer,5,0,45000,5471.36
ORD-11663,2023-03-19,Consumer,East,Technology,Phones,Smartphone X,5,0.05,85500.0,8657.48
ORD-11664,2023-10-28,Home Office,West,Technology,Machines,Laser Printer,2,0.1,16200.0,661.31
ORD-11665,2024-09-27,Consumer,South,Technology,Accessories,Laptop Bag,1,0.05,1710.0,447.51
ORD-11666,2023-04-17,Home Office,South,Furniture,Chairs,Ergo Office Chair,2,0.1,11700.0,1630.2
ORD-11667,2023-12-16,Home Office,West,Furniture,Tables,Standing Desk,3,0.2,28800.0,-1497.55
ORD-11668,2023-10-03,Consumer,West,Furniture,Tables,Standing Desk,4,0.05,45600.0,3913.04
ORD-11669,2023-11-06,Consumer,West,Office Supplies,Paper,A4 Paper Pack,2,0,700,232.87
ORD-11670,2023-01-09,Home Office,West,Furniture,Tables,Standing Desk,1,0.2,9600.0,-76.48
ORD-11671,2023-02-02,Corporate,East,Furniture,Bookcases,Wooden Bookcase,2,0.05,8550.0,1287.58
ORD-11672,2023-01-07,Home Office,South,Technology,Machines,Laser Printer,3,0.1,24300.0,2149.75
ORD-11673,2023-09-20,Home Office,South,Office Supplies,Storage,Storage Box,4,0.1,3240.0,502.27
ORD-11674,2023-09-22,Consumer,East,Technology,Accessories,Laptop Bag,3,0.05,5130.0,1576.01
ORD-11675,2024-08-02,Home Office,West,Furniture,Tables,Standing Desk,4,0,48000,6398.05
ORD-11676,2023-10-09,Home Office,East,Office Supplies,Binders,Heavy Binder Set,5,0.2,2400.0,322.63
ORD-11677,2023-04-08,Home Office,West,Furniture,Bookcases,Wooden Bookcase,5,0.1,20250.0,1576.41
ORD-11678,2023-02-20,Consumer,West,Technology,Phones,Smartphone X,2,0,36000,3878.04
ORD-11679,2024-11-17,Home Office,South,Office Supplies,Binders,Heavy Binder Set,3,0,1800,573.31
ORD-11680,2023-03-21,Consumer,East,Technology,Machines,Laser Printer,4,0.05,34200.0,4233.62
ORD-11681,2023-03-28,Consumer,South,Technology,Accessories,Wireless Earbuds,4,0,10000,3085.23
ORD-11682,2023-08-30,Home Office,South,Office Supplies,Binders,Heavy Binder Set,4,0,2400,765.86
ORD-11683,2023-05-28,Consumer,South,Office Supplies,Binders,Heavy Binder Set,4,0.2,1920.0,274.34
ORD-11684,2023-11-17,Home Office,North,Office Supplies,Storage,Storage Box,2,0,1800,461.82
ORD-11685,2023-06-02,Home Office,North,Technology,Machines,Laser Printer,1,0,9000,1277.56
ORD-11686,2023-09-14,Home Office,West,Office Supplies,Storage,Storage Box,4,0,3600,995.73
ORD-11687,2024-01-02,Consumer,West,Furniture,Bookcases,Wooden Bookcase,5,0.1,20250.0,2395.04
ORD-11688,2023-11-13,Home Office,East,Office Supplies,Paper,A4 Paper Pack,1,0.1,315.0,80.72
ORD-11689,2023-03-17,Corporate,North,Office Supplies,Binders,Heavy Binder Set,2,0,1200,345.74
ORD-11690,2023-06-18,Consumer,South,Furniture,Tables,Standing Desk,3,0.05,34200.0,2950.16
ORD-11691,2024-12-10,Home Office,East,Technology,Accessories,Wireless Earbuds,5,0.1,11250.0,2467.26
ORD-11692,2023-10-25,Home Office,West,Technology,Phones,Smartphone X,5,0.2,72000.0,3696.82
ORD-11693,2024-11-19,Corporate,South,Furniture,Tables,Standing Desk,1,0,12000,1044.52
ORD-11694,2023-09-09,Home Office,East,Technology,Phones,Smartphone X,2,0,36000,5175.61
ORD-11695,2024-11-10,Home Office,North,Technology,Phones,Smartphone X,2,0.05,34200.0,2593.49
ORD-11696,2023-09-17,Consumer,West,Technology,Accessories,Wireless Earbuds,4,0.1,9000.0,2332.29
ORD-11697,2024-11-25,Home Office,South,Furniture,Tables,Standing Desk,1,0,12000,754.18
ORD-11698,2024-04-23,Consumer,North,Office Supplies,Paper,A4 Paper Pack,4,0,1400,521.53
ORD-11699,2024-11-15,Corporate,North,Technology,Phones,Smartphone X,2,0.1,32400.0,2872.3
ORD-11700,2024-02-09,Corporate,West,Technology,Phones,Smartphone X,4,0.05,68400.0,8593.45
ORD-11701,2024-02-07,Corporate,East,Technology,Accessories,Wireless Earbuds,4,0,10000,3317.72
ORD-11702,2023-05-26,Home Office,North,Office Supplies,Paper,A4 Paper Pack,1,0,350,115.0
ORD-11703,2023-06-20,Consumer,South,Office Supplies,Storage,Storage Box,5,0,4500,1301.74
ORD-11704,2024-08-23,Corporate,North,Technology,Accessories,Wireless Earbuds,1,0,2500,737.71
ORD-11705,2023-08-25,Corporate,West,Technology,Accessories,Laptop Bag,2,0,3600,1045.36
ORD-11706,2024-04-28,Consumer,West,Technology,Accessories,Wireless Earbuds,1,0,2500,837.67
ORD-11707,2024-06-03,Corporate,East,Furniture,Bookcases,Wooden Bookcase,2,0.05,8550.0,1171.78
ORD-11708,2024-10-04,Home Office,North,Furniture,Chairs,Ergo Office Chair,5,0,32500,5379.03
ORD-11709,2023-02-10,Consumer,South,Office Supplies,Paper,A4 Paper Pack,5,0.05,1662.5,502.71
ORD-11710,2024-09-14,Consumer,North,Office Supplies,Storage,Storage Box,2,0,1800,484.83
ORD-11711,2023-10-07,Home Office,West,Technology,Machines,Laser Printer,1,0,9000,1222.81
ORD-11712,2024-11-30,Home Office,West,Technology,Phones,Smartphone X,4,0,72000,8756.92
ORD-11713,2023-08-14,Corporate,West,Technology,Accessories,Wireless Earbuds,1,0,2500,820.91
ORD-11714,2023-01-15,Consumer,West,Office Supplies,Paper,A4 Paper Pack,4,0.05,1330.0,377.13
ORD-11715,2023-05-19,Consumer,East,Office Supplies,Paper,A4 Paper Pack,5,0,1750,634.96
ORD-11716,2024-11-19,Home Office,South,Technology,Accessories,Laptop Bag,3,0,5400,1862.03
ORD-11717,2024-07-12,Home Office,North,Furniture,Bookcases,Wooden Bookcase,5,0.05,21375.0,3190.42
ORD-11718,2024-08-19,Corporate,West,Office Supplies,Storage,Storage Box,4,0.2,2880.0,474.04
ORD-11719,2023-11-10,Corporate,West,Technology,Accessories,Laptop Bag,5,0,9000,2637.04
ORD-11720,2024-07-04,Home Office,East,Furniture,Chairs,Ergo Office Chair,2,0,13000,2111.93
ORD-11721,2023-03-06,Corporate,North,Furniture,Chairs,Ergo Office Chair,5,0,32500,5427.58
ORD-11722,2024-03-28,Home Office,North,Furniture,Bookcases,Wooden Bookcase,3,0.2,10800.0,108.44
ORD-11723,2023-04-04,Corporate,West,Technology,Accessories,Laptop Bag,3,0,5400,1878.16
ORD-11724,2023-01-13,Corporate,South,Technology,Phones,Smartphone X,4,0,72000,12763.5
ORD-11725,2023-10-31,Home Office,East,Technology,Accessories,Laptop Bag,1,0,1800,633.17
ORD-11726,2024-11-30,Corporate,East,Office Supplies,Binders,Heavy Binder Set,2,0,1200,361.53
ORD-11727,2024-10-04,Home Office,North,Technology,Machines,Laser Printer,2,0.2,14400.0,-374.98
ORD-11728,2023-06-24,Corporate,East,Technology,Phones,Smartphone X,2,0.2,28800.0,591.48
ORD-11729,2023-02-01,Corporate,North,Furniture,Chairs,Ergo Office Chair,1,0.2,5200.0,516.66
ORD-11730,2024-05-14,Consumer,East,Furniture,Bookcases,Wooden Bookcase,5,0.2,18000.0,-115.58
ORD-11731,2023-03-24,Consumer,South,Office Supplies,Storage,Storage Box,4,0,3600,903.18
ORD-11732,2023-09-02,Corporate,South,Furniture,Bookcases,Wooden Bookcase,4,0,18000,2904.32
ORD-11733,2023-01-19,Home Office,East,Technology,Accessories,Laptop Bag,3,0,5400,1933.24
ORD-11734,2023-12-12,Consumer,East,Furniture,Tables,Standing Desk,5,0,60000,4369.5
ORD-11735,2024-11-14,Corporate,East,Technology,Accessories,Laptop Bag,1,0,1800,591.7
ORD-11736,2024-11-21,Consumer,West,Office Supplies,Paper,A4 Paper Pack,5,0,1750,634.49
ORD-11737,2024-07-16,Home Office,West,Technology,Accessories,Wireless Earbuds,1,0,2500,763.08
ORD-11738,2024-01-30,Home Office,West,Technology,Accessories,Wireless Earbuds,5,0,12500,3857.1
ORD-11739,2023-08-27,Corporate,South,Furniture,Chairs,Ergo Office Chair,5,0,32500,6918.78
ORD-11740,2024-08-13,Consumer,South,Furniture,Bookcases,Wooden Bookcase,2,0.05,8550.0,899.33
ORD-11741,2023-11-25,Home Office,North,Office Supplies,Paper,A4 Paper Pack,3,0,1050,355.07
ORD-11742,2024-11-04,Corporate,South,Office Supplies,Binders,Heavy Binder Set,5,0,3000,827.75
ORD-11743,2024-02-22,Corporate,South,Technology,Machines,Laser Printer,5,0,45000,6395.21
ORD-11744,2024-03-20,Corporate,West,Furniture,Tables,Standing Desk,3,0,36000,2499.74
ORD-11745,2024-01-05,Consumer,South,Technology,Machines,Laser Printer,5,0.05,42750.0,4301.09
ORD-11746,2024-10-09,Home Office,West,Technology,Phones,Smartphone X,2,0,36000,4805.64
ORD-11747,2024-07-01,Consumer,North,Technology,Machines,Laser Printer,1,0.05,8550.0,443.87
ORD-11748,2023-04-10,Corporate,South,Office Supplies,Storage,Storage Box,4,0.05,3420.0,712.56
ORD-11749,2024-06-08,Home Office,North,Technology,Accessories,Wireless Earbuds,3,0,7500,2304.89
ORD-11750,2024-12-28,Corporate,West,Technology,Phones,Smartphone X,1,0.2,14400.0,772.67
ORD-11751,2024-04-08,Home Office,South,Office Supplies,Paper,A4 Paper Pack,3,0.05,997.5,335.17
ORD-11752,2024-06-17,Consumer,East,Technology,Accessories,Laptop Bag,5,0,9000,2629.62
ORD-11753,2024-05-11,Home Office,East,Office Supplies,Binders,Heavy Binder Set,4,0,2400,660.21
ORD-11754,2024-11-24,Consumer,West,Technology,Accessories,Wireless Earbuds,2,0,5000,1497.32
ORD-11755,2023-08-03,Consumer,South,Office Supplies,Paper,A4 Paper Pack,3,0,1050,405.6
ORD-11756,2023-11-15,Corporate,East,Furniture,Tables,Standing Desk,5,0.1,54000.0,1358.07
ORD-11757,2023-05-05,Consumer,East,Furniture,Tables,Standing Desk,3,0.05,34200.0,2226.88
ORD-11758,2024-11-20,Home Office,East,Furniture,Tables,Standing Desk,5,0,60000,8037.68
ORD-11759,2023-04-16,Consumer,North,Furniture,Chairs,Ergo Office Chair,5,0.1,29250.0,4106.38
ORD-11760,2024-12-04,Consumer,East,Office Supplies,Storage,Storage Box,5,0,4500,947.4
ORD-11761,2023-06-02,Consumer,West,Technology,Accessories,Laptop Bag,4,0.2,5760.0,1126.58
ORD-11762,2023-08-10,Corporate,East,Technology,Accessories,Wireless Earbuds,1,0.05,2375.0,715.14
ORD-11763,2023-03-07,Corporate,North,Technology,Machines,Laser Printer,3,0.2,21600.0,291.54
ORD-11764,2024-07-03,Corporate,East,Furniture,Chairs,Ergo Office Chair,1,0,6500,991.5
ORD-11765,2023-11-30,Consumer,West,Office Supplies,Storage,Storage Box,1,0.2,720.0,104.43
ORD-11766,2023-03-17,Home Office,North,Office Supplies,Storage,Storage Box,3,0,2700,748.75
ORD-11767,2024-11-27,Consumer,South,Technology,Phones,Smartphone X,2,0,36000,5288.67
ORD-11768,2023-07-19,Corporate,South,Technology,Machines,Laser Printer,4,0,36000,4992.65
ORD-11769,2023-05-30,Consumer,West,Technology,Accessories,Wireless Earbuds,5,0.2,10000.0,1999.56
ORD-11770,2023-02-20,Consumer,West,Office Supplies,Storage,Storage Box,5,0,4500,1200.6
ORD-11771,2024-05-21,Home Office,East,Technology,Accessories,Laptop Bag,4,0.2,5760.0,1190.66
ORD-11772,2023-12-21,Home Office,West,Technology,Machines,Laser Printer,3,0,27000,4050.08
ORD-11773,2023-12-25,Corporate,North,Office Supplies,Paper,A4 Paper Pack,5,0,1750,618.58
ORD-11774,2023-06-14,Home Office,West,Furniture,Tables,Standing Desk,4,0.05,45600.0,2555.05
ORD-11775,2023-03-29,Home Office,West,Office Supplies,Binders,Heavy Binder Set,3,0.2,1440.0,185.88
ORD-11776,2024-06-03,Consumer,North,Office Supplies,Binders,Heavy Binder Set,4,0.1,2160.0,459.99
ORD-11777,2023-08-07,Corporate,East,Office Supplies,Storage,Storage Box,2,0.05,1710.0,316.12
ORD-11778,2024-05-11,Corporate,North,Office Supplies,Paper,A4 Paper Pack,4,0.05,1330.0,417.64
ORD-11779,2023-07-21,Corporate,West,Furniture,Chairs,Ergo Office Chair,3,0.2,15600.0,1333.52
ORD-11780,2023-11-01,Home Office,North,Technology,Accessories,Laptop Bag,2,0.1,3240.0,766.25
ORD-11781,2024-11-26,Home Office,North,Technology,Accessories,Laptop Bag,5,0,9000,2613.04
ORD-11782,2024-11-28,Corporate,East,Technology,Phones,Smartphone X,4,0,72000,11695.3
ORD-11783,2024-07-20,Consumer,East,Office Supplies,Storage,Storage Box,1,0.2,720.0,67.63
ORD-11784,2024-01-28,Consumer,East,Technology,Machines,Laser Printer,5,0.05,42750.0,5077.75
ORD-11785,2024-08-14,Home Office,South,Furniture,Bookcases,Wooden Bookcase,3,0.05,12825.0,1247.22
ORD-11786,2024-11-21,Corporate,West,Technology,Phones,Smartphone X,1,0.1,16200.0,780.87
ORD-11787,2023-02-01,Home Office,South,Furniture,Tables,Standing Desk,3,0,36000,2822.42
ORD-11788,2023-01-26,Home Office,East,Technology,Accessories,Wireless Earbuds,4,0.2,8000.0,1376.48
ORD-11789,2024-09-29,Home Office,West,Technology,Accessories,Wireless Earbuds,1,0.1,2250.0,579.98
ORD-11790,2023-01-16,Home Office,West,Office Supplies,Storage,Storage Box,5,0,4500,979.4
ORD-11791,2023-05-26,Home Office,North,Technology,Accessories,Laptop Bag,3,0,5400,1695.67
ORD-11792,2023-08-16,Home Office,West,Office Supplies,Binders,Heavy Binder Set,2,0,1200,313.37
ORD-11793,2023-10-09,Home Office,East,Office Supplies,Paper,A4 Paper Pack,1,0,350,135.57
ORD-11794,2023-12-21,Corporate,West,Office Supplies,Storage,Storage Box,5,0,4500,1082.67
ORD-11795,2024-11-29,Consumer,West,Office Supplies,Storage,Storage Box,1,0.05,855.0,169.23
ORD-11796,2024-07-23,Home Office,East,Office Supplies,Binders,Heavy Binder Set,3,0.05,1710.0,436.14
ORD-11797,2023-09-07,Corporate,South,Technology,Accessories,Wireless Earbuds,1,0.1,2250.0,480.47
ORD-11798,2023-03-05,Home Office,South,Office Supplies,Paper,A4 Paper Pack,5,0.05,1662.5,535.11
ORD-11799,2023-02-14,Corporate,South,Office Supplies,Binders,Heavy Binder Set,3,0.05,1710.0,401.71
ORD-11800,2023-01-28,Corporate,South,Technology,Accessories,Laptop Bag,5,0.05,8550.0,2733.56
ORD-11801,2024-07-11,Home Office,South,Office Supplies,Binders,Heavy Binder Set,5,0.05,2850.0,669.87
ORD-11802,2023-08-30,Home Office,North,Office Supplies,Binders,Heavy Binder Set,5,0.1,2700.0,671.47
ORD-11803,2024-11-08,Consumer,South,Office Supplies,Paper,A4 Paper Pack,1,0.05,332.5,96.49
ORD-11804,2024-01-16,Consumer,North,Technology,Accessories,Wireless Earbuds,2,0,5000,1475.04
ORD-11805,2024-10-15,Corporate,South,Office Supplies,Binders,Heavy Binder Set,2,0.2,960.0,176.88
ORD-11806,2024-07-06,Consumer,West,Office Supplies,Storage,Storage Box,4,0.05,3420.0,618.13
ORD-11807,2024-12-29,Corporate,South,Furniture,Tables,Standing Desk,5,0,60000,6552.48
ORD-11808,2023-04-17,Corporate,East,Office Supplies,Storage,Storage Box,2,0.1,1620.0,366.38
ORD-11809,2023-12-13,Consumer,South,Furniture,Chairs,Ergo Office Chair,3,0.2,15600.0,1210.72
ORD-11810,2024-01-19,Consumer,West,Office Supplies,Binders,Heavy Binder Set,1,0,600,163.98
ORD-11811,2023-02-20,Home Office,North,Technology,Phones,Smartphone X,3,0.2,43200.0,-215.4
ORD-11812,2024-01-29,Home Office,South,Furniture,Bookcases,Wooden Bookcase,1,0,4500,719.99
ORD-11813,2023-02-20,Consumer,East,Office Supplies,Storage,Storage Box,2,0,1800,468.55
ORD-11814,2023-08-02,Home Office,West,Office Supplies,Paper,A4 Paper Pack,5,0.2,1400.0,300.24
ORD-11815,2024-11-17,Consumer,South,Office Supplies,Storage,Storage Box,5,0.2,3600.0,513.9
ORD-11816,2023-03-19,Consumer,South,Furniture,Chairs,Ergo Office Chair,3,0,19500,3140.18
ORD-11817,2024-08-11,Home Office,East,Technology,Accessories,Laptop Bag,4,0,7200,2347.58
ORD-11818,2024-12-09,Consumer,South,Technology,Accessories,Laptop Bag,4,0,7200,2112.83
ORD-11819,2023-03-10,Consumer,East,Technology,Accessories,Laptop Bag,2,0,3600,1055.47
ORD-11820,2023-02-28,Corporate,West,Technology,Phones,Smartphone X,2,0.1,32400.0,3388.35
ORD-11821,2023-09-03,Corporate,West,Office Supplies,Storage,Storage Box,1,0,900,229.33
ORD-11822,2024-06-04,Consumer,South,Furniture,Bookcases,Wooden Bookcase,3,0.1,12150.0,915.6
ORD-11823,2024-12-01,Corporate,East,Furniture,Tables,Standing Desk,2,0.05,22800.0,1706.33
ORD-11824,2024-05-19,Consumer,East,Office Supplies,Storage,Storage Box,4,0.2,2880.0,339.42
ORD-11825,2024-09-24,Consumer,West,Furniture,Bookcases,Wooden Bookcase,4,0,18000,2868.44
ORD-11826,2023-10-08,Consumer,North,Technology,Phones,Smartphone X,2,0.05,34200.0,3381.67
ORD-11827,2024-03-06,Home Office,North,Furniture,Bookcases,Wooden Bookcase,1,0,4500,824.69
ORD-11828,2024-03-21,Consumer,East,Technology,Phones,Smartphone X,3,0.2,43200.0,790.51
ORD-11829,2023-07-26,Corporate,West,Technology,Phones,Smartphone X,5,0,90000,15214.93
ORD-11830,2023-12-25,Consumer,South,Office Supplies,Binders,Heavy Binder Set,5,0,3000,729.17
ORD-11831,2024-06-04,Consumer,North,Technology,Machines,Laser Printer,2,0,18000,2044.18
ORD-11832,2023-11-24,Corporate,South,Technology,Phones,Smartphone X,3,0,54000,9106.09
ORD-11833,2024-04-27,Corporate,South,Technology,Phones,Smartphone X,3,0.2,43200.0,2067.48
ORD-11834,2024-10-29,Home Office,West,Technology,Accessories,Laptop Bag,3,0.1,4860.0,1074.71
ORD-11835,2023-11-05,Home Office,South,Technology,Phones,Smartphone X,1,0,18000,2988.07
ORD-11836,2024-06-21,Home Office,South,Technology,Accessories,Wireless Earbuds,2,0.05,4750.0,1109.41
ORD-11837,2024-05-22,Consumer,East,Office Supplies,Paper,A4 Paper Pack,2,0.2,560.0,139.86
ORD-11838,2023-07-25,Home Office,North,Furniture,Bookcases,Wooden Bookcase,1,0,4500,662.85
ORD-11839,2024-02-20,Consumer,North,Office Supplies,Binders,Heavy Binder Set,1,0,600,188.06
ORD-11840,2023-05-20,Consumer,East,Technology,Accessories,Laptop Bag,1,0,1800,617.58
ORD-11841,2023-12-05,Consumer,South,Furniture,Chairs,Ergo Office Chair,3,0.2,15600.0,1113.61
ORD-11842,2023-08-22,Home Office,East,Office Supplies,Paper,A4 Paper Pack,3,0,1050,348.93
ORD-11843,2023-11-04,Corporate,East,Furniture,Chairs,Ergo Office Chair,3,0,19500,3006.29
ORD-11844,2024-05-28,Corporate,East,Furniture,Tables,Standing Desk,1,0.05,11400.0,665.9
ORD-11845,2024-07-24,Consumer,North,Office Supplies,Storage,Storage Box,4,0.2,2880.0,417.49
ORD-11846,2024-11-27,Consumer,West,Technology,Accessories,Laptop Bag,4,0,7200,2325.86
ORD-11847,2023-09-18,Home Office,East,Furniture,Tables,Standing Desk,2,0,24000,2783.34
ORD-11848,2023-03-10,Consumer,North,Furniture,Chairs,Ergo Office Chair,3,0,19500,3459.59
ORD-11849,2024-01-14,Corporate,East,Technology,Machines,Laser Printer,4,0,36000,4225.67
ORD-11850,2024-02-18,Home Office,East,Technology,Accessories,Laptop Bag,1,0,1800,604.99
ORD-11851,2024-10-04,Corporate,North,Technology,Phones,Smartphone X,2,0.05,34200.0,3694.96
ORD-11852,2023-05-21,Consumer,North,Furniture,Bookcases,Wooden Bookcase,3,0,13500,1989.19
ORD-11853,2023-11-21,Corporate,West,Technology,Accessories,Laptop Bag,4,0.1,6480.0,1724.18
ORD-11854,2023-12-14,Corporate,West,Furniture,Chairs,Ergo Office Chair,3,0.2,15600.0,777.77
ORD-11855,2024-05-14,Home Office,North,Furniture,Tables,Standing Desk,1,0,12000,1452.65
ORD-11856,2023-11-09,Consumer,South,Furniture,Tables,Standing Desk,5,0.05,57000.0,4414.43
ORD-11857,2024-11-09,Home Office,South,Technology,Accessories,Laptop Bag,5,0,9000,3205.08
ORD-11858,2023-04-08,Consumer,East,Furniture,Bookcases,Wooden Bookcase,1,0,4500,606.34
ORD-11859,2023-12-04,Consumer,South,Technology,Machines,Laser Printer,4,0,36000,4776.79
ORD-11860,2023-08-15,Corporate,North,Technology,Accessories,Wireless Earbuds,2,0,5000,1643.1
ORD-11861,2024-06-17,Consumer,East,Technology,Machines,Laser Printer,5,0,45000,3617.8
ORD-11862,2023-03-17,Corporate,West,Office Supplies,Storage,Storage Box,4,0.2,2880.0,308.16
ORD-11863,2024-09-06,Consumer,West,Furniture,Chairs,Ergo Office Chair,1,0.05,6175.0,742.73
ORD-11864,2024-07-24,Consumer,East,Furniture,Tables,Standing Desk,4,0.1,43200.0,1361.15
ORD-11865,2023-12-24,Consumer,South,Technology,Accessories,Laptop Bag,1,0,1800,631.52
ORD-11866,2023-10-04,Corporate,North,Furniture,Bookcases,Wooden Bookcase,5,0,22500,3574.02
ORD-11867,2024-04-19,Corporate,West,Technology,Machines,Laser Printer,4,0,36000,3007.43
ORD-11868,2023-03-11,Corporate,West,Office Supplies,Paper,A4 Paper Pack,2,0.05,665.0,194.22
ORD-11869,2024-05-12,Corporate,South,Office Supplies,Binders,Heavy Binder Set,1,0,600,190.01
ORD-11870,2023-05-03,Corporate,North,Office Supplies,Storage,Storage Box,1,0.05,855.0,209.05
ORD-11871,2024-04-27,Home Office,West,Office Supplies,Paper,A4 Paper Pack,1,0,350,117.43
ORD-11872,2024-05-20,Corporate,West,Technology,Phones,Smartphone X,4,0.2,57600.0,3271.32
ORD-11873,2024-07-23,Consumer,West,Furniture,Tables,Standing Desk,4,0,48000,5729.53
ORD-11874,2024-01-03,Consumer,South,Office Supplies,Binders,Heavy Binder Set,3,0.1,1620.0,417.54
ORD-11875,2024-12-18,Consumer,East,Office Supplies,Storage,Storage Box,4,0.2,2880.0,277.63
ORD-11876,2024-11-26,Home Office,West,Technology,Accessories,Laptop Bag,3,0,5400,1734.44
ORD-11877,2023-11-18,Corporate,West,Office Supplies,Binders,Heavy Binder Set,3,0,1800,449.5
ORD-11878,2023-10-03,Home Office,East,Technology,Accessories,Laptop Bag,3,0,5400,1695.9
ORD-11879,2024-07-20,Corporate,West,Technology,Phones,Smartphone X,5,0,90000,10286.84
ORD-11880,2023-01-14,Consumer,East,Furniture,Bookcases,Wooden Bookcase,3,0.2,10800.0,-77.23
ORD-11881,2024-06-23,Home Office,North,Office Supplies,Storage,Storage Box,4,0,3600,806.47
ORD-11882,2023-04-05,Corporate,West,Technology,Machines,Laser Printer,4,0.05,34200.0,4152.47
ORD-11883,2024-05-22,Consumer,East,Furniture,Chairs,Ergo Office Chair,5,0.1,29250.0,3412.7
ORD-11884,2023-10-07,Consumer,West,Technology,Machines,Laser Printer,5,0.2,36000.0,396.91
ORD-11885,2024-01-10,Corporate,West,Technology,Accessories,Wireless Earbuds,3,0.2,6000.0,1199.65
ORD-11886,2023-01-17,Consumer,East,Furniture,Tables,Standing Desk,1,0.05,11400.0,1222.23
ORD-11887,2024-12-28,Consumer,North,Technology,Accessories,Laptop Bag,5,0.1,8100.0,2335.55
ORD-11888,2023-10-08,Home Office,South,Office Supplies,Binders,Heavy Binder Set,2,0.05,1140.0,264.46
ORD-11889,2023-07-28,Home Office,East,Technology,Phones,Smartphone X,5,0.05,85500.0,12207.67
ORD-11890,2023-07-24,Home Office,South,Office Supplies,Paper,A4 Paper Pack,2,0,700,260.79
ORD-11891,2023-07-26,Consumer,South,Office Supplies,Binders,Heavy Binder Set,5,0.2,2400.0,349.09
ORD-11892,2023-01-14,Home Office,West,Furniture,Bookcases,Wooden Bookcase,2,0,9000,1430.2
ORD-11893,2024-03-07,Home Office,North,Technology,Accessories,Laptop Bag,3,0.1,4860.0,1220.46
ORD-11894,2023-09-15,Home Office,West,Furniture,Bookcases,Wooden Bookcase,3,0.05,12825.0,1181.72
ORD-11895,2023-06-08,Home Office,North,Technology,Machines,Laser Printer,4,0,36000,4040.46
ORD-11896,2024-04-09,Home Office,East,Office Supplies,Storage,Storage Box,3,0,2700,611.83
ORD-11897,2023-08-17,Consumer,South,Furniture,Bookcases,Wooden Bookcase,4,0.2,14400.0,394.42
ORD-11898,2024-04-03,Consumer,East,Technology,Accessories,Laptop Bag,4,0.05,6840.0,2254.92
ORD-11899,2024-02-12,Consumer,West,Office Supplies,Binders,Heavy Binder Set,2,0.05,1140.0,323.41
ORD-11900,2024-03-21,Consumer,East,Technology,Accessories,Wireless Earbuds,1,0.05,2375.0,587.73
ORD-11901,2023-05-15,Consumer,West,Technology,Machines,Laser Printer,4,0.1,32400.0,1706.87
ORD-11902,2024-10-25,Home Office,East,Furniture,Tables,Standing Desk,3,0,36000,3975.19
ORD-11903,2024-01-03,Corporate,West,Office Supplies,Storage,Storage Box,4,0,3600,1003.41
ORD-11904,2023-08-04,Consumer,East,Office Supplies,Binders,Heavy Binder Set,2,0,1200,326.41
ORD-11905,2024-07-17,Corporate,West,Technology,Machines,Laser Printer,1,0.05,8550.0,824.33
ORD-11906,2023-11-01,Home Office,North,Technology,Phones,Smartphone X,5,0,90000,9997.72
ORD-11907,2024-03-16,Consumer,West,Office Supplies,Paper,A4 Paper Pack,1,0,350,125.57
ORD-11908,2024-05-19,Home Office,West,Furniture,Bookcases,Wooden Bookcase,1,0.2,3600.0,137.19
ORD-11909,2024-02-09,Consumer,South,Furniture,Chairs,Ergo Office Chair,2,0.05,12350.0,1723.14
ORD-11910,2023-12-13,Consumer,South,Furniture,Chairs,Ergo Office Chair,3,0,19500,3187.05
ORD-11911,2024-02-28,Consumer,South,Office Supplies,Binders,Heavy Binder Set,2,0.2,960.0,161.53
ORD-11912,2024-12-13,Consumer,South,Office Supplies,Storage,Storage Box,1,0.1,810.0,175.79
ORD-11913,2023-12-06,Home Office,West,Technology,Accessories,Wireless Earbuds,1,0.2,2000.0,285.17
ORD-11914,2024-10-03,Corporate,North,Office Supplies,Binders,Heavy Binder Set,4,0,2400,726.34
ORD-11915,2024-06-11,Corporate,North,Technology,Accessories,Laptop Bag,5,0.2,7200.0,1165.66
ORD-11916,2023-08-09,Home Office,West,Office Supplies,Paper,A4 Paper Pack,1,0,350,119.68
ORD-11917,2023-11-14,Home Office,North,Technology,Accessories,Wireless Earbuds,1,0,2500,819.41
ORD-11918,2024-06-16,Consumer,West,Furniture,Bookcases,Wooden Bookcase,4,0.2,14400.0,247.49
ORD-11919,2023-06-07,Corporate,West,Technology,Accessories,Wireless Earbuds,3,0.2,6000.0,1172.98
ORD-11920,2024-07-09,Corporate,West,Furniture,Tables,Standing Desk,3,0,36000,4144.88
ORD-11921,2024-05-30,Consumer,South,Technology,Accessories,Laptop Bag,3,0.1,4860.0,1083.1
ORD-11922,2024-01-17,Home Office,East,Technology,Phones,Smartphone X,2,0,36000,5222.99
ORD-11923,2023-08-19,Home Office,West,Technology,Machines,Laser Printer,5,0.2,36000.0,-562.34
ORD-11924,2024-05-10,Corporate,East,Technology,Machines,Laser Printer,2,0,18000,2314.73
ORD-11925,2024-04-13,Home Office,North,Technology,Phones,Smartphone X,2,0.1,32400.0,2081.26
ORD-11926,2023-07-14,Consumer,East,Office Supplies,Storage,Storage Box,5,0.05,4275.0,932.63
ORD-11927,2024-04-18,Corporate,West,Technology,Accessories,Laptop Bag,5,0,9000,2896.8
ORD-11928,2024-04-21,Corporate,North,Office Supplies,Storage,Storage Box,4,0,3600,895.39
ORD-11929,2024-05-07,Consumer,South,Technology,Accessories,Wireless Earbuds,3,0,7500,2135.58
ORD-11930,2023-07-29,Home Office,North,Technology,Accessories,Wireless Earbuds,2,0,5000,1499.52
ORD-11931,2024-09-12,Home Office,North,Office Supplies,Storage,Storage Box,2,0.2,1440.0,152.93
ORD-11932,2023-10-24,Home Office,North,Technology,Accessories,Wireless Earbuds,3,0.1,6750.0,1386.29
ORD-11933,2024-12-12,Consumer,East,Technology,Phones,Smartphone X,4,0.1,64800.0,5302.97
ORD-11934,2024-08-11,Corporate,South,Technology,Machines,Laser Printer,2,0,18000,2433.08
ORD-11935,2023-01-31,Home Office,South,Technology,Accessories,Laptop Bag,3,0.1,4860.0,1177.08
ORD-11936,2024-06-24,Consumer,South,Technology,Accessories,Wireless Earbuds,2,0.1,4500.0,1008.99
ORD-11937,2023-07-03,Consumer,East,Technology,Accessories,Laptop Bag,4,0.05,6840.0,1763.77
ORD-11938,2024-08-06,Consumer,West,Technology,Accessories,Wireless Earbuds,2,0.05,4750.0,1136.73
ORD-11939,2023-05-29,Corporate,North,Office Supplies,Storage,Storage Box,5,0,4500,1160.39
ORD-11940,2024-03-02,Home Office,West,Technology,Accessories,Wireless Earbuds,4,0.2,8000.0,1244.67
ORD-11941,2024-12-26,Home Office,South,Furniture,Tables,Standing Desk,4,0.1,43200.0,935.69
ORD-11942,2023-09-04,Corporate,East,Office Supplies,Binders,Heavy Binder Set,5,0,3000,948.34
ORD-11943,2024-10-03,Home Office,East,Furniture,Chairs,Ergo Office Chair,3,0,19500,3787.43
ORD-11944,2024-04-05,Home Office,West,Technology,Accessories,Wireless Earbuds,2,0.05,4750.0,1094.98
ORD-11945,2023-12-29,Consumer,West,Technology,Machines,Laser Printer,1,0.05,8550.0,887.82
ORD-11946,2023-09-15,Consumer,South,Office Supplies,Storage,Storage Box,2,0,1800,490.15
ORD-11947,2023-08-19,Home Office,East,Furniture,Tables,Standing Desk,3,0.1,32400.0,1223.1
ORD-11948,2024-11-13,Consumer,South,Furniture,Chairs,Ergo Office Chair,5,0.2,26000.0,841.56
ORD-11949,2024-07-19,Corporate,West,Technology,Machines,Laser Printer,2,0.1,16200.0,1182.72
ORD-11950,2024-04-25,Corporate,East,Office Supplies,Paper,A4 Paper Pack,3,0,1050,403.86
ORD-11951,2023-10-06,Home Office,East,Furniture,Tables,Standing Desk,3,0.2,28800.0,-912.54
ORD-11952,2023-11-28,Consumer,West,Office Supplies,Paper,A4 Paper Pack,5,0.05,1662.5,566.94
ORD-11953,2023-02-11,Corporate,East,Office Supplies,Paper,A4 Paper Pack,3,0.2,840.0,213.72
ORD-11954,2023-01-15,Corporate,East,Furniture,Chairs,Ergo Office Chair,2,0.2,10400.0,804.27
ORD-11955,2023-01-18,Home Office,South,Office Supplies,Paper,A4 Paper Pack,4,0,1400,496.5
ORD-11956,2024-08-12,Consumer,North,Technology,Accessories,Laptop Bag,5,0.05,8550.0,2723.28
ORD-11957,2023-07-02,Consumer,West,Furniture,Bookcases,Wooden Bookcase,4,0.2,14400.0,539.07
ORD-11958,2024-05-21,Home Office,West,Office Supplies,Binders,Heavy Binder Set,2,0,1200,382.75
ORD-11959,2023-02-14,Corporate,East,Technology,Phones,Smartphone X,3,0,54000,7723.71
ORD-11960,2023-03-25,Home Office,West,Technology,Machines,Laser Printer,1,0,9000,1423.57
ORD-11961,2024-09-01,Home Office,North,Technology,Machines,Laser Printer,5,0,45000,5666.72
ORD-11962,2023-11-20,Corporate,East,Furniture,Bookcases,Wooden Bookcase,5,0.1,20250.0,2248.22
ORD-11963,2024-05-22,Corporate,East,Technology,Machines,Laser Printer,1,0.2,7200.0,121.77
ORD-11964,2024-10-28,Consumer,West,Office Supplies,Binders,Heavy Binder Set,2,0,1200,318.84
ORD-11965,2023-09-30,Consumer,South,Furniture,Chairs,Ergo Office Chair,3,0,19500,3671.64
ORD-11966,2023-03-31,Consumer,North,Office Supplies,Paper,A4 Paper Pack,4,0.05,1330.0,458.17
ORD-11967,2024-11-03,Consumer,East,Office Supplies,Storage,Storage Box,3,0,2700,689.19
ORD-11968,2024-08-06,Consumer,North,Office Supplies,Binders,Heavy Binder Set,3,0.1,1620.0,334.85
ORD-11969,2024-02-19,Home Office,North,Office Supplies,Storage,Storage Box,1,0.1,810.0,131.75
ORD-11970,2024-02-26,Consumer,West,Office Supplies,Binders,Heavy Binder Set,5,0.2,2400.0,478.65
ORD-11971,2024-08-27,Corporate,North,Office Supplies,Binders,Heavy Binder Set,4,0.2,1920.0,253.78
ORD-11972,2023-05-17,Home Office,West,Technology,Accessories,Laptop Bag,3,0.05,5130.0,1499.07
ORD-11973,2024-10-18,Corporate,North,Office Supplies,Paper,A4 Paper Pack,5,0,1750,543.39
ORD-11974,2023-01-07,Consumer,East,Furniture,Bookcases,Wooden Bookcase,4,0,18000,2352.75
ORD-11975,2024-01-25,Home Office,South,Furniture,Chairs,Ergo Office Chair,5,0,32500,6872.43
ORD-11976,2023-05-22,Consumer,North,Technology,Machines,Laser Printer,2,0,18000,1701.48
ORD-11977,2024-07-29,Corporate,South,Office Supplies,Storage,Storage Box,3,0,2700,637.73
ORD-11978,2024-04-29,Corporate,South,Furniture,Chairs,Ergo Office Chair,3,0,19500,3391.88
ORD-11979,2024-11-18,Corporate,North,Furniture,Chairs,Ergo Office Chair,3,0,19500,2944.21
ORD-11980,2024-09-08,Home Office,South,Office Supplies,Paper,A4 Paper Pack,1,0.05,332.5,116.18
ORD-11981,2023-10-12,Corporate,North,Office Supplies,Binders,Heavy Binder Set,4,0.05,2280.0,515.03
ORD-11982,2023-03-11,Consumer,South,Technology,Machines,Laser Printer,5,0.1,40500.0,3157.44
ORD-11983,2024-07-12,Home Office,East,Technology,Accessories,Wireless Earbuds,4,0.2,8000.0,1507.1
ORD-11984,2023-11-05,Corporate,North,Furniture,Chairs,Ergo Office Chair,1,0.1,5850.0,636.41
ORD-11985,2024-11-24,Corporate,North,Technology,Phones,Smartphone X,1,0.05,17100.0,2296.07
ORD-11986,2023-09-24,Home Office,East,Furniture,Tables,Standing Desk,1,0.05,11400.0,1204.7
ORD-11987,2023-06-22,Corporate,East,Technology,Accessories,Wireless Earbuds,4,0.05,9500.0,2197.05
ORD-11988,2023-02-04,Home Office,South,Furniture,Chairs,Ergo Office Chair,2,0.1,11700.0,944.68
ORD-11989,2023-04-16,Consumer,East,Office Supplies,Binders,Heavy Binder Set,1,0,600,172.62
ORD-11990,2023-10-06,Home Office,South,Office Supplies,Paper,A4 Paper Pack,2,0.05,665.0,195.37
ORD-11991,2024-07-01,Consumer,West,Technology,Machines,Laser Printer,3,0,27000,3858.96
ORD-11992,2023-06-03,Consumer,North,Office Supplies,Paper,A4 Paper Pack,3,0,1050,377.74
ORD-11993,2023-09-07,Corporate,North,Office Supplies,Binders,Heavy Binder Set,1,0.2,480.0,91.09
ORD-11994,2024-01-31,Consumer,East,Technology,Accessories,Laptop Bag,5,0,9000,2633.88
ORD-11995,2024-10-23,Corporate,West,Technology,Accessories,Wireless Earbuds,4,0,10000,2689.93
ORD-11996,2024-12-20,Home Office,North,Office Supplies,Storage,Storage Box,4,0,3600,1002.79
ORD-11997,2023-08-23,Home Office,East,Office Supplies,Binders,Heavy Binder Set,3,0,1800,478.49
ORD-11998,2024-12-02,Home Office,South,Technology,Accessories,Wireless Earbuds,4,0.05,9500.0,2754.03
ORD-11999,2023-04-05,Consumer,North,Office Supplies,Storage,Storage Box,2,0,1800,410.48
ORD-12000,2024-06-12,Corporate,South,Furniture,Tables,Standing Desk,5,0,60000,4798.94
ORD-12001,2024-06-22,Home Office,East,Furniture,Tables,Standing Desk,3,0.2,28800.0,516.0
ORD-12002,2024-07-14,Consumer,North,Technology,Machines,Laser Printer,3,0.05,25650.0,2051.53
ORD-12003,2024-07-05,Consumer,South,Office Supplies,Paper,A4 Paper Pack,1,0,350,135.93
ORD-12004,2024-04-11,Home Office,West,Furniture,Chairs,Ergo Office Chair,2,0.05,12350.0,1677.16
ORD-12005,2023-12-21,Home Office,West,Furniture,Bookcases,Wooden Bookcase,2,0.2,7200.0,428.85
ORD-12006,2023-11-30,Corporate,North,Furniture,Chairs,Ergo Office Chair,4,0.1,23400.0,2363.97
ORD-12007,2024-07-03,Consumer,East,Office Supplies,Storage,Storage Box,3,0,2700,782.28
ORD-12008,2023-09-14,Home Office,East,Office Supplies,Binders,Heavy Binder Set,5,0.05,2850.0,749.72
ORD-12009,2024-07-17,Consumer,South,Furniture,Tables,Standing Desk,1,0,12000,1129.45
ORD-12010,2023-03-13,Corporate,South,Office Supplies,Binders,Heavy Binder Set,1,0,600,170.42
ORD-12011,2024-10-07,Consumer,South,Furniture,Tables,Standing Desk,4,0.05,45600.0,3386.43
ORD-12012,2023-10-24,Consumer,North,Office Supplies,Storage,Storage Box,2,0,1800,498.96
ORD-12013,2023-05-30,Home Office,North,Furniture,Bookcases,Wooden Bookcase,5,0.1,20250.0,2276.0
ORD-12014,2024-08-14,Home Office,South,Furniture,Bookcases,Wooden Bookcase,5,0,22500,3723.65
ORD-12015,2023-10-08,Home Office,South,Technology,Accessories,Wireless Earbuds,2,0.2,4000.0,762.98
ORD-12016,2024-09-15,Consumer,East,Technology,Machines,Laser Printer,5,0.1,40500.0,2183.81
ORD-12017,2023-02-06,Corporate,West,Office Supplies,Paper,A4 Paper Pack,3,0.05,997.5,351.2
ORD-12018,2023-12-10,Home Office,East,Technology,Machines,Laser Printer,3,0,27000,2321.72
ORD-12019,2023-06-06,Corporate,South,Technology,Accessories,Laptop Bag,5,0,9000,2562.64
ORD-12020,2023-04-19,Home Office,West,Technology,Machines,Laser Printer,2,0.05,17100.0,1930.68
ORD-12021,2023-10-19,Corporate,South,Furniture,Chairs,Ergo Office Chair,2,0,13000,1893.35
ORD-12022,2024-10-20,Corporate,South,Technology,Accessories,Wireless Earbuds,5,0.2,10000.0,1521.48
ORD-12023,2024-05-09,Corporate,North,Furniture,Bookcases,Wooden Bookcase,1,0.2,3600.0,-2.22
ORD-12024,2024-07-23,Corporate,North,Technology,Accessories,Laptop Bag,4,0,7200,2396.4
ORD-12025,2024-02-01,Home Office,East,Technology,Accessories,Laptop Bag,4,0,7200,2056.55
ORD-12026,2024-10-08,Corporate,West,Technology,Phones,Smartphone X,4,0,72000,7849.94
ORD-12027,2024-03-05,Consumer,East,Office Supplies,Binders,Heavy Binder Set,3,0,1800,507.29
ORD-12028,2023-07-01,Consumer,East,Office Supplies,Binders,Heavy Binder Set,4,0.05,2280.0,489.13
ORD-12029,2024-09-14,Corporate,East,Furniture,Tables,Standing Desk,3,0.2,28800.0,-557.97
ORD-12030,2024-12-20,Corporate,South,Technology,Accessories,Wireless Earbuds,1,0,2500,792.62
ORD-12031,2024-03-05,Consumer,West,Furniture,Chairs,Ergo Office Chair,5,0.05,30875.0,5040.35
ORD-12032,2024-02-16,Home Office,West,Technology,Accessories,Laptop Bag,4,0.1,6480.0,1694.63
ORD-12033,2023-02-01,Home Office,North,Technology,Accessories,Wireless Earbuds,5,0.2,10000.0,2163.26
ORD-12034,2023-03-30,Home Office,West,Furniture,Chairs,Ergo Office Chair,3,0.1,17550.0,2348.34
ORD-12035,2024-08-25,Corporate,North,Technology,Phones,Smartphone X,3,0.2,43200.0,1859.8
ORD-12036,2024-11-21,Consumer,East,Office Supplies,Paper,A4 Paper Pack,1,0,350,124.37
ORD-12037,2023-03-16,Corporate,East,Office Supplies,Paper,A4 Paper Pack,1,0.2,280.0,63.43
ORD-12038,2024-08-27,Consumer,East,Furniture,Bookcases,Wooden Bookcase,3,0,13500,1783.76
ORD-12039,2023-12-04,Home Office,East,Furniture,Tables,Standing Desk,2,0,24000,2512.28
ORD-12040,2024-06-30,Corporate,East,Furniture,Bookcases,Wooden Bookcase,2,0.05,8550.0,1269.95
ORD-12041,2024-03-28,Home Office,North,Furniture,Chairs,Ergo Office Chair,3,0,19500,2888.03
ORD-12042,2024-04-15,Corporate,South,Furniture,Bookcases,Wooden Bookcase,5,0.05,21375.0,2803.5
ORD-12043,2023-07-18,Corporate,South,Office Supplies,Binders,Heavy Binder Set,3,0,1800,548.05
ORD-12044,2024-12-04,Corporate,East,Furniture,Bookcases,Wooden Bookcase,1,0,4500,563.32
ORD-12045,2024-07-12,Consumer,South,Office Supplies,Storage,Storage Box,2,0.05,1710.0,392.41
ORD-12046,2023-03-12,Corporate,East,Technology,Accessories,Laptop Bag,4,0,7200,2099.96
ORD-12047,2023-10-23,Corporate,North,Office Supplies,Paper,A4 Paper Pack,1,0.2,280.0,71.45
ORD-12048,2023-09-01,Consumer,East,Furniture,Chairs,Ergo Office Chair,4,0,26000,4151.48
ORD-12049,2023-01-20,Corporate,South,Furniture,Chairs,Ergo Office Chair,2,0,13000,2730.14
ORD-12050,2023-04-20,Corporate,West,Furniture,Tables,Standing Desk,2,0,24000,3086.46
ORD-12051,2023-11-04,Home Office,West,Office Supplies,Storage,Storage Box,5,0,4500,1093.44
ORD-12052,2024-04-06,Corporate,East,Office Supplies,Paper,A4 Paper Pack,3,0.2,840.0,213.14
ORD-12053,2023-11-15,Consumer,South,Furniture,Bookcases,Wooden Bookcase,2,0,9000,1379.07
ORD-12054,2023-08-30,Home Office,West,Furniture,Chairs,Ergo Office Chair,5,0.1,29250.0,2641.31
ORD-12055,2024-01-28,Home Office,South,Technology,Accessories,Wireless Earbuds,5,0,12500,3970.11
ORD-12056,2023-12-08,Corporate,West,Technology,Accessories,Laptop Bag,1,0.05,1710.0,512.15
ORD-12057,2023-02-18,Home Office,North,Technology,Machines,Laser Printer,1,0.1,8100.0,452.61
ORD-12058,2024-10-22,Consumer,East,Office Supplies,Binders,Heavy Binder Set,2,0,1200,353.47
ORD-12059,2024-02-22,Consumer,West,Technology,Phones,Smartphone X,5,0.05,85500.0,8931.88
ORD-12060,2023-06-11,Corporate,East,Office Supplies,Binders,Heavy Binder Set,3,0.1,1620.0,381.96
ORD-12061,2023-06-24,Home Office,East,Office Supplies,Storage,Storage Box,4,0,3600,976.69
ORD-12062,2024-09-30,Home Office,North,Technology,Accessories,Laptop Bag,1,0.2,1440.0,317.31
ORD-12063,2024-07-25,Home Office,South,Technology,Accessories,Wireless Earbuds,5,0,12500,3779.77
ORD-12064,2024-06-24,Consumer,West,Furniture,Chairs,Ergo Office Chair,5,0,32500,6722.92
ORD-12065,2024-06-21,Home Office,West,Furniture,Bookcases,Wooden Bookcase,1,0,4500,835.61
ORD-12066,2024-08-17,Consumer,North,Office Supplies,Paper,A4 Paper Pack,4,0,1400,528.89
ORD-12067,2023-08-22,Consumer,East,Technology,Machines,Laser Printer,4,0,36000,4319.08
ORD-12068,2023-10-26,Corporate,West,Furniture,Chairs,Ergo Office Chair,3,0.2,15600.0,1101.99
ORD-12069,2024-07-08,Consumer,North,Office Supplies,Storage,Storage Box,3,0,2700,756.93
ORD-12070,2024-05-17,Home Office,North,Technology,Accessories,Wireless Earbuds,2,0,5000,1685.44
ORD-12071,2023-01-04,Home Office,East,Office Supplies,Paper,A4 Paper Pack,3,0,1050,392.7
ORD-12072,2024-09-27,Consumer,South,Technology,Machines,Laser Printer,2,0.2,14400.0,139.25
ORD-12073,2024-12-15,Consumer,West,Technology,Accessories,Wireless Earbuds,2,0.1,4500.0,1034.7
ORD-12074,2024-06-04,Corporate,North,Technology,Machines,Laser Printer,5,0,45000,6531.7
ORD-12075,2024-04-02,Consumer,East,Office Supplies,Storage,Storage Box,1,0,900,256.32
ORD-12076,2024-05-18,Corporate,South,Technology,Accessories,Laptop Bag,5,0,9000,3168.17
ORD-12077,2024-03-19,Home Office,West,Technology,Accessories,Laptop Bag,3,0.05,5130.0,1663.6
ORD-12078,2024-08-01,Corporate,South,Technology,Accessories,Wireless Earbuds,5,0,12500,3588.34
ORD-12079,2023-06-29,Consumer,West,Office Supplies,Binders,Heavy Binder Set,2,0.05,1140.0,243.19
ORD-12080,2024-08-22,Home Office,East,Technology,Accessories,Laptop Bag,1,0.1,1620.0,368.19
ORD-12081,2024-11-02,Corporate,South,Technology,Accessories,Laptop Bag,5,0.2,7200.0,1458.39
ORD-12082,2023-08-01,Home Office,West,Technology,Machines,Laser Printer,4,0,36000,3723.72
ORD-12083,2023-10-28,Consumer,East,Office Supplies,Paper,A4 Paper Pack,1,0.05,332.5,93.73
ORD-12084,2024-02-16,Corporate,North,Technology,Accessories,Laptop Bag,4,0,7200,2302.63
ORD-12085,2024-01-22,Home Office,South,Technology,Phones,Smartphone X,2,0,36000,4484.51
ORD-12086,2024-04-16,Corporate,West,Technology,Phones,Smartphone X,5,0,90000,9339.89
ORD-12087,2023-05-22,Home Office,South,Office Supplies,Storage,Storage Box,1,0.2,720.0,115.13
ORD-12088,2024-01-08,Consumer,South,Technology,Phones,Smartphone X,2,0,36000,4916.83
ORD-12089,2024-06-09,Home Office,North,Technology,Accessories,Wireless Earbuds,2,0.05,4750.0,1171.06
ORD-12090,2023-02-03,Corporate,North,Office Supplies,Paper,A4 Paper Pack,2,0.2,560.0,111.61
ORD-12091,2024-10-28,Corporate,West,Furniture,Bookcases,Wooden Bookcase,2,0.05,8550.0,1249.38
ORD-12092,2023-02-03,Corporate,West,Technology,Machines,Laser Printer,5,0,45000,5838.35
ORD-12093,2024-05-16,Corporate,West,Furniture,Tables,Standing Desk,2,0.2,19200.0,-20.53
ORD-12094,2024-05-23,Consumer,West,Office Supplies,Paper,A4 Paper Pack,4,0.05,1330.0,401.99
ORD-12095,2023-07-10,Corporate,South,Technology,Phones,Smartphone X,4,0,72000,11208.97
ORD-12096,2024-05-02,Consumer,West,Furniture,Chairs,Ergo Office Chair,1,0.2,5200.0,151.58
ORD-12097,2023-02-19,Corporate,West,Office Supplies,Storage,Storage Box,3,0,2700,770.8
ORD-12098,2023-08-03,Consumer,West,Furniture,Tables,Standing Desk,3,0.1,32400.0,677.81
ORD-12099,2024-08-31,Consumer,South,Furniture,Chairs,Ergo Office Chair,1,0.1,5850.0,864.14
ORD-12100,2024-01-15,Consumer,North,Technology,Phones,Smartphone X,4,0.05,68400.0,5386.33
ORD-12101,2024-09-07,Consumer,West,Technology,Machines,Laser Printer,1,0.2,7200.0,176.49
ORD-12102,2024-03-28,Consumer,South,Office Supplies,Binders,Heavy Binder Set,2,0.05,1140.0,293.85
ORD-12103,2024-07-21,Consumer,East,Furniture,Bookcases,Wooden Bookcase,1,0.1,4050.0,207.1
ORD-12104,2024-09-27,Home Office,North,Furniture,Tables,Standing Desk,2,0,24000,2327.11
ORD-12105,2023-10-19,Consumer,South,Technology,Machines,Laser Printer,3,0.1,24300.0,609.73
ORD-12106,2023-09-10,Consumer,East,Office Supplies,Binders,Heavy Binder Set,1,0.05,570.0,122.86
ORD-12107,2024-02-13,Home Office,North,Technology,Machines,Laser Printer,5,0,45000,3804.17
ORD-12108,2023-11-01,Home Office,East,Office Supplies,Storage,Storage Box,1,0.1,810.0,168.19
ORD-12109,2023-10-05,Corporate,North,Technology,Machines,Laser Printer,1,0.2,7200.0,-153.41
ORD-12110,2024-02-17,Home Office,North,Office Supplies,Paper,A4 Paper Pack,5,0,1750,662.48
ORD-12111,2024-02-18,Corporate,West,Technology,Accessories,Wireless Earbuds,1,0.2,2000.0,411.84
ORD-12112,2023-08-01,Consumer,West,Technology,Accessories,Laptop Bag,4,0.05,6840.0,2208.08
ORD-12113,2024-03-26,Consumer,West,Furniture,Bookcases,Wooden Bookcase,4,0.05,17100.0,2625.78
ORD-12114,2024-01-28,Home Office,South,Furniture,Bookcases,Wooden Bookcase,2,0,9000,1196.54
ORD-12115,2024-12-07,Consumer,West,Office Supplies,Paper,A4 Paper Pack,3,0,1050,356.42
ORD-12116,2024-08-18,Home Office,South,Technology,Machines,Laser Printer,1,0.05,8550.0,708.19
ORD-12117,2024-12-23,Corporate,West,Technology,Machines,Laser Printer,3,0,27000,4194.46
ORD-12118,2023-12-05,Corporate,East,Office Supplies,Binders,Heavy Binder Set,4,0.05,2280.0,563.35
ORD-12119,2024-05-04,Home Office,South,Technology,Machines,Laser Printer,5,0,45000,4485.63
ORD-12120,2024-02-21,Corporate,East,Technology,Accessories,Laptop Bag,3,0.05,5130.0,1507.48
ORD-12121,2024-04-18,Home Office,West,Furniture,Chairs,Ergo Office Chair,4,0,26000,4618.08
ORD-12122,2023-08-14,Corporate,South,Technology,Accessories,Laptop Bag,4,0,7200,2130.86
ORD-12123,2024-04-30,Consumer,South,Office Supplies,Storage,Storage Box,4,0,3600,1027.64
ORD-12124,2023-10-16,Consumer,West,Technology,Machines,Laser Printer,3,0.2,21600.0,312.13
ORD-12125,2024-02-26,Consumer,South,Furniture,Chairs,Ergo Office Chair,2,0.05,12350.0,1671.19
ORD-12126,2024-07-16,Home Office,North,Office Supplies,Binders,Heavy Binder Set,3,0.1,1620.0,412.52
ORD-12127,2024-05-12,Consumer,East,Technology,Accessories,Wireless Earbuds,1,0,2500,651.73
ORD-12128,2024-09-22,Consumer,East,Furniture,Bookcases,Wooden Bookcase,3,0,13500,2288.07
ORD-12129,2024-09-13,Corporate,West,Furniture,Bookcases,Wooden Bookcase,5,0,22500,3525.21
ORD-12130,2023-09-12,Home Office,South,Technology,Machines,Laser Printer,3,0,27000,2379.24
ORD-12131,2024-10-25,Home Office,West,Technology,Machines,Laser Printer,2,0.05,17100.0,1017.03
ORD-12132,2023-04-29,Home Office,South,Office Supplies,Storage,Storage Box,4,0.2,2880.0,485.75
ORD-12133,2024-12-15,Consumer,West,Technology,Machines,Laser Printer,4,0,36000,5056.34
ORD-12134,2023-12-14,Corporate,West,Office Supplies,Binders,Heavy Binder Set,2,0,1200,344.27
ORD-12135,2024-03-05,Home Office,East,Technology,Machines,Laser Printer,4,0,36000,5674.45
ORD-12136,2024-10-15,Home Office,East,Technology,Accessories,Wireless Earbuds,3,0,7500,2056.34
ORD-12137,2024-05-13,Home Office,East,Technology,Machines,Laser Printer,1,0.2,7200.0,-174.45
ORD-12138,2023-08-08,Corporate,North,Technology,Accessories,Wireless Earbuds,3,0.1,6750.0,1881.13
ORD-12139,2024-04-02,Corporate,South,Technology,Accessories,Laptop Bag,4,0,7200,2226.36
ORD-12140,2024-01-11,Consumer,North,Office Supplies,Storage,Storage Box,1,0.05,855.0,175.69
ORD-12141,2024-04-22,Corporate,North,Furniture,Tables,Standing Desk,3,0.05,34200.0,3751.48
ORD-12142,2023-07-25,Consumer,North,Office Supplies,Binders,Heavy Binder Set,1,0,600,170.46
ORD-12143,2024-06-25,Corporate,West,Technology,Phones,Smartphone X,3,0.05,51300.0,4410.33
ORD-12144,2023-10-17,Home Office,West,Furniture,Tables,Standing Desk,4,0,48000,4288.49
ORD-12145,2023-10-30,Home Office,South,Furniture,Bookcases,Wooden Bookcase,2,0,9000,1507.76
ORD-12146,2023-12-24,Consumer,East,Furniture,Tables,Standing Desk,1,0.05,11400.0,1179.92
ORD-12147,2024-09-29,Consumer,South,Technology,Accessories,Wireless Earbuds,1,0,2500,811.25
ORD-12148,2023-02-25,Consumer,North,Furniture,Bookcases,Wooden Bookcase,1,0,4500,700.89
ORD-12149,2024-09-30,Home Office,North,Technology,Phones,Smartphone X,1,0.2,14400.0,641.65
ORD-12150,2023-04-28,Consumer,North,Office Supplies,Binders,Heavy Binder Set,3,0.2,1440.0,184.99
ORD-12151,2024-06-02,Consumer,North,Furniture,Chairs,Ergo Office Chair,1,0,6500,957.69
ORD-12152,2023-11-17,Corporate,East,Furniture,Chairs,Ergo Office Chair,2,0,13000,2565.66
ORD-12153,2024-04-04,Corporate,South,Furniture,Chairs,Ergo Office Chair,4,0,26000,5113.13
ORD-12154,2023-12-11,Consumer,North,Technology,Accessories,Laptop Bag,1,0.05,1710.0,452.8
ORD-12155,2023-05-13,Home Office,South,Furniture,Chairs,Ergo Office Chair,3,0,19500,4099.96
ORD-12156,2024-05-30,Consumer,South,Technology,Accessories,Wireless Earbuds,2,0,5000,1639.45
ORD-12157,2023-10-22,Home Office,East,Technology,Accessories,Laptop Bag,3,0.1,4860.0,1229.5
ORD-12158,2023-06-14,Consumer,East,Furniture,Tables,Standing Desk,3,0.2,28800.0,-1173.26
ORD-12159,2023-07-31,Corporate,North,Technology,Machines,Laser Printer,1,0,9000,765.2
ORD-12160,2024-03-31,Home Office,West,Office Supplies,Paper,A4 Paper Pack,1,0.2,280.0,70.32
ORD-12161,2023-01-10,Corporate,North,Technology,Accessories,Wireless Earbuds,3,0.1,6750.0,1766.55
ORD-12162,2024-02-22,Corporate,East,Furniture,Bookcases,Wooden Bookcase,4,0,18000,3048.76
ORD-12163,2024-01-01,Consumer,South,Office Supplies,Binders,Heavy Binder Set,3,0.1,1620.0,421.08
ORD-12164,2024-03-07,Corporate,East,Technology,Phones,Smartphone X,3,0.05,51300.0,5499.13
ORD-12165,2024-11-10,Consumer,West,Office Supplies,Paper,A4 Paper Pack,4,0.05,1330.0,420.51
ORD-12166,2023-11-08,Home Office,South,Technology,Phones,Smartphone X,2,0,36000,4698.6
ORD-12167,2023-10-25,Consumer,South,Technology,Phones,Smartphone X,4,0.2,57600.0,3019.91
ORD-12168,2023-06-13,Corporate,South,Technology,Phones,Smartphone X,4,0.05,68400.0,5608.25
ORD-12169,2023-01-17,Home Office,East,Office Supplies,Paper,A4 Paper Pack,2,0,700,263.47
ORD-12170,2023-06-21,Corporate,South,Office Supplies,Binders,Heavy Binder Set,5,0.2,2400.0,383.83
ORD-12171,2023-12-23,Corporate,West,Technology,Phones,Smartphone X,3,0,54000,5689.03
ORD-12172,2024-03-22,Consumer,West,Technology,Machines,Laser Printer,2,0.1,16200.0,1546.57
ORD-12173,2023-12-26,Home Office,West,Furniture,Tables,Standing Desk,2,0,24000,2650.48
ORD-12174,2024-03-25,Home Office,East,Technology,Accessories,Laptop Bag,2,0.1,3240.0,785.87
ORD-12175,2024-08-19,Consumer,North,Technology,Machines,Laser Printer,3,0.1,24300.0,2372.52
ORD-12176,2023-11-26,Home Office,South,Office Supplies,Paper,A4 Paper Pack,2,0,700,269.9
ORD-12177,2024-11-01,Home Office,East,Furniture,Bookcases,Wooden Bookcase,4,0,18000,2779.19
ORD-12178,2024-05-29,Consumer,South,Technology,Machines,Laser Printer,3,0.2,21600.0,124.89
ORD-12179,2024-08-23,Consumer,East,Furniture,Chairs,Ergo Office Chair,4,0.1,23400.0,2751.38
ORD-12180,2024-01-09,Consumer,West,Technology,Accessories,Wireless Earbuds,4,0,10000,3098.89
ORD-12181,2023-12-07,Consumer,East,Furniture,Tables,Standing Desk,1,0.05,11400.0,697.29
ORD-12182,2024-06-08,Home Office,North,Furniture,Bookcases,Wooden Bookcase,1,0.05,4275.0,426.33
ORD-12183,2023-09-03,Corporate,East,Technology,Accessories,Laptop Bag,4,0.1,6480.0,1501.35
ORD-12184,2023-12-22,Home Office,South,Furniture,Bookcases,Wooden Bookcase,5,0.1,20250.0,1336.59
ORD-12185,2024-12-03,Consumer,South,Technology,Accessories,Laptop Bag,5,0,9000,2732.85
ORD-12186,2024-01-19,Corporate,North,Office Supplies,Storage,Storage Box,3,0,2700,737.79
ORD-12187,2023-08-13,Home Office,West,Furniture,Chairs,Ergo Office Chair,2,0,13000,1846.3
ORD-12188,2023-03-01,Home Office,South,Office Supplies,Binders,Heavy Binder Set,2,0.05,1140.0,296.48
ORD-12189,2024-03-12,Consumer,West,Furniture,Bookcases,Wooden Bookcase,1,0,4500,659.14
ORD-12190,2023-08-02,Consumer,North,Technology,Accessories,Laptop Bag,2,0,3600,1283.36
ORD-12191,2024-10-03,Home Office,West,Office Supplies,Storage,Storage Box,4,0,3600,796.82
ORD-12192,2024-02-08,Home Office,North,Office Supplies,Paper,A4 Paper Pack,3,0.05,997.5,293.5
ORD-12193,2024-04-18,Home Office,North,Furniture,Bookcases,Wooden Bookcase,5,0.1,20250.0,1076.3
ORD-12194,2024-06-16,Consumer,South,Technology,Machines,Laser Printer,4,0,36000,5549.61
ORD-12195,2023-03-18,Corporate,East,Technology,Machines,Laser Printer,2,0,18000,2526.71
ORD-12196,2023-03-02,Consumer,West,Furniture,Bookcases,Wooden Bookcase,1,0.05,4275.0,478.99
ORD-12197,2024-04-17,Consumer,West,Office Supplies,Paper,A4 Paper Pack,2,0.1,630.0,198.97
ORD-12198,2023-04-30,Home Office,North,Furniture,Tables,Standing Desk,2,0,24000,1548.51
ORD-12199,2023-02-09,Consumer,South,Furniture,Chairs,Ergo Office Chair,4,0,26000,3727.73
ORD-12200,2024-12-01,Home Office,West,Technology,Machines,Laser Printer,5,0,45000,4762.62
ORD-12201,2023-01-15,Home Office,West,Furniture,Tables,Standing Desk,4,0,48000,5451.43
ORD-12202,2024-02-08,Consumer,West,Technology,Phones,Smartphone X,2,0.1,32400.0,1389.33
ORD-12203,2023-01-06,Consumer,West,Technology,Accessories,Wireless Earbuds,5,0,12500,3759.15
ORD-12204,2023-06-09,Corporate,East,Office Supplies,Storage,Storage Box,1,0.2,720.0,107.67
ORD-12205,2024-02-12,Home Office,East,Office Supplies,Storage,Storage Box,4,0,3600,996.43
ORD-12206,2023-09-09,Corporate,West,Furniture,Bookcases,Wooden Bookcase,3,0.05,12825.0,1148.27
ORD-12207,2023-01-22,Consumer,North,Technology,Accessories,Laptop Bag,5,0.05,8550.0,2277.44
ORD-12208,2023-10-17,Home Office,East,Technology,Accessories,Wireless Earbuds,2,0,5000,1603.9
ORD-12209,2024-09-07,Consumer,South,Furniture,Chairs,Ergo Office Chair,5,0,32500,5488.44
ORD-12210,2024-02-20,Consumer,South,Furniture,Tables,Standing Desk,2,0.1,21600.0,41.15
ORD-12211,2024-09-05,Corporate,East,Furniture,Bookcases,Wooden Bookcase,2,0.05,8550.0,1331.61
ORD-12212,2023-12-03,Corporate,East,Office Supplies,Paper,A4 Paper Pack,5,0,1750,671.41
ORD-12213,2024-08-10,Consumer,North,Furniture,Chairs,Ergo Office Chair,1,0.1,5850.0,518.2
ORD-12214,2024-03-31,Corporate,South,Technology,Phones,Smartphone X,3,0,54000,6710.89
ORD-12215,2023-03-15,Corporate,East,Furniture,Bookcases,Wooden Bookcase,2,0.2,7200.0,37.89
ORD-12216,2023-02-27,Consumer,East,Office Supplies,Paper,A4 Paper Pack,1,0,350,130.07
ORD-12217,2023-04-17,Home Office,North,Office Supplies,Binders,Heavy Binder Set,2,0,1200,376.26
ORD-12218,2024-10-12,Home Office,South,Office Supplies,Binders,Heavy Binder Set,2,0,1200,298.81
ORD-12219,2023-12-02,Home Office,West,Technology,Accessories,Laptop Bag,5,0,9000,2714.45
ORD-12220,2023-02-17,Corporate,North,Technology,Machines,Laser Printer,2,0,18000,2012.46
ORD-12221,2023-01-28,Consumer,North,Office Supplies,Paper,A4 Paper Pack,4,0.05,1330.0,391.02
ORD-12222,2024-04-28,Corporate,North,Furniture,Tables,Standing Desk,3,0.2,28800.0,-623.99
ORD-12223,2024-05-09,Consumer,North,Furniture,Chairs,Ergo Office Chair,2,0.2,10400.0,580.73
ORD-12224,2024-10-07,Consumer,North,Office Supplies,Paper,A4 Paper Pack,5,0.2,1400.0,320.72
ORD-12225,2023-08-04,Corporate,South,Technology,Accessories,Wireless Earbuds,5,0,12500,3706.26
ORD-12226,2023-10-07,Home Office,East,Furniture,Bookcases,Wooden Bookcase,5,0.1,20250.0,1248.53
ORD-12227,2023-10-30,Corporate,East,Technology,Accessories,Laptop Bag,4,0,7200,2285.27
ORD-12228,2023-04-21,Corporate,North,Office Supplies,Binders,Heavy Binder Set,5,0.05,2850.0,680.65
ORD-12229,2024-03-18,Corporate,South,Technology,Machines,Laser Printer,3,0,27000,3554.2
ORD-12230,2024-10-18,Corporate,South,Furniture,Bookcases,Wooden Bookcase,5,0.2,18000.0,28.87
ORD-12231,2024-09-21,Corporate,North,Technology,Accessories,Laptop Bag,2,0,3600,1245.51
ORD-12232,2024-08-31,Consumer,North,Technology,Accessories,Wireless Earbuds,5,0.1,11250.0,2287.78
ORD-12233,2023-07-11,Home Office,East,Office Supplies,Storage,Storage Box,2,0.2,1440.0,155.73
ORD-12234,2023-12-25,Home Office,West,Furniture,Bookcases,Wooden Bookcase,3,0.1,12150.0,1518.19
ORD-12235,2023-06-14,Consumer,South,Furniture,Bookcases,Wooden Bookcase,4,0.2,14400.0,721.8
ORD-12236,2024-04-16,Consumer,North,Office Supplies,Binders,Heavy Binder Set,2,0.2,960.0,183.95
ORD-12237,2024-10-20,Consumer,East,Office Supplies,Storage,Storage Box,1,0.05,855.0,163.77
ORD-12238,2023-07-01,Consumer,South,Office Supplies,Paper,A4 Paper Pack,3,0,1050,371.03
ORD-12239,2023-01-18,Home Office,North,Technology,Phones,Smartphone X,3,0,54000,6294.62
ORD-12240,2023-02-20,Home Office,West,Office Supplies,Binders,Heavy Binder Set,1,0.05,570.0,162.79
ORD-12241,2023-01-08,Consumer,East,Technology,Accessories,Laptop Bag,3,0,5400,1679.51
ORD-12242,2023-11-14,Consumer,West,Technology,Accessories,Laptop Bag,4,0.2,5760.0,1204.9
ORD-12243,2024-12-16,Home Office,West,Office Supplies,Binders,Heavy Binder Set,3,0,1800,436.47
ORD-12244,2024-09-28,Home Office,East,Office Supplies,Paper,A4 Paper Pack,5,0,1750,601.68
ORD-12245,2024-11-27,Corporate,North,Office Supplies,Binders,Heavy Binder Set,1,0.05,570.0,121.46
ORD-12246,2023-12-15,Home Office,North,Office Supplies,Storage,Storage Box,1,0,900,206.67
ORD-12247,2023-12-01,Consumer,East,Furniture,Bookcases,Wooden Bookcase,2,0.1,8100.0,1042.63
ORD-12248,2023-08-21,Consumer,South,Office Supplies,Binders,Heavy Binder Set,2,0.1,1080.0,229.88
ORD-12249,2024-03-11,Consumer,West,Technology,Phones,Smartphone X,5,0.05,85500.0,6457.64
ORD-12250,2023-07-26,Consumer,East,Technology,Accessories,Laptop Bag,4,0.1,6480.0,1764.48
ORD-12251,2024-03-05,Corporate,South,Office Supplies,Storage,Storage Box,4,0,3600,1015.85
ORD-12252,2023-01-30,Consumer,North,Technology,Accessories,Laptop Bag,3,0.05,5130.0,1327.51
ORD-12253,2023-05-30,Home Office,South,Office Supplies,Binders,Heavy Binder Set,2,0,1200,325.18
ORD-12254,2024-07-24,Home Office,West,Technology,Phones,Smartphone X,3,0,54000,6365.19
ORD-12255,2023-06-21,Consumer,North,Office Supplies,Binders,Heavy Binder Set,1,0,600,151.89
ORD-12256,2023-11-20,Home Office,East,Furniture,Bookcases,Wooden Bookcase,4,0,18000,3000.11
ORD-12257,2024-04-11,Corporate,West,Technology,Accessories,Wireless Earbuds,4,0.05,9500.0,2210.49
ORD-12258,2023-02-20,Corporate,South,Technology,Accessories,Wireless Earbuds,3,0.2,6000.0,1011.67
ORD-12259,2024-10-29,Home Office,South,Technology,Machines,Laser Printer,1,0,9000,836.64
ORD-12260,2024-05-04,Corporate,North,Office Supplies,Binders,Heavy Binder Set,5,0,3000,853.77
ORD-12261,2024-12-12,Consumer,South,Technology,Machines,Laser Printer,5,0.05,42750.0,2533.71
ORD-12262,2023-06-02,Consumer,East,Furniture,Tables,Standing Desk,2,0.2,19200.0,-74.54
ORD-12263,2023-02-15,Home Office,North,Technology,Phones,Smartphone X,1,0.1,16200.0,1511.02
ORD-12264,2023-08-16,Consumer,South,Technology,Machines,Laser Printer,3,0,27000,4018.87
ORD-12265,2024-05-03,Corporate,North,Office Supplies,Binders,Heavy Binder Set,4,0,2400,595.02
ORD-12266,2023-04-20,Consumer,West,Technology,Machines,Laser Printer,5,0,45000,6700.27
ORD-12267,2024-01-11,Corporate,East,Technology,Accessories,Wireless Earbuds,5,0,12500,3497.07
ORD-12268,2024-11-19,Consumer,East,Furniture,Tables,Standing Desk,4,0,48000,5769.1
ORD-12269,2024-07-30,Corporate,West,Technology,Phones,Smartphone X,2,0.2,28800.0,1097.85
ORD-12270,2023-11-28,Home Office,West,Furniture,Chairs,Ergo Office Chair,2,0.05,12350.0,1966.02
ORD-12271,2024-04-20,Corporate,North,Technology,Machines,Laser Printer,2,0.1,16200.0,999.55
ORD-12272,2023-11-16,Home Office,South,Technology,Phones,Smartphone X,4,0,72000,10435.32
ORD-12273,2024-07-24,Corporate,East,Technology,Phones,Smartphone X,3,0,54000,7098.91
ORD-12274,2023-08-17,Corporate,West,Office Supplies,Storage,Storage Box,5,0,4500,1275.96
ORD-12275,2023-10-16,Home Office,South,Technology,Accessories,Laptop Bag,5,0.2,7200.0,1500.6
ORD-12276,2023-12-11,Home Office,North,Technology,Accessories,Wireless Earbuds,4,0,10000,3026.19
ORD-12277,2023-07-09,Consumer,East,Furniture,Tables,Standing Desk,3,0,36000,3871.97
ORD-12278,2024-11-12,Corporate,South,Furniture,Bookcases,Wooden Bookcase,2,0.1,8100.0,528.94
ORD-12279,2024-09-02,Corporate,South,Office Supplies,Storage,Storage Box,4,0,3600,832.01
ORD-12280,2024-07-21,Corporate,East,Technology,Machines,Laser Printer,3,0,27000,3644.14
ORD-12281,2023-06-03,Home Office,East,Office Supplies,Binders,Heavy Binder Set,5,0.1,2700.0,523.46
ORD-12282,2024-04-14,Consumer,West,Furniture,Chairs,Ergo Office Chair,5,0.2,26000.0,2247.21
ORD-12283,2023-10-08,Home Office,West,Office Supplies,Paper,A4 Paper Pack,4,0.2,1120.0,237.06
ORD-12284,2024-01-29,Consumer,West,Technology,Machines,Laser Printer,3,0.1,24300.0,626.07
ORD-12285,2024-08-23,Corporate,West,Office Supplies,Paper,A4 Paper Pack,1,0,350,113.79
ORD-12286,2023-12-01,Corporate,South,Office Supplies,Storage,Storage Box,5,0,4500,1129.0
ORD-12287,2023-07-19,Corporate,West,Office Supplies,Paper,A4 Paper Pack,4,0.1,1260.0,325.89
ORD-12288,2023-08-24,Consumer,North,Technology,Machines,Laser Printer,2,0,18000,1960.32
ORD-12289,2024-09-18,Consumer,North,Furniture,Tables,Standing Desk,1,0.1,10800.0,462.43
ORD-12290,2024-11-11,Home Office,North,Office Supplies,Paper,A4 Paper Pack,2,0,700,266.91
ORD-12291,2023-01-08,Corporate,South,Furniture,Bookcases,Wooden Bookcase,5,0.2,18000.0,219.13
ORD-12292,2023-06-23,Home Office,East,Technology,Accessories,Laptop Bag,5,0.1,8100.0,2269.12
ORD-12293,2024-09-13,Consumer,South,Technology,Machines,Laser Printer,1,0.1,8100.0,540.51
ORD-12294,2024-08-18,Consumer,North,Office Supplies,Paper,A4 Paper Pack,2,0.1,630.0,188.56
ORD-12295,2024-02-24,Consumer,West,Technology,Accessories,Laptop Bag,3,0.05,5130.0,1333.62
ORD-12296,2023-06-16,Consumer,East,Office Supplies,Binders,Heavy Binder Set,5,0,3000,934.05
ORD-12297,2023-03-22,Home Office,West,Furniture,Chairs,Ergo Office Chair,3,0.05,18525.0,2896.77
ORD-12298,2023-11-26,Corporate,West,Furniture,Chairs,Ergo Office Chair,1,0,6500,1122.44
ORD-12299,2023-04-24,Corporate,South,Office Supplies,Paper,A4 Paper Pack,5,0.05,1662.5,468.56
ORD-12300,2024-10-13,Consumer,West,Office Supplies,Binders,Heavy Binder Set,4,0.1,2160.0,447.95
ORD-12301,2024-01-07,Consumer,North,Office Supplies,Paper,A4 Paper Pack,4,0.1,1260.0,335.71
ORD-12302,2024-03-17,Corporate,East,Office Supplies,Paper,A4 Paper Pack,2,0.05,665.0,197.22
ORD-12303,2023-10-29,Corporate,North,Furniture,Chairs,Ergo Office Chair,3,0,19500,3321.93
ORD-12304,2024-05-20,Corporate,North,Technology,Accessories,Laptop Bag,2,0.2,2880.0,621.52
ORD-12305,2023-10-18,Corporate,West,Furniture,Bookcases,Wooden Bookcase,3,0.05,12825.0,1047.03
ORD-12306,2024-10-31,Corporate,East,Technology,Accessories,Wireless Earbuds,4,0,10000,2878.58
ORD-12307,2024-11-02,Home Office,South,Furniture,Tables,Standing Desk,4,0,48000,3527.2
ORD-12308,2024-09-17,Consumer,South,Office Supplies,Paper,A4 Paper Pack,3,0,1050,389.4
ORD-12309,2023-03-11,Corporate,West,Office Supplies,Storage,Storage Box,1,0,900,194.71
ORD-12310,2023-04-22,Consumer,South,Technology,Machines,Laser Printer,4,0,36000,5388.51
ORD-12311,2023-11-01,Consumer,North,Technology,Machines,Laser Printer,5,0,45000,4434.54
ORD-12312,2024-02-25,Corporate,South,Technology,Machines,Laser Printer,3,0.1,24300.0,1400.16
ORD-12313,2023-06-27,Consumer,East,Furniture,Chairs,Ergo Office Chair,5,0.2,26000.0,680.26
ORD-12314,2024-08-26,Home Office,East,Technology,Machines,Laser Printer,5,0,45000,6404.61
ORD-12315,2024-06-17,Consumer,East,Technology,Machines,Laser Printer,5,0,45000,4484.33
ORD-12316,2024-09-24,Consumer,West,Furniture,Tables,Standing Desk,5,0,60000,6004.38
ORD-12317,2023-04-12,Consumer,East,Technology,Phones,Smartphone X,4,0,72000,12076.05
ORD-12318,2024-02-26,Home Office,North,Furniture,Tables,Standing Desk,4,0,48000,4626.99
ORD-12319,2024-06-09,Corporate,South,Technology,Machines,Laser Printer,5,0,45000,3841.47
ORD-12320,2023-01-01,Corporate,West,Office Supplies,Binders,Heavy Binder Set,5,0.05,2850.0,752.98
ORD-12321,2024-10-17,Home Office,West,Office Supplies,Binders,Heavy Binder Set,5,0,3000,908.73
ORD-12322,2024-07-08,Corporate,South,Office Supplies,Storage,Storage Box,4,0,3600,900.91
ORD-12323,2024-08-17,Corporate,North,Furniture,Chairs,Ergo Office Chair,1,0.1,5850.0,933.53
ORD-12324,2024-03-19,Consumer,East,Office Supplies,Paper,A4 Paper Pack,4,0.05,1330.0,404.27
ORD-12325,2023-12-23,Consumer,West,Technology,Phones,Smartphone X,2,0.05,34200.0,4514.6
ORD-12326,2024-10-01,Consumer,South,Technology,Machines,Laser Printer,3,0.05,25650.0,1784.2
ORD-12327,2024-10-27,Corporate,East,Furniture,Tables,Standing Desk,4,0.05,45600.0,3069.24
ORD-12328,2024-10-13,Consumer,South,Office Supplies,Binders,Heavy Binder Set,2,0.05,1140.0,326.92
ORD-12329,2024-10-23,Corporate,West,Technology,Accessories,Wireless Earbuds,3,0,7500,1981.87
ORD-12330,2024-10-16,Home Office,West,Office Supplies,Paper,A4 Paper Pack,1,0.1,315.0,86.16
ORD-12331,2023-01-31,Corporate,South,Office Supplies,Binders,Heavy Binder Set,1,0,600,159.91
ORD-12332,2023-01-09,Corporate,North,Technology,Accessories,Wireless Earbuds,2,0.2,4000.0,787.55
ORD-12333,2023-01-19,Corporate,East,Furniture,Chairs,Ergo Office Chair,5,0,32500,4612.76
ORD-12334,2024-08-12,Corporate,North,Office Supplies,Binders,Heavy Binder Set,3,0.1,1620.0,333.92
ORD-12335,2024-08-14,Corporate,North,Technology,Accessories,Laptop Bag,1,0.05,1710.0,531.26
ORD-12336,2024-05-05,Consumer,West,Office Supplies,Storage,Storage Box,5,0.1,4050.0,629.3
ORD-12337,2023-09-06,Consumer,North,Office Supplies,Binders,Heavy Binder Set,3,0,1800,452.48
ORD-12338,2024-03-29,Corporate,North,Furniture,Tables,Standing Desk,4,0,48000,3040.86
ORD-12339,2024-11-30,Consumer,West,Furniture,Chairs,Ergo Office Chair,4,0.1,23400.0,2234.54
ORD-12340,2024-02-05,Consumer,North,Furniture,Tables,Standing Desk,2,0,24000,3342.77
ORD-12341,2023-07-19,Consumer,West,Office Supplies,Binders,Heavy Binder Set,1,0,600,166.48
ORD-12342,2023-03-27,Corporate,West,Office Supplies,Binders,Heavy Binder Set,3,0.1,1620.0,385.94
ORD-12343,2024-12-02,Home Office,East,Furniture,Tables,Standing Desk,5,0.1,54000.0,2367.04
ORD-12344,2024-04-09,Home Office,East,Furniture,Bookcases,Wooden Bookcase,5,0,22500,3676.95
ORD-12345,2024-08-18,Corporate,East,Furniture,Chairs,Ergo Office Chair,2,0,13000,2271.23
ORD-12346,2024-11-21,Consumer,East,Furniture,Tables,Standing Desk,4,0.2,38400.0,741.31
ORD-12347,2024-08-15,Consumer,South,Furniture,Tables,Standing Desk,1,0,12000,1252.81
ORD-12348,2023-12-08,Corporate,West,Technology,Machines,Laser Printer,1,0.2,7200.0,24.31
ORD-12349,2024-07-01,Consumer,South,Office Supplies,Paper,A4 Paper Pack,5,0,1750,584.37
ORD-12350,2024-04-02,Corporate,South,Technology,Accessories,Wireless Earbuds,3,0,7500,2211.37
ORD-12351,2023-11-04,Consumer,West,Technology,Phones,Smartphone X,3,0,54000,5910.74
ORD-12352,2024-10-11,Corporate,South,Office Supplies,Binders,Heavy Binder Set,4,0.1,2160.0,425.78
ORD-12353,2023-08-04,Corporate,West,Technology,Accessories,Laptop Bag,2,0,3600,1053.85
ORD-12354,2024-09-22,Consumer,South,Technology,Accessories,Wireless Earbuds,1,0,2500,809.24
ORD-12355,2024-01-31,Consumer,North,Office Supplies,Binders,Heavy Binder Set,1,0.2,480.0,82.48
ORD-12356,2023-12-12,Corporate,East,Technology,Phones,Smartphone X,2,0,36000,6433.06
ORD-12357,2024-05-05,Corporate,North,Technology,Accessories,Wireless Earbuds,1,0,2500,828.58
ORD-12358,2023-01-30,Consumer,South,Technology,Accessories,Laptop Bag,1,0,1800,592.47
ORD-12359,2024-10-23,Home Office,North,Office Supplies,Binders,Heavy Binder Set,1,0,600,172.48
ORD-12360,2024-09-06,Corporate,South,Furniture,Tables,Standing Desk,2,0,24000,2327.69
ORD-12361,2024-04-18,Home Office,East,Office Supplies,Storage,Storage Box,1,0.05,855.0,195.38
ORD-12362,2023-01-25,Corporate,East,Furniture,Bookcases,Wooden Bookcase,2,0.2,7200.0,200.25
ORD-12363,2024-11-29,Corporate,West,Furniture,Tables,Standing Desk,3,0.2,28800.0,-102.17
ORD-12364,2024-08-19,Consumer,West,Furniture,Chairs,Ergo Office Chair,3,0.2,15600.0,719.61
ORD-12365,2023-04-22,Consumer,South,Technology,Machines,Laser Printer,1,0,9000,762.3
ORD-12366,2023-03-22,Corporate,East,Office Supplies,Binders,Heavy Binder Set,2,0,1200,357.39
ORD-12367,2024-05-21,Corporate,North,Technology,Accessories,Laptop Bag,2,0.2,2880.0,571.76
ORD-12368,2024-11-14,Consumer,West,Office Supplies,Storage,Storage Box,5,0,4500,1282.48
ORD-12369,2024-04-27,Consumer,North,Furniture,Bookcases,Wooden Bookcase,2,0.05,8550.0,814.98
ORD-12370,2023-01-24,Corporate,West,Furniture,Tables,Standing Desk,4,0,48000,6000.07
ORD-12371,2024-08-01,Home Office,West,Furniture,Bookcases,Wooden Bookcase,4,0,18000,3154.72
ORD-12372,2024-04-29,Consumer,East,Technology,Accessories,Laptop Bag,2,0,3600,1258.32
ORD-12373,2023-11-05,Consumer,South,Office Supplies,Binders,Heavy Binder Set,3,0,1800,438.05
ORD-12374,2024-01-11,Corporate,North,Office Supplies,Binders,Heavy Binder Set,3,0,1800,535.79
ORD-12375,2024-07-23,Consumer,North,Furniture,Bookcases,Wooden Bookcase,3,0.1,12150.0,970.08
ORD-12376,2023-12-20,Home Office,East,Office Supplies,Storage,Storage Box,2,0,1800,399.28
ORD-12377,2024-01-24,Consumer,West,Office Supplies,Storage,Storage Box,5,0.1,4050.0,907.71
ORD-12378,2024-07-22,Corporate,West,Technology,Phones,Smartphone X,4,0.2,57600.0,1571.21
ORD-12379,2023-02-03,Consumer,West,Furniture,Bookcases,Wooden Bookcase,1,0.05,4275.0,543.55
ORD-12380,2024-09-05,Corporate,South,Office Supplies,Paper,A4 Paper Pack,4,0.1,1260.0,372.65
ORD-12381,2023-11-28,Home Office,East,Furniture,Tables,Standing Desk,1,0,12000,1361.69
ORD-12382,2023-10-22,Corporate,South,Technology,Phones,Smartphone X,5,0,90000,9291.92
ORD-12383,2023-10-23,Corporate,West,Office Supplies,Paper,A4 Paper Pack,1,0,350,130.97
ORD-12384,2023-01-13,Home Office,South,Furniture,Tables,Standing Desk,5,0.2,48000.0,-2683.41
ORD-12385,2024-01-27,Corporate,East,Office Supplies,Storage,Storage Box,3,0,2700,751.73
ORD-12386,2023-05-14,Corporate,South,Furniture,Chairs,Ergo Office Chair,1,0.2,5200.0,282.67
ORD-12387,2024-11-25,Home Office,East,Technology,Phones,Smartphone X,1,0,18000,3140.76
ORD-12388,2023-05-08,Corporate,South,Furniture,Tables,Standing Desk,3,0.05,34200.0,1468.85
ORD-12389,2024-06-21,Home Office,North,Furniture,Bookcases,Wooden Bookcase,1,0,4500,606.42
ORD-12390,2023-02-27,Consumer,East,Technology,Machines,Laser Printer,1,0,9000,1406.58
ORD-12391,2024-12-08,Home Office,West,Technology,Accessories,Wireless Earbuds,4,0,10000,2697.15
ORD-12392,2024-01-09,Corporate,North,Office Supplies,Binders,Heavy Binder Set,5,0,3000,908.52
ORD-12393,2023-09-23,Home Office,North,Office Supplies,Paper,A4 Paper Pack,2,0.1,630.0,205.13
ORD-12394,2024-11-01,Corporate,South,Technology,Accessories,Laptop Bag,1,0,1800,527.37
ORD-12395,2024-01-18,Home Office,East,Office Supplies,Storage,Storage Box,2,0.05,1710.0,443.38
ORD-12396,2023-01-23,Corporate,South,Office Supplies,Paper,A4 Paper Pack,4,0,1400,524.41
ORD-12397,2023-05-06,Consumer,South,Technology,Accessories,Laptop Bag,4,0.1,6480.0,1813.23
ORD-12398,2024-09-08,Home Office,East,Office Supplies,Binders,Heavy Binder Set,5,0.05,2850.0,686.8
ORD-12399,2023-05-30,Home Office,East,Technology,Phones,Smartphone X,1,0.05,17100.0,1454.29
ORD-12400,2023-01-13,Consumer,East,Furniture,Bookcases,Wooden Bookcase,3,0.05,12825.0,1795.23
ORD-12401,2024-09-29,Home Office,North,Technology,Accessories,Wireless Earbuds,2,0,5000,1537.86
ORD-12402,2024-03-11,Home Office,East,Office Supplies,Binders,Heavy Binder Set,4,0.1,2160.0,560.93
ORD-12403,2023-03-31,Corporate,East,Technology,Phones,Smartphone X,3,0,54000,6748.09
ORD-12404,2023-01-30,Consumer,East,Technology,Accessories,Wireless Earbuds,1,0,2500,782.96
ORD-12405,2024-08-25,Consumer,East,Technology,Machines,Laser Printer,3,0,27000,3995.43
ORD-12406,2023-02-26,Corporate,East,Furniture,Tables,Standing Desk,3,0.05,34200.0,1088.2
ORD-12407,2023-05-19,Consumer,East,Technology,Accessories,Wireless Earbuds,2,0.1,4500.0,1117.05
ORD-12408,2023-03-27,Consumer,South,Furniture,Tables,Standing Desk,3,0,36000,4718.62
ORD-12409,2024-03-03,Home Office,North,Technology,Accessories,Wireless Earbuds,2,0,5000,1410.61
ORD-12410,2024-08-22,Home Office,East,Office Supplies,Storage,Storage Box,5,0.2,3600.0,481.27
ORD-12411,2023-03-17,Corporate,North,Office Supplies,Paper,A4 Paper Pack,1,0,350,134.23
ORD-12412,2024-04-29,Home Office,North,Furniture,Tables,Standing Desk,1,0,12000,786.0
ORD-12413,2023-03-22,Corporate,North,Office Supplies,Binders,Heavy Binder Set,1,0.05,570.0,156.61
ORD-12414,2023-07-18,Consumer,South,Technology,Accessories,Laptop Bag,5,0,9000,2579.05
ORD-12415,2024-04-22,Corporate,South,Technology,Accessories,Laptop Bag,1,0.2,1440.0,323.97
ORD-12416,2024-06-21,Home Office,South,Technology,Machines,Laser Printer,2,0.2,14400.0,526.8
ORD-12417,2024-12-24,Home Office,South,Technology,Phones,Smartphone X,5,0,90000,13152.17
ORD-12418,2023-12-27,Home Office,West,Furniture,Chairs,Ergo Office Chair,1,0.05,6175.0,783.49
ORD-12419,2023-05-25,Home Office,West,Office Supplies,Storage,Storage Box,3,0,2700,596.42
ORD-12420,2024-11-01,Consumer,West,Furniture,Tables,Standing Desk,3,0,36000,3935.19
ORD-12421,2023-07-11,Corporate,South,Technology,Accessories,Laptop Bag,4,0,7200,2579.22
ORD-12422,2024-07-04,Home Office,North,Technology,Machines,Laser Printer,5,0,45000,6532.01
ORD-12423,2024-12-09,Consumer,North,Furniture,Chairs,Ergo Office Chair,2,0.2,10400.0,241.45
ORD-12424,2024-06-23,Consumer,North,Office Supplies,Paper,A4 Paper Pack,2,0,700,232.49
ORD-12425,2024-04-24,Consumer,West,Technology,Accessories,Wireless Earbuds,1,0.05,2375.0,566.57
ORD-12426,2023-04-19,Corporate,East,Technology,Accessories,Wireless Earbuds,3,0,7500,2536.35
ORD-12427,2023-11-24,Consumer,South,Furniture,Chairs,Ergo Office Chair,2,0,13000,2224.78
ORD-12428,2023-12-25,Corporate,West,Furniture,Tables,Standing Desk,4,0,48000,3848.11
ORD-12429,2023-04-30,Corporate,North,Technology,Phones,Smartphone X,4,0.1,64800.0,4090.55
ORD-12430,2024-10-12,Consumer,West,Technology,Machines,Laser Printer,3,0,27000,2542.45
ORD-12431,2024-08-03,Corporate,South,Office Supplies,Storage,Storage Box,1,0.1,810.0,150.95
ORD-12432,2023-11-28,Corporate,South,Furniture,Tables,Standing Desk,4,0.05,45600.0,2351.64
ORD-12433,2023-11-20,Corporate,South,Technology,Machines,Laser Printer,1,0,9000,1184.56
ORD-12434,2024-12-22,Consumer,East,Office Supplies,Storage,Storage Box,5,0.2,3600.0,592.99
ORD-12435,2024-06-15,Home Office,East,Office Supplies,Storage,Storage Box,3,0.2,2160.0,211.48
ORD-12436,2024-07-04,Consumer,South,Technology,Phones,Smartphone X,1,0.1,16200.0,1888.47
ORD-12437,2024-10-24,Home Office,South,Furniture,Tables,Standing Desk,2,0.2,19200.0,278.59
ORD-12438,2024-04-06,Corporate,West,Office Supplies,Storage,Storage Box,1,0,900,258.02
ORD-12439,2024-02-21,Home Office,East,Technology,Phones,Smartphone X,4,0,72000,8279.26
ORD-12440,2024-06-15,Home Office,South,Office Supplies,Paper,A4 Paper Pack,3,0.2,840.0,213.67
ORD-12441,2024-04-07,Corporate,West,Technology,Accessories,Laptop Bag,5,0.1,8100.0,2013.26
ORD-12442,2024-04-04,Corporate,West,Furniture,Chairs,Ergo Office Chair,3,0,19500,4068.16
ORD-12443,2024-07-14,Home Office,North,Office Supplies,Storage,Storage Box,3,0.05,2565.0,508.4
ORD-12444,2024-05-23,Consumer,South,Technology,Accessories,Wireless Earbuds,5,0,12500,3481.3
ORD-12445,2023-12-10,Home Office,West,Office Supplies,Storage,Storage Box,1,0,900,238.03
ORD-12446,2024-06-13,Consumer,East,Furniture,Chairs,Ergo Office Chair,2,0,13000,2205.71
ORD-12447,2023-01-09,Home Office,West,Technology,Accessories,Laptop Bag,4,0,7200,2587.0
ORD-12448,2024-10-20,Consumer,East,Technology,Accessories,Wireless Earbuds,3,0,7500,2317.06
ORD-12449,2024-08-07,Corporate,South,Office Supplies,Storage,Storage Box,2,0,1800,446.55
ORD-12450,2024-04-28,Corporate,North,Technology,Phones,Smartphone X,4,0,72000,11783.36
ORD-12451,2023-03-08,Corporate,East,Technology,Accessories,Laptop Bag,2,0.1,3240.0,784.77
ORD-12452,2024-11-17,Home Office,North,Office Supplies,Binders,Heavy Binder Set,5,0.2,2400.0,319.54
ORD-12453,2024-12-18,Consumer,South,Technology,Accessories,Laptop Bag,1,0.2,1440.0,262.11
ORD-12454,2023-06-26,Consumer,South,Technology,Phones,Smartphone X,2,0,36000,5982.56
ORD-12455,2023-08-10,Consumer,North,Technology,Phones,Smartphone X,4,0,72000,10763.4
ORD-12456,2024-06-19,Corporate,West,Furniture,Chairs,Ergo Office Chair,3,0.2,15600.0,1256.22
ORD-12457,2023-04-26,Consumer,East,Technology,Accessories,Wireless Earbuds,2,0.05,4750.0,1236.17
ORD-12458,2023-01-27,Consumer,South,Technology,Machines,Laser Printer,4,0,36000,3124.3
ORD-12459,2023-02-25,Consumer,East,Office Supplies,Paper,A4 Paper Pack,1,0.05,332.5,99.2
ORD-12460,2024-06-10,Home Office,East,Office Supplies,Storage,Storage Box,5,0.1,4050.0,898.77
ORD-12461,2024-10-16,Consumer,West,Technology,Machines,Laser Printer,5,0.1,40500.0,2950.07
ORD-12462,2023-11-11,Home Office,South,Technology,Accessories,Laptop Bag,4,0,7200,2197.86
ORD-12463,2024-11-12,Home Office,West,Technology,Phones,Smartphone X,2,0.05,34200.0,3202.58
ORD-12464,2024-11-12,Consumer,South,Technology,Accessories,Laptop Bag,1,0.2,1440.0,245.0
ORD-12465,2024-06-27,Home Office,South,Office Supplies,Storage,Storage Box,1,0.1,810.0,152.56
ORD-12466,2023-02-09,Consumer,North,Technology,Machines,Laser Printer,5,0,45000,6476.19
ORD-12467,2024-01-07,Home Office,North,Technology,Accessories,Laptop Bag,5,0,9000,2693.88
ORD-12468,2023-09-12,Home Office,South,Office Supplies,Storage,Storage Box,1,0,900,207.8
ORD-12469,2024-09-04,Consumer,South,Technology,Phones,Smartphone X,4,0.05,68400.0,9440.54
ORD-12470,2024-08-16,Corporate,North,Furniture,Chairs,Ergo Office Chair,1,0.1,5850.0,537.18
ORD-12471,2023-11-09,Corporate,South,Office Supplies,Storage,Storage Box,1,0.2,720.0,108.58
ORD-12472,2024-05-16,Consumer,North,Furniture,Bookcases,Wooden Bookcase,1,0,4500,770.57
ORD-12473,2024-09-30,Home Office,North,Technology,Phones,Smartphone X,1,0,18000,2037.49
ORD-12474,2023-03-04,Home Office,East,Furniture,Chairs,Ergo Office Chair,4,0,26000,4553.08
ORD-12475,2023-02-13,Corporate,East,Technology,Accessories,Laptop Bag,1,0.2,1440.0,247.65
ORD-12476,2023-10-11,Corporate,East,Technology,Accessories,Wireless Earbuds,5,0.2,10000.0,1631.89
ORD-12477,2023-04-30,Home Office,West,Office Supplies,Storage,Storage Box,2,0.1,1620.0,329.59
ORD-12478,2023-08-04,Corporate,North,Office Supplies,Storage,Storage Box,1,0,900,201.65
ORD-12479,2023-08-25,Consumer,North,Office Supplies,Binders,Heavy Binder Set,1,0.1,540.0,115.98
ORD-12480,2024-03-16,Home Office,East,Technology,Phones,Smartphone X,3,0,54000,7032.51
ORD-12481,2023-03-08,Corporate,North,Office Supplies,Storage,Storage Box,3,0.1,2430.0,393.65
ORD-12482,2023-06-27,Corporate,East,Technology,Machines,Laser Printer,3,0.1,24300.0,928.93
ORD-12483,2024-05-01,Corporate,North,Furniture,Bookcases,Wooden Bookcase,3,0,13500,2332.95
ORD-12484,2024-02-09,Consumer,West,Technology,Phones,Smartphone X,4,0,72000,9542.78
ORD-12485,2024-03-18,Consumer,South,Technology,Accessories,Laptop Bag,5,0.05,8550.0,2560.27
ORD-12486,2023-04-05,Corporate,East,Technology,Phones,Smartphone X,3,0,54000,9409.56
ORD-12487,2024-09-09,Corporate,East,Technology,Accessories,Wireless Earbuds,5,0.1,11250.0,2914.66
ORD-12488,2024-12-06,Consumer,South,Technology,Machines,Laser Printer,5,0.05,42750.0,3842.19
ORD-12489,2023-10-11,Corporate,South,Furniture,Chairs,Ergo Office Chair,5,0.2,26000.0,653.47
ORD-12490,2023-04-27,Home Office,East,Technology,Accessories,Wireless Earbuds,2,0.2,4000.0,688.03
ORD-12491,2024-06-19,Home Office,East,Office Supplies,Storage,Storage Box,5,0.2,3600.0,516.81
ORD-12492,2023-10-30,Home Office,South,Technology,Machines,Laser Printer,1,0,9000,1353.2
ORD-12493,2023-10-04,Corporate,North,Office Supplies,Storage,Storage Box,4,0,3600,785.98
ORD-12494,2023-12-06,Home Office,West,Technology,Phones,Smartphone X,4,0,72000,12645.81
ORD-12495,2023-04-28,Consumer,East,Furniture,Bookcases,Wooden Bookcase,3,0,13500,1686.52
ORD-12496,2023-09-13,Home Office,North,Technology,Machines,Laser Printer,3,0,27000,4231.91
ORD-12497,2024-05-07,Corporate,East,Office Supplies,Binders,Heavy Binder Set,4,0,2400,654.95
ORD-12498,2024-01-11,Home Office,North,Office Supplies,Storage,Storage Box,5,0,4500,1222.93
ORD-12499,2023-10-04,Corporate,East,Office Supplies,Storage,Storage Box,5,0.1,4050.0,665.32
ORD-12500,2024-06-18,Consumer,East,Technology,Machines,Laser Printer,4,0.1,32400.0,2803.9
ORD-12501,2023-01-29,Consumer,South,Technology,Phones,Smartphone X,3,0,54000,6284.04
ORD-12502,2024-12-11,Corporate,North,Furniture,Bookcases,Wooden Bookcase,2,0.1,8100.0,572.0
ORD-12503,2023-10-22,Home Office,West,Furniture,Chairs,Ergo Office Chair,2,0,13000,1913.66
ORD-12504,2024-01-21,Consumer,South,Technology,Accessories,Wireless Earbuds,5,0,12500,3856.46
ORD-12505,2024-03-11,Home Office,East,Furniture,Chairs,Ergo Office Chair,4,0,26000,3920.19
ORD-12506,2024-12-31,Consumer,West,Technology,Phones,Smartphone X,4,0,72000,11366.56
ORD-12507,2024-07-13,Home Office,West,Furniture,Bookcases,Wooden Bookcase,4,0,18000,2644.87
ORD-12508,2024-07-29,Consumer,North,Office Supplies,Storage,Storage Box,1,0,900,254.63
ORD-12509,2024-12-30,Corporate,North,Technology,Phones,Smartphone X,5,0,90000,11409.04
ORD-12510,2024-02-07,Corporate,East,Technology,Accessories,Laptop Bag,5,0,9000,2695.96
ORD-12511,2023-12-13,Home Office,North,Office Supplies,Binders,Heavy Binder Set,3,0.2,1440.0,205.48
ORD-12512,2024-12-05,Corporate,East,Office Supplies,Paper,A4 Paper Pack,1,0.1,315.0,95.89
ORD-12513,2024-03-23,Home Office,North,Furniture,Bookcases,Wooden Bookcase,2,0,9000,1044.9
ORD-12514,2024-08-20,Corporate,South,Office Supplies,Storage,Storage Box,5,0,4500,984.19
ORD-12515,2023-06-23,Home Office,South,Office Supplies,Storage,Storage Box,4,0,3600,997.36
ORD-12516,2024-07-12,Consumer,South,Office Supplies,Paper,A4 Paper Pack,2,0,700,262.64
ORD-12517,2024-03-21,Corporate,East,Office Supplies,Storage,Storage Box,2,0,1800,412.58
ORD-12518,2023-09-11,Home Office,East,Technology,Accessories,Wireless Earbuds,1,0,2500,836.76
ORD-12519,2023-04-08,Corporate,North,Office Supplies,Storage,Storage Box,4,0.2,2880.0,269.07
ORD-12520,2024-07-28,Corporate,West,Furniture,Bookcases,Wooden Bookcase,2,0.05,8550.0,1323.95
ORD-12521,2024-12-09,Home Office,South,Technology,Phones,Smartphone X,5,0.2,72000.0,-887.12
ORD-12522,2023-11-12,Consumer,South,Technology,Phones,Smartphone X,1,0,18000,3059.75
ORD-12523,2023-09-29,Consumer,West,Office Supplies,Paper,A4 Paper Pack,5,0,1750,657.04
ORD-12524,2023-04-26,Consumer,North,Office Supplies,Binders,Heavy Binder Set,1,0,600,189.13
ORD-12525,2024-11-30,Corporate,South,Furniture,Chairs,Ergo Office Chair,3,0,19500,3285.04
ORD-12526,2023-11-19,Corporate,South,Technology,Accessories,Wireless Earbuds,4,0.2,8000.0,1662.36
ORD-12527,2024-04-01,Consumer,North,Office Supplies,Storage,Storage Box,3,0,2700,728.93
ORD-12528,2023-07-01,Consumer,East,Office Supplies,Storage,Storage Box,1,0.1,810.0,185.34
ORD-12529,2023-08-13,Consumer,West,Office Supplies,Binders,Heavy Binder Set,5,0.2,2400.0,459.6
ORD-12530,2023-02-04,Consumer,North,Furniture,Chairs,Ergo Office Chair,3,0.1,17550.0,2420.3
ORD-12531,2024-05-06,Home Office,East,Office Supplies,Binders,Heavy Binder Set,1,0.1,540.0,132.72
ORD-12532,2024-12-27,Consumer,North,Technology,Accessories,Laptop Bag,1,0,1800,545.15
ORD-12533,2024-06-10,Corporate,West,Office Supplies,Binders,Heavy Binder Set,3,0.1,1620.0,396.23
ORD-12534,2024-07-19,Home Office,West,Technology,Accessories,Laptop Bag,4,0.2,5760.0,1058.19
ORD-12535,2023-03-09,Corporate,West,Office Supplies,Storage,Storage Box,3,0,2700,682.62
ORD-12536,2024-04-13,Consumer,East,Technology,Accessories,Laptop Bag,2,0,3600,1103.14
ORD-12537,2023-01-16,Consumer,South,Office Supplies,Storage,Storage Box,3,0.1,2430.0,484.79
ORD-12538,2024-10-18,Consumer,West,Technology,Accessories,Wireless Earbuds,2,0,5000,1417.77
ORD-12539,2023-10-28,Consumer,West,Office Supplies,Storage,Storage Box,1,0.05,855.0,196.46
ORD-12540,2023-04-27,Consumer,West,Technology,Accessories,Wireless Earbuds,4,0.05,9500.0,2923.98
ORD-12541,2023-05-11,Home Office,South,Furniture,Chairs,Ergo Office Chair,3,0.1,17550.0,2728.02
ORD-12542,2024-01-16,Corporate,South,Furniture,Chairs,Ergo Office Chair,3,0.2,15600.0,1138.85
ORD-12543,2024-10-24,Consumer,East,Office Supplies,Storage,Storage Box,2,0.2,1440.0,232.94
ORD-12544,2024-09-03,Consumer,West,Furniture,Bookcases,Wooden Bookcase,4,0.2,14400.0,-8.29
ORD-12545,2023-09-14,Corporate,South,Office Supplies,Storage,Storage Box,2,0.05,1710.0,388.58
ORD-12546,2023-11-17,Corporate,East,Furniture,Tables,Standing Desk,1,0.1,10800.0,330.42
ORD-12547,2023-10-30,Corporate,North,Technology,Accessories,Wireless Earbuds,2,0,5000,1524.72
ORD-12548,2024-05-09,Corporate,North,Technology,Machines,Laser Printer,2,0.1,16200.0,730.55
ORD-12549,2023-07-09,Consumer,East,Furniture,Chairs,Ergo Office Chair,3,0.05,18525.0,2840.21
ORD-12550,2024-09-20,Consumer,West,Furniture,Tables,Standing Desk,1,0,12000,1519.23
ORD-12551,2024-07-09,Corporate,West,Technology,Phones,Smartphone X,1,0.2,14400.0,693.74
ORD-12552,2024-10-30,Corporate,South,Office Supplies,Paper,A4 Paper Pack,1,0,350,111.77
ORD-12553,2023-02-26,Consumer,North,Furniture,Chairs,Ergo Office Chair,5,0,32500,6691.26
ORD-12554,2024-11-25,Corporate,North,Office Supplies,Paper,A4 Paper Pack,5,0,1750,628.19
ORD-12555,2023-08-09,Corporate,West,Technology,Accessories,Laptop Bag,1,0.2,1440.0,267.42
ORD-12556,2024-07-25,Home Office,West,Office Supplies,Storage,Storage Box,2,0.1,1620.0,366.05
ORD-12557,2024-04-05,Corporate,North,Technology,Phones,Smartphone X,3,0,54000,8154.01
ORD-12558,2024-10-22,Consumer,North,Office Supplies,Binders,Heavy Binder Set,4,0.1,2160.0,437.44
ORD-12559,2024-06-10,Corporate,South,Office Supplies,Binders,Heavy Binder Set,2,0.2,960.0,146.17
ORD-12560,2024-03-13,Home Office,West,Furniture,Bookcases,Wooden Bookcase,1,0.1,4050.0,461.27
ORD-12561,2024-06-18,Home Office,North,Office Supplies,Binders,Heavy Binder Set,4,0,2400,764.54
ORD-12562,2024-07-21,Home Office,East,Furniture,Tables,Standing Desk,1,0.05,11400.0,1196.16
ORD-12563,2023-02-20,Consumer,South,Furniture,Chairs,Ergo Office Chair,2,0,13000,2292.02
ORD-12564,2024-12-01,Consumer,East,Furniture,Bookcases,Wooden Bookcase,3,0.2,10800.0,696.05
ORD-12565,2024-11-05,Consumer,West,Office Supplies,Paper,A4 Paper Pack,1,0.05,332.5,107.59
ORD-12566,2023-01-08,Consumer,West,Technology,Machines,Laser Printer,1,0,9000,1154.11
ORD-12567,2023-03-26,Corporate,South,Office Supplies,Paper,A4 Paper Pack,2,0.1,630.0,206.87
ORD-12568,2023-12-10,Consumer,South,Office Supplies,Storage,Storage Box,5,0,4500,1080.35
ORD-12569,2023-11-26,Consumer,South,Office Supplies,Storage,Storage Box,3,0,2700,624.15
ORD-12570,2024-10-01,Corporate,North,Furniture,Bookcases,Wooden Bookcase,1,0,4500,806.08
ORD-12571,2024-12-13,Consumer,South,Technology,Accessories,Wireless Earbuds,4,0,10000,2827.81
ORD-12572,2023-11-29,Consumer,South,Furniture,Tables,Standing Desk,1,0.05,11400.0,771.0
ORD-12573,2024-10-28,Consumer,North,Office Supplies,Binders,Heavy Binder Set,5,0,3000,939.64
ORD-12574,2024-09-08,Consumer,North,Technology,Accessories,Wireless Earbuds,4,0.1,9000.0,2186.1
ORD-12575,2024-04-06,Home Office,East,Furniture,Tables,Standing Desk,5,0.05,57000.0,2492.59
ORD-12576,2024-06-25,Corporate,South,Office Supplies,Binders,Heavy Binder Set,5,0.05,2850.0,651.82
ORD-12577,2024-10-08,Consumer,East,Office Supplies,Storage,Storage Box,2,0,1800,500.12
ORD-12578,2023-10-31,Home Office,North,Furniture,Bookcases,Wooden Bookcase,2,0.1,8100.0,891.18
ORD-12579,2023-12-27,Corporate,North,Technology,Accessories,Laptop Bag,5,0.2,7200.0,1518.71
ORD-12580,2023-12-01,Corporate,South,Technology,Phones,Smartphone X,4,0.05,68400.0,6079.12
ORD-12581,2024-09-28,Consumer,North,Technology,Phones,Smartphone X,3,0,54000,7024.82
ORD-12582,2024-04-29,Corporate,South,Technology,Machines,Laser Printer,2,0,18000,2346.01
ORD-12583,2023-03-06,Home Office,West,Office Supplies,Paper,A4 Paper Pack,3,0,1050,390.79
ORD-12584,2024-11-19,Consumer,South,Furniture,Tables,Standing Desk,4,0.1,43200.0,519.58
ORD-12585,2023-02-24,Corporate,North,Technology,Accessories,Laptop Bag,2,0,3600,1171.55
ORD-12586,2024-02-13,Home Office,East,Office Supplies,Storage,Storage Box,3,0,2700,659.87
ORD-12587,2024-08-01,Consumer,East,Technology,Phones,Smartphone X,2,0,36000,6169.47
ORD-12588,2024-08-12,Corporate,East,Technology,Accessories,Laptop Bag,2,0.2,2880.0,654.74
ORD-12589,2024-01-07,Corporate,North,Furniture,Tables,Standing Desk,2,0,24000,3134.38
ORD-12590,2024-04-21,Home Office,West,Furniture,Tables,Standing Desk,3,0.05,34200.0,2738.92
ORD-12591,2024-12-06,Consumer,South,Technology,Phones,Smartphone X,4,0,72000,9255.96
ORD-12592,2024-10-22,Home Office,South,Office Supplies,Paper,A4 Paper Pack,4,0.05,1330.0,423.22
ORD-12593,2023-01-20,Consumer,North,Technology,Accessories,Laptop Bag,4,0,7200,2235.14
ORD-12594,2024-06-14,Corporate,South,Office Supplies,Binders,Heavy Binder Set,4,0.1,2160.0,480.76
ORD-12595,2024-09-25,Consumer,South,Technology,Accessories,Laptop Bag,4,0.1,6480.0,1683.36
ORD-12596,2023-08-29,Consumer,East,Technology,Accessories,Laptop Bag,2,0.05,3420.0,1127.01
ORD-12597,2024-05-16,Home Office,South,Technology,Phones,Smartphone X,4,0.2,57600.0,-293.82
ORD-12598,2023-10-04,Corporate,West,Furniture,Tables,Standing Desk,1,0.2,9600.0,111.14
ORD-12599,2023-10-12,Consumer,North,Technology,Accessories,Laptop Bag,3,0.2,4320.0,849.01
ORD-12600,2024-05-10,Home Office,East,Technology,Machines,Laser Printer,3,0.1,24300.0,827.96
ORD-12601,2024-09-22,Corporate,West,Furniture,Tables,Standing Desk,3,0,36000,4850.58
ORD-12602,2024-03-11,Home Office,East,Furniture,Chairs,Ergo Office Chair,2,0,13000,2679.53
ORD-12603,2023-05-20,Home Office,East,Furniture,Chairs,Ergo Office Chair,2,0.2,10400.0,651.21
ORD-12604,2024-08-06,Home Office,North,Furniture,Chairs,Ergo Office Chair,2,0.1,11700.0,1835.0
ORD-12605,2023-09-13,Corporate,South,Technology,Machines,Laser Printer,3,0,27000,3638.45
ORD-12606,2024-01-26,Corporate,West,Furniture,Bookcases,Wooden Bookcase,4,0,18000,3296.09
ORD-12607,2023-05-07,Consumer,South,Technology,Accessories,Laptop Bag,2,0.05,3420.0,1113.84
ORD-12608,2023-09-15,Home Office,North,Technology,Accessories,Laptop Bag,3,0,5400,1608.58
ORD-12609,2024-02-15,Home Office,West,Office Supplies,Paper,A4 Paper Pack,3,0,1050,327.66
ORD-12610,2024-01-15,Corporate,West,Office Supplies,Paper,A4 Paper Pack,5,0,1750,544.69
ORD-12611,2024-07-24,Corporate,North,Furniture,Tables,Standing Desk,3,0,36000,2181.89
ORD-12612,2024-10-10,Consumer,West,Office Supplies,Storage,Storage Box,5,0,4500,1278.47
ORD-12613,2024-03-15,Home Office,East,Technology,Machines,Laser Printer,1,0,9000,1095.51
ORD-12614,2024-03-03,Consumer,West,Furniture,Tables,Standing Desk,1,0,12000,1525.02
ORD-12615,2023-08-20,Corporate,South,Furniture,Bookcases,Wooden Bookcase,3,0.05,12825.0,1136.32
ORD-12616,2023-03-22,Corporate,West,Technology,Machines,Laser Printer,3,0.1,24300.0,2208.58
ORD-12617,2024-06-20,Corporate,East,Office Supplies,Storage,Storage Box,1,0,900,246.51
ORD-12618,2023-02-04,Home Office,North,Technology,Accessories,Laptop Bag,3,0,5400,1813.16
ORD-12619,2023-08-02,Corporate,North,Technology,Accessories,Wireless Earbuds,1,0,2500,685.46
ORD-12620,2024-05-27,Home Office,South,Office Supplies,Storage,Storage Box,4,0.1,3240.0,501.59
ORD-12621,2024-07-13,Home Office,East,Technology,Phones,Smartphone X,3,0,54000,5960.63
ORD-12622,2023-10-27,Corporate,West,Technology,Machines,Laser Printer,3,0.1,24300.0,2058.89
ORD-12623,2023-02-13,Corporate,West,Furniture,Bookcases,Wooden Bookcase,5,0.1,20250.0,1685.63
ORD-12624,2023-07-30,Home Office,East,Technology,Machines,Laser Printer,2,0.05,17100.0,1820.95
ORD-12625,2024-12-20,Home Office,West,Furniture,Tables,Standing Desk,5,0.2,48000.0,-1576.18
ORD-12626,2024-12-08,Consumer,East,Furniture,Bookcases,Wooden Bookcase,5,0,22500,2795.0
ORD-12627,2024-12-03,Corporate,North,Technology,Accessories,Wireless Earbuds,1,0.2,2000.0,348.5
ORD-12628,2023-04-13,Corporate,East,Technology,Phones,Smartphone X,1,0,18000,2024.56
ORD-12629,2024-04-15,Consumer,North,Technology,Accessories,Laptop Bag,2,0,3600,1284.04
ORD-12630,2024-08-13,Corporate,West,Furniture,Bookcases,Wooden Bookcase,1,0,4500,497.01
ORD-12631,2023-01-26,Home Office,North,Furniture,Chairs,Ergo Office Chair,4,0.1,23400.0,3253.83
ORD-12632,2023-08-02,Corporate,West,Furniture,Tables,Standing Desk,5,0.1,54000.0,2665.05
ORD-12633,2023-04-19,Corporate,East,Furniture,Chairs,Ergo Office Chair,4,0.05,24700.0,4493.16
ORD-12634,2024-04-18,Home Office,South,Technology,Machines,Laser Printer,1,0,9000,983.73
ORD-12635,2024-11-07,Consumer,North,Furniture,Tables,Standing Desk,2,0,24000,2449.59
ORD-12636,2024-06-27,Consumer,North,Furniture,Chairs,Ergo Office Chair,1,0,6500,1014.09
ORD-12637,2024-04-05,Consumer,North,Technology,Accessories,Laptop Bag,1,0,1800,558.31
ORD-12638,2024-01-16,Home Office,West,Office Supplies,Paper,A4 Paper Pack,3,0.05,997.5,292.08
ORD-12639,2023-09-17,Home Office,North,Office Supplies,Storage,Storage Box,2,0.05,1710.0,363.07
ORD-12640,2024-05-04,Corporate,East,Technology,Machines,Laser Printer,2,0,18000,2131.31
ORD-12641,2024-07-04,Consumer,West,Furniture,Bookcases,Wooden Bookcase,5,0.2,18000.0,202.51
ORD-12642,2023-04-27,Consumer,West,Technology,Accessories,Laptop Bag,1,0,1800,524.51
ORD-12643,2023-10-13,Consumer,South,Office Supplies,Storage,Storage Box,2,0.2,1440.0,141.38
ORD-12644,2024-06-13,Home Office,South,Technology,Accessories,Wireless Earbuds,4,0,10000,2650.66
ORD-12645,2023-05-30,Consumer,North,Furniture,Chairs,Ergo Office Chair,5,0.2,26000.0,1731.71
ORD-12646,2023-09-02,Home Office,South,Technology,Machines,Laser Printer,2,0.1,16200.0,1561.93
ORD-12647,2024-06-30,Corporate,North,Technology,Machines,Laser Printer,1,0.2,7200.0,-41.99
ORD-12648,2024-04-15,Consumer,East,Furniture,Chairs,Ergo Office Chair,5,0.1,29250.0,2676.66
ORD-12649,2024-04-25,Home Office,East,Furniture,Chairs,Ergo Office Chair,5,0.1,29250.0,2815.46
ORD-12650,2023-07-20,Home Office,West,Technology,Accessories,Wireless Earbuds,4,0.2,8000.0,1532.55
ORD-12651,2023-06-14,Home Office,East,Office Supplies,Paper,A4 Paper Pack,3,0,1050,404.62
ORD-12652,2023-07-16,Home Office,North,Furniture,Tables,Standing Desk,5,0.05,57000.0,4497.13
ORD-12653,2023-05-16,Consumer,South,Office Supplies,Binders,Heavy Binder Set,5,0.1,2700.0,580.78
ORD-12654,2023-11-21,Home Office,West,Technology,Machines,Laser Printer,1,0,9000,897.47
ORD-12655,2024-07-14,Corporate,South,Office Supplies,Binders,Heavy Binder Set,1,0,600,167.54
ORD-12656,2024-03-01,Consumer,North,Office Supplies,Storage,Storage Box,5,0,4500,992.04
ORD-12657,2023-04-12,Consumer,South,Furniture,Bookcases,Wooden Bookcase,4,0.2,14400.0,766.75
ORD-12658,2023-05-11,Home Office,West,Technology,Phones,Smartphone X,3,0.1,48600.0,3845.02
ORD-12659,2024-01-15,Consumer,East,Office Supplies,Storage,Storage Box,5,0.05,4275.0,888.97
ORD-12660,2024-05-06,Corporate,North,Furniture,Bookcases,Wooden Bookcase,2,0,9000,1448.95
ORD-12661,2024-08-12,Corporate,South,Technology,Phones,Smartphone X,2,0,36000,4401.01
ORD-12662,2024-11-09,Corporate,North,Technology,Accessories,Wireless Earbuds,5,0.1,11250.0,2538.66
ORD-12663,2023-09-18,Consumer,North,Technology,Machines,Laser Printer,2,0.2,14400.0,81.23
ORD-12664,2024-07-29,Home Office,East,Technology,Accessories,Laptop Bag,2,0.2,2880.0,677.8
ORD-12665,2024-05-03,Home Office,South,Technology,Accessories,Wireless Earbuds,3,0,7500,2236.78
ORD-12666,2023-02-12,Corporate,North,Furniture,Chairs,Ergo Office Chair,1,0.1,5850.0,662.49
ORD-12667,2023-06-08,Consumer,South,Technology,Accessories,Laptop Bag,4,0,7200,2366.61
ORD-12668,2023-10-24,Consumer,West,Technology,Machines,Laser Printer,2,0,18000,1738.43
ORD-12669,2023-11-01,Home Office,North,Technology,Machines,Laser Printer,1,0,9000,1156.2
ORD-12670,2023-03-29,Consumer,North,Office Supplies,Paper,A4 Paper Pack,4,0,1400,448.5
ORD-12671,2023-04-01,Home Office,West,Technology,Phones,Smartphone X,4,0,72000,11364.48
ORD-12672,2024-11-16,Consumer,East,Furniture,Chairs,Ergo Office Chair,5,0.2,26000.0,2037.74
ORD-12673,2024-02-24,Consumer,South,Office Supplies,Paper,A4 Paper Pack,4,0,1400,457.34
ORD-12674,2023-12-02,Corporate,South,Furniture,Tables,Standing Desk,5,0,60000,4318.23
ORD-12675,2023-03-17,Home Office,South,Furniture,Tables,Standing Desk,1,0.1,10800.0,590.15
ORD-12676,2024-11-09,Consumer,South,Technology,Phones,Smartphone X,5,0.2,72000.0,441.44
ORD-12677,2024-03-13,Home Office,South,Office Supplies,Paper,A4 Paper Pack,2,0,700,264.04
ORD-12678,2024-05-31,Consumer,North,Furniture,Bookcases,Wooden Bookcase,3,0.2,10800.0,220.75
ORD-12679,2024-08-17,Home Office,West,Furniture,Chairs,Ergo Office Chair,5,0.1,29250.0,3147.86
ORD-12680,2024-08-31,Corporate,South,Technology,Accessories,Wireless Earbuds,2,0.05,4750.0,1137.59
ORD-12681,2023-11-10,Corporate,East,Furniture,Bookcases,Wooden Bookcase,5,0,22500,3446.35
ORD-12682,2024-07-16,Consumer,South,Technology,Machines,Laser Printer,2,0,18000,1813.47
ORD-12683,2023-01-20,Home Office,South,Office Supplies,Binders,Heavy Binder Set,1,0.05,570.0,125.31
ORD-12684,2023-12-18,Home Office,North,Office Supplies,Storage,Storage Box,4,0,3600,773.37
ORD-12685,2023-11-23,Consumer,West,Technology,Accessories,Wireless Earbuds,4,0.05,9500.0,2840.09
ORD-12686,2023-06-21,Consumer,East,Technology,Machines,Laser Printer,3,0.1,24300.0,1749.78
ORD-12687,2023-08-29,Corporate,North,Technology,Machines,Laser Printer,1,0,9000,1224.86
ORD-12688,2023-07-07,Corporate,West,Technology,Accessories,Wireless Earbuds,1,0.1,2250.0,515.37
ORD-12689,2024-02-18,Corporate,North,Office Supplies,Binders,Heavy Binder Set,3,0.05,1710.0,481.27
ORD-12690,2023-10-06,Consumer,South,Technology,Accessories,Laptop Bag,3,0,5400,1635.14
ORD-12691,2023-07-08,Consumer,North,Technology,Accessories,Wireless Earbuds,2,0,5000,1484.7
ORD-12692,2023-02-03,Consumer,North,Technology,Phones,Smartphone X,1,0.1,16200.0,806.94
ORD-12693,2024-08-18,Corporate,East,Office Supplies,Paper,A4 Paper Pack,5,0,1750,556.55
ORD-12694,2024-07-17,Consumer,North,Technology,Accessories,Wireless Earbuds,4,0,10000,2939.04
ORD-12695,2024-01-14,Consumer,North,Furniture,Bookcases,Wooden Bookcase,4,0,18000,2193.31
ORD-12696,2024-12-14,Consumer,West,Technology,Phones,Smartphone X,4,0,72000,8326.0
ORD-12697,2023-11-30,Corporate,North,Furniture,Chairs,Ergo Office Chair,1,0.05,6175.0,1031.28
ORD-12698,2024-12-10,Corporate,East,Furniture,Tables,Standing Desk,3,0.1,32400.0,2472.48
ORD-12699,2023-05-30,Consumer,North,Office Supplies,Paper,A4 Paper Pack,2,0,700,256.43
ORD-12700,2024-02-19,Home Office,East,Technology,Machines,Laser Printer,3,0.1,24300.0,2156.68
ORD-12701,2023-11-26,Consumer,North,Office Supplies,Paper,A4 Paper Pack,5,0,1750,611.96
ORD-12702,2024-02-16,Consumer,West,Furniture,Bookcases,Wooden Bookcase,2,0.2,7200.0,390.9
ORD-12703,2023-04-28,Corporate,South,Office Supplies,Binders,Heavy Binder Set,3,0.05,1710.0,480.8
ORD-12704,2023-03-01,Consumer,West,Technology,Accessories,Laptop Bag,1,0.1,1620.0,387.57
ORD-12705,2023-01-15,Consumer,East,Technology,Phones,Smartphone X,3,0.05,51300.0,5293.36
ORD-12706,2024-12-08,Consumer,West,Technology,Accessories,Laptop Bag,1,0,1800,618.49
ORD-12707,2024-03-08,Home Office,East,Office Supplies,Binders,Heavy Binder Set,1,0,600,145.79
ORD-12708,2024-03-05,Home Office,East,Office Supplies,Storage,Storage Box,5,0,4500,1240.4
ORD-12709,2024-02-26,Consumer,East,Furniture,Bookcases,Wooden Bookcase,2,0.2,7200.0,502.55
ORD-12710,2024-08-02,Consumer,East,Technology,Phones,Smartphone X,3,0.1,48600.0,4311.21
ORD-12711,2024-04-20,Home Office,West,Technology,Accessories,Laptop Bag,4,0.05,6840.0,2138.64
ORD-12712,2024-04-14,Home Office,North,Technology,Accessories,Wireless Earbuds,2,0.05,4750.0,1316.82
ORD-12713,2024-08-24,Consumer,West,Office Supplies,Paper,A4 Paper Pack,5,0.1,1575.0,488.24
ORD-12714,2024-10-30,Consumer,West,Technology,Accessories,Wireless Earbuds,2,0,5000,1493.98
ORD-12715,2023-12-18,Corporate,West,Furniture,Tables,Standing Desk,2,0,24000,3035.36
ORD-12716,2023-05-18,Home Office,North,Office Supplies,Storage,Storage Box,5,0.1,4050.0,701.17
ORD-12717,2024-12-29,Corporate,South,Office Supplies,Binders,Heavy Binder Set,1,0,600,178.15
ORD-12718,2024-10-14,Home Office,West,Technology,Machines,Laser Printer,1,0,9000,1056.43
ORD-12719,2024-08-28,Consumer,South,Office Supplies,Storage,Storage Box,2,0,1800,390.82
ORD-12720,2024-05-01,Home Office,North,Technology,Phones,Smartphone X,3,0,54000,9070.36
ORD-12721,2023-06-26,Home Office,West,Technology,Accessories,Laptop Bag,5,0.1,8100.0,2167.87
ORD-12722,2024-10-25,Home Office,East,Technology,Accessories,Wireless Earbuds,1,0.05,2375.0,729.13
ORD-12723,2024-11-13,Corporate,East,Office Supplies,Storage,Storage Box,1,0,900,258.88
ORD-12724,2023-08-17,Corporate,South,Technology,Machines,Laser Printer,2,0,18000,2089.86
ORD-12725,2024-02-23,Consumer,South,Office Supplies,Binders,Heavy Binder Set,5,0,3000,825.04
ORD-12726,2023-02-16,Corporate,East,Technology,Phones,Smartphone X,3,0.1,48600.0,2126.05
ORD-12727,2023-12-14,Consumer,East,Technology,Accessories,Wireless Earbuds,2,0,5000,1452.1
ORD-12728,2024-03-13,Corporate,East,Technology,Accessories,Wireless Earbuds,1,0,2500,752.18
ORD-12729,2024-08-07,Consumer,West,Technology,Accessories,Laptop Bag,4,0.1,6480.0,1894.14
ORD-12730,2024-06-19,Corporate,North,Office Supplies,Paper,A4 Paper Pack,5,0.2,1400.0,370.18
ORD-12731,2023-07-20,Corporate,North,Technology,Accessories,Laptop Bag,3,0,5400,1820.18
ORD-12732,2024-08-06,Corporate,South,Office Supplies,Paper,A4 Paper Pack,1,0,350,120.46
ORD-12733,2023-05-14,Home Office,West,Furniture,Tables,Standing Desk,5,0.1,54000.0,968.24
ORD-12734,2023-09-24,Corporate,South,Office Supplies,Binders,Heavy Binder Set,5,0.2,2400.0,416.65
ORD-12735,2023-08-09,Corporate,West,Technology,Phones,Smartphone X,5,0.05,85500.0,10786.76
ORD-12736,2023-10-14,Corporate,West,Furniture,Chairs,Ergo Office Chair,3,0.1,17550.0,2006.75
ORD-12737,2024-01-10,Home Office,East,Technology,Machines,Laser Printer,1,0.05,8550.0,435.44
ORD-12738,2023-03-18,Consumer,West,Technology,Machines,Laser Printer,2,0,18000,2275.2
ORD-12739,2023-07-26,Home Office,South,Office Supplies,Storage,Storage Box,2,0,1800,450.36
ORD-12740,2023-07-19,Home Office,North,Office Supplies,Paper,A4 Paper Pack,5,0.2,1400.0,322.2
ORD-12741,2024-10-12,Home Office,West,Technology,Machines,Laser Printer,3,0.05,25650.0,2266.48
ORD-12742,2024-03-18,Consumer,North,Technology,Accessories,Wireless Earbuds,4,0,10000,3098.59
ORD-12743,2023-08-14,Home Office,South,Furniture,Chairs,Ergo Office Chair,1,0.1,5850.0,887.36
ORD-12744,2023-09-26,Consumer,South,Technology,Accessories,Laptop Bag,2,0,3600,1213.84
ORD-12745,2023-06-10,Consumer,North,Office Supplies,Paper,A4 Paper Pack,1,0,350,113.72
ORD-12746,2024-11-06,Corporate,North,Furniture,Bookcases,Wooden Bookcase,5,0.1,20250.0,1165.42
ORD-12747,2024-11-01,Corporate,North,Furniture,Bookcases,Wooden Bookcase,3,0,13500,2020.24
ORD-12748,2024-03-28,Consumer,East,Office Supplies,Paper,A4 Paper Pack,3,0.2,840.0,161.72
ORD-12749,2023-07-25,Corporate,West,Technology,Accessories,Laptop Bag,4,0.05,6840.0,2172.45
ORD-12750,2024-10-23,Home Office,North,Technology,Accessories,Wireless Earbuds,5,0,12500,3950.19
ORD-12751,2024-02-05,Consumer,North,Technology,Phones,Smartphone X,4,0.05,68400.0,9347.97
ORD-12752,2023-07-24,Consumer,South,Office Supplies,Binders,Heavy Binder Set,3,0.05,1710.0,429.82
ORD-12753,2024-09-12,Corporate,West,Technology,Accessories,Laptop Bag,2,0.05,3420.0,1026.44
ORD-12754,2024-03-29,Home Office,West,Office Supplies,Storage,Storage Box,5,0,4500,1196.6
ORD-12755,2024-05-28,Corporate,East,Office Supplies,Storage,Storage Box,4,0,3600,1023.93
ORD-12756,2024-05-22,Corporate,North,Technology,Accessories,Wireless Earbuds,3,0,7500,2303.01
ORD-12757,2023-03-25,Consumer,North,Technology,Accessories,Laptop Bag,2,0.2,2880.0,598.83
ORD-12758,2024-09-16,Corporate,North,Office Supplies,Binders,Heavy Binder Set,3,0,1800,532.37
ORD-12759,2023-09-21,Home Office,North,Technology,Accessories,Wireless Earbuds,4,0,10000,2937.99
ORD-12760,2023-06-20,Consumer,West,Technology,Accessories,Laptop Bag,5,0.1,8100.0,2305.26
ORD-12761,2023-08-25,Corporate,East,Office Supplies,Paper,A4 Paper Pack,2,0,700,245.82
ORD-12762,2023-10-07,Consumer,East,Technology,Phones,Smartphone X,4,0.05,68400.0,4830.02
ORD-12763,2024-08-19,Consumer,East,Furniture,Tables,Standing Desk,5,0.1,54000.0,1080.94
ORD-12764,2024-11-08,Home Office,West,Office Supplies,Paper,A4 Paper Pack,3,0.2,840.0,217.5
ORD-12765,2023-11-16,Corporate,South,Office Supplies,Paper,A4 Paper Pack,1,0,350,130.6
ORD-12766,2023-01-11,Corporate,West,Furniture,Tables,Standing Desk,3,0.05,34200.0,3393.13
ORD-12767,2023-09-13,Corporate,East,Technology,Phones,Smartphone X,5,0.05,85500.0,11337.42
ORD-12768,2024-12-08,Consumer,South,Furniture,Chairs,Ergo Office Chair,5,0.1,29250.0,2407.61
ORD-12769,2024-09-25,Consumer,South,Furniture,Bookcases,Wooden Bookcase,3,0.05,12825.0,1924.66
ORD-12770,2024-07-22,Home Office,East,Furniture,Bookcases,Wooden Bookcase,3,0,13500,1602.07
ORD-12771,2024-03-19,Home Office,West,Furniture,Bookcases,Wooden Bookcase,2,0,9000,996.59
ORD-12772,2023-05-01,Consumer,West,Technology,Machines,Laser Printer,1,0,9000,829.55
ORD-12773,2023-11-13,Corporate,North,Office Supplies,Binders,Heavy Binder Set,4,0,2400,653.04
ORD-12774,2023-10-19,Consumer,North,Technology,Accessories,Wireless Earbuds,1,0,2500,706.19
ORD-12775,2023-10-07,Home Office,West,Office Supplies,Storage,Storage Box,3,0.1,2430.0,519.41
ORD-12776,2024-12-27,Home Office,West,Technology,Phones,Smartphone X,5,0,90000,9780.1
ORD-12777,2023-12-19,Consumer,South,Office Supplies,Binders,Heavy Binder Set,5,0,3000,767.01
ORD-12778,2024-02-28,Corporate,West,Furniture,Bookcases,Wooden Bookcase,4,0,18000,3320.62
ORD-12779,2023-04-12,Corporate,North,Office Supplies,Paper,A4 Paper Pack,3,0,1050,379.14
ORD-12780,2023-04-21,Corporate,South,Technology,Accessories,Wireless Earbuds,2,0,5000,1381.56
ORD-12781,2024-06-26,Home Office,West,Office Supplies,Binders,Heavy Binder Set,3,0,1800,493.93
ORD-12782,2024-10-02,Home Office,South,Office Supplies,Storage,Storage Box,1,0.05,855.0,191.8
ORD-12783,2023-10-04,Consumer,South,Furniture,Tables,Standing Desk,5,0,60000,5086.86
ORD-12784,2024-01-04,Home Office,West,Furniture,Tables,Standing Desk,3,0,36000,2295.79
ORD-12785,2023-07-11,Home Office,South,Furniture,Bookcases,Wooden Bookcase,3,0.2,10800.0,295.68
ORD-12786,2024-10-04,Consumer,West,Technology,Accessories,Wireless Earbuds,1,0,2500,838.89
ORD-12787,2023-08-03,Corporate,North,Office Supplies,Storage,Storage Box,5,0.2,3600.0,534.52
ORD-12788,2023-11-29,Home Office,South,Office Supplies,Paper,A4 Paper Pack,2,0,700,254.21
ORD-12789,2023-12-25,Home Office,South,Technology,Phones,Smartphone X,2,0.1,32400.0,2692.82
ORD-12790,2024-08-28,Home Office,North,Office Supplies,Binders,Heavy Binder Set,3,0.2,1440.0,174.25
ORD-12791,2024-08-14,Consumer,East,Technology,Accessories,Wireless Earbuds,5,0.05,11875.0,3645.45
ORD-12792,2023-09-05,Consumer,East,Furniture,Chairs,Ergo Office Chair,1,0.05,6175.0,980.04
ORD-12793,2024-06-14,Consumer,East,Office Supplies,Storage,Storage Box,2,0,1800,467.87
ORD-12794,2024-09-18,Home Office,North,Furniture,Tables,Standing Desk,1,0,12000,1543.52
ORD-12795,2024-01-12,Home Office,North,Office Supplies,Paper,A4 Paper Pack,4,0.05,1330.0,426.15
ORD-12796,2024-09-14,Home Office,East,Furniture,Bookcases,Wooden Bookcase,2,0,9000,1172.95
ORD-12797,2023-07-16,Home Office,East,Office Supplies,Paper,A4 Paper Pack,1,0.1,315.0,84.05
ORD-12798,2024-05-22,Home Office,North,Office Supplies,Binders,Heavy Binder Set,5,0.1,2700.0,532.97
ORD-12799,2023-01-12,Consumer,West,Furniture,Bookcases,Wooden Bookcase,2,0.2,7200.0,271.16
ORD-12800,2024-12-05,Home Office,West,Office Supplies,Storage,Storage Box,3,0.1,2430.0,507.45
ORD-12801,2024-12-24,Home Office,North,Office Supplies,Storage,Storage Box,5,0,4500,1263.53
ORD-12802,2023-08-18,Corporate,North,Furniture,Bookcases,Wooden Bookcase,4,0.1,16200.0,1721.19
ORD-12803,2023-07-26,Consumer,North,Office Supplies,Binders,Heavy Binder Set,2,0,1200,324.18
ORD-12804,2024-09-29,Home Office,East,Technology,Accessories,Laptop Bag,5,0.2,7200.0,1706.98
ORD-12805,2023-05-12,Home Office,West,Technology,Machines,Laser Printer,2,0.1,16200.0,1164.71
ORD-12806,2023-05-03,Consumer,North,Furniture,Chairs,Ergo Office Chair,2,0.1,11700.0,1677.64
ORD-12807,2024-12-22,Consumer,South,Office Supplies,Storage,Storage Box,4,0,3600,868.87
ORD-12808,2024-12-20,Home Office,South,Office Supplies,Storage,Storage Box,5,0,4500,1201.21
ORD-12809,2023-05-07,Consumer,South,Technology,Accessories,Wireless Earbuds,1,0,2500,652.98
ORD-12810,2024-10-17,Corporate,West,Technology,Phones,Smartphone X,1,0.2,14400.0,313.37
ORD-12811,2023-10-11,Home Office,West,Technology,Phones,Smartphone X,1,0.1,16200.0,1738.29
ORD-12812,2024-06-10,Corporate,South,Technology,Accessories,Wireless Earbuds,1,0.1,2250.0,465.05
ORD-12813,2023-10-07,Consumer,East,Technology,Accessories,Wireless Earbuds,3,0,7500,2500.36
ORD-12814,2024-11-13,Consumer,West,Furniture,Chairs,Ergo Office Chair,1,0.1,5850.0,706.84
ORD-12815,2023-07-27,Corporate,East,Office Supplies,Storage,Storage Box,2,0,1800,423.34
ORD-12816,2024-09-07,Consumer,West,Technology,Accessories,Wireless Earbuds,1,0,2500,689.71
ORD-12817,2024-09-09,Corporate,East,Office Supplies,Paper,A4 Paper Pack,2,0,700,237.72
ORD-12818,2024-11-29,Corporate,North,Technology,Accessories,Laptop Bag,4,0.05,6840.0,2166.41
ORD-12819,2024-10-27,Home Office,West,Technology,Phones,Smartphone X,4,0.05,68400.0,10109.21
ORD-12820,2023-11-09,Corporate,East,Technology,Accessories,Wireless Earbuds,1,0,2500,831.0
ORD-12821,2023-08-13,Consumer,East,Technology,Accessories,Wireless Earbuds,1,0.2,2000.0,414.52
ORD-12822,2023-01-02,Home Office,East,Office Supplies,Binders,Heavy Binder Set,5,0,3000,744.14
ORD-12823,2024-07-24,Corporate,South,Office Supplies,Binders,Heavy Binder Set,1,0.1,540.0,123.78
ORD-12824,2023-11-15,Corporate,West,Office Supplies,Storage,Storage Box,2,0,1800,457.77
ORD-12825,2023-04-30,Home Office,West,Technology,Accessories,Laptop Bag,4,0,7200,2320.1
ORD-12826,2024-02-14,Home Office,West,Office Supplies,Storage,Storage Box,5,0,4500,1115.09
ORD-12827,2024-07-31,Home Office,West,Technology,Accessories,Wireless Earbuds,3,0,7500,2172.6
ORD-12828,2023-05-16,Corporate,North,Office Supplies,Binders,Heavy Binder Set,1,0.1,540.0,116.83
ORD-12829,2024-05-25,Consumer,West,Furniture,Chairs,Ergo Office Chair,2,0,13000,2801.0
ORD-12830,2024-10-12,Home Office,South,Furniture,Bookcases,Wooden Bookcase,4,0.2,14400.0,457.32
ORD-12831,2023-10-12,Home Office,East,Furniture,Tables,Standing Desk,1,0.1,10800.0,738.53
ORD-12832,2024-11-17,Corporate,North,Technology,Accessories,Wireless Earbuds,4,0,10000,2868.49
ORD-12833,2023-12-05,Home Office,South,Office Supplies,Binders,Heavy Binder Set,3,0.2,1440.0,183.19
ORD-12834,2023-12-24,Consumer,South,Office Supplies,Paper,A4 Paper Pack,5,0,1750,652.27
ORD-12835,2023-07-30,Corporate,East,Technology,Accessories,Laptop Bag,5,0.05,8550.0,2780.44
ORD-12836,2023-05-14,Home Office,North,Technology,Machines,Laser Printer,5,0.05,42750.0,3280.69
ORD-12837,2023-11-28,Consumer,East,Furniture,Tables,Standing Desk,3,0,36000,4798.79
ORD-12838,2024-05-16,Home Office,South,Furniture,Bookcases,Wooden Bookcase,4,0,18000,2439.3
ORD-12839,2023-01-03,Corporate,West,Technology,Accessories,Laptop Bag,2,0,3600,1251.23
ORD-12840,2024-09-05,Home Office,West,Technology,Accessories,Laptop Bag,1,0.2,1440.0,236.13
ORD-12841,2023-06-14,Corporate,South,Furniture,Bookcases,Wooden Bookcase,4,0,18000,3348.92
ORD-12842,2023-06-08,Home Office,South,Technology,Machines,Laser Printer,3,0.05,25650.0,3317.84
ORD-12843,2024-11-07,Corporate,North,Technology,Accessories,Laptop Bag,3,0.2,4320.0,997.22
ORD-12844,2023-02-13,Home Office,South,Office Supplies,Binders,Heavy Binder Set,5,0.2,2400.0,469.5
ORD-12845,2023-05-01,Corporate,North,Furniture,Tables,Standing Desk,4,0,48000,3225.94
ORD-12846,2023-10-18,Consumer,East,Office Supplies,Storage,Storage Box,3,0,2700,671.0
ORD-12847,2024-11-23,Consumer,South,Technology,Phones,Smartphone X,1,0,18000,2627.08
ORD-12848,2024-09-15,Consumer,North,Technology,Accessories,Wireless Earbuds,1,0,2500,687.19
ORD-12849,2024-07-02,Consumer,South,Furniture,Chairs,Ergo Office Chair,4,0,26000,5347.3
ORD-12850,2023-02-02,Home Office,North,Office Supplies,Binders,Heavy Binder Set,1,0.05,570.0,146.77
ORD-12851,2023-01-04,Home Office,North,Office Supplies,Binders,Heavy Binder Set,3,0.2,1440.0,268.41
ORD-12852,2024-10-09,Home Office,East,Technology,Accessories,Laptop Bag,3,0.1,4860.0,1345.78
ORD-12853,2023-06-20,Home Office,South,Technology,Machines,Laser Printer,5,0.1,40500.0,2327.37
ORD-12854,2024-10-01,Corporate,West,Office Supplies,Paper,A4 Paper Pack,3,0,1050,375.49
ORD-12855,2024-07-19,Home Office,South,Office Supplies,Paper,A4 Paper Pack,1,0.1,315.0,98.73
ORD-12856,2024-12-16,Home Office,North,Furniture,Chairs,Ergo Office Chair,3,0.1,17550.0,1520.03
ORD-12857,2023-01-27,Home Office,West,Furniture,Bookcases,Wooden Bookcase,1,0,4500,621.65
ORD-12858,2023-06-16,Consumer,East,Technology,Machines,Laser Printer,1,0.05,8550.0,1037.9
ORD-12859,2023-11-20,Consumer,West,Office Supplies,Storage,Storage Box,2,0,1800,503.48
ORD-12860,2024-01-23,Home Office,West,Office Supplies,Paper,A4 Paper Pack,3,0.1,945.0,269.17
ORD-12861,2023-11-27,Corporate,East,Technology,Accessories,Laptop Bag,5,0,9000,3232.6
ORD-12862,2024-11-15,Consumer,East,Office Supplies,Storage,Storage Box,2,0.1,1620.0,282.35
ORD-12863,2024-08-14,Home Office,North,Office Supplies,Paper,A4 Paper Pack,3,0.05,997.5,352.32
ORD-12864,2023-09-06,Home Office,North,Technology,Phones,Smartphone X,4,0.05,68400.0,9860.61
ORD-12865,2023-10-21,Corporate,West,Office Supplies,Binders,Heavy Binder Set,5,0,3000,804.59
ORD-12866,2023-04-30,Home Office,North,Technology,Accessories,Laptop Bag,2,0.2,2880.0,650.8
ORD-12867,2024-02-01,Home Office,East,Furniture,Bookcases,Wooden Bookcase,3,0,13500,1530.91
ORD-12868,2024-06-22,Consumer,North,Technology,Accessories,Laptop Bag,1,0,1800,518.36
ORD-12869,2023-12-07,Home Office,North,Office Supplies,Storage,Storage Box,4,0,3600,929.1
ORD-12870,2023-04-17,Home Office,South,Furniture,Tables,Standing Desk,4,0.2,38400.0,-1108.79
ORD-12871,2023-05-07,Consumer,East,Technology,Phones,Smartphone X,4,0.2,57600.0,1709.49
ORD-12872,2024-08-27,Consumer,North,Furniture,Tables,Standing Desk,1,0.2,9600.0,-439.97
ORD-12873,2024-05-05,Home Office,East,Technology,Machines,Laser Printer,4,0,36000,5140.61
ORD-12874,2024-10-06,Home Office,North,Technology,Phones,Smartphone X,1,0,18000,3038.3
ORD-12875,2023-03-01,Consumer,East,Technology,Accessories,Wireless Earbuds,3,0,7500,2467.69
ORD-12876,2024-12-09,Home Office,East,Technology,Accessories,Laptop Bag,3,0.05,5130.0,1542.58
ORD-12877,2023-01-25,Corporate,South,Furniture,Tables,Standing Desk,1,0.05,11400.0,433.1
ORD-12878,2024-09-16,Corporate,East,Office Supplies,Binders,Heavy Binder Set,5,0.1,2700.0,496.7
ORD-12879,2024-04-18,Corporate,East,Furniture,Chairs,Ergo Office Chair,1,0,6500,915.06
ORD-12880,2024-12-03,Consumer,South,Technology,Accessories,Laptop Bag,2,0,3600,1230.58
ORD-12881,2024-05-23,Consumer,North,Technology,Accessories,Laptop Bag,1,0,1800,543.95
ORD-12882,2024-10-10,Corporate,North,Office Supplies,Paper,A4 Paper Pack,1,0.1,315.0,94.16
ORD-12883,2023-02-24,Home Office,East,Furniture,Tables,Standing Desk,5,0,60000,8185.98
ORD-12884,2024-10-12,Consumer,East,Technology,Accessories,Laptop Bag,2,0.1,3240.0,805.9
ORD-12885,2024-05-20,Consumer,North,Furniture,Bookcases,Wooden Bookcase,2,0,9000,1250.17
ORD-12886,2023-02-14,Consumer,West,Office Supplies,Binders,Heavy Binder Set,5,0.1,2700.0,488.82
ORD-12887,2024-02-23,Home Office,West,Office Supplies,Storage,Storage Box,1,0,900,228.36
ORD-12888,2023-12-17,Home Office,South,Technology,Phones,Smartphone X,2,0.05,34200.0,3764.61
ORD-12889,2024-06-12,Corporate,East,Furniture,Chairs,Ergo Office Chair,2,0.1,11700.0,1729.99
ORD-12890,2024-09-29,Corporate,South,Technology,Phones,Smartphone X,1,0.05,17100.0,1868.38
ORD-12891,2023-09-09,Consumer,North,Technology,Phones,Smartphone X,2,0,36000,5422.7
ORD-12892,2023-12-27,Corporate,South,Office Supplies,Paper,A4 Paper Pack,3,0,1050,336.42
ORD-12893,2023-08-03,Consumer,South,Office Supplies,Binders,Heavy Binder Set,5,0,3000,764.1
ORD-12894,2024-05-01,Corporate,East,Technology,Accessories,Laptop Bag,2,0,3600,1235.31
ORD-12895,2024-09-25,Home Office,North,Technology,Accessories,Wireless Earbuds,1,0.2,2000.0,405.99
ORD-12896,2024-04-18,Home Office,West,Office Supplies,Paper,A4 Paper Pack,1,0,350,115.34
ORD-12897,2024-01-09,Consumer,North,Furniture,Chairs,Ergo Office Chair,1,0,6500,1370.93
ORD-12898,2023-10-15,Consumer,East,Office Supplies,Binders,Heavy Binder Set,2,0,1200,347.16
ORD-12899,2024-10-22,Home Office,West,Furniture,Bookcases,Wooden Bookcase,4,0,18000,3066.1
ORD-12900,2023-08-31,Home Office,West,Technology,Accessories,Laptop Bag,2,0,3600,1057.25
ORD-12901,2023-08-23,Consumer,West,Office Supplies,Paper,A4 Paper Pack,1,0,350,135.19
ORD-12902,2024-05-09,Corporate,East,Technology,Machines,Laser Printer,1,0.2,7200.0,-206.52
ORD-12903,2024-01-17,Consumer,South,Technology,Accessories,Wireless Earbuds,3,0.05,7125.0,2199.23
ORD-12904,2023-01-01,Consumer,South,Office Supplies,Binders,Heavy Binder Set,1,0,600,182.46
ORD-12905,2024-06-10,Home Office,South,Office Supplies,Storage,Storage Box,1,0,900,202.61
ORD-12906,2023-03-16,Home Office,North,Technology,Accessories,Laptop Bag,2,0,3600,1109.54
ORD-12907,2024-01-18,Consumer,West,Office Supplies,Binders,Heavy Binder Set,1,0.2,480.0,71.66
ORD-12908,2023-03-21,Corporate,East,Technology,Accessories,Wireless Earbuds,5,0.05,11875.0,2932.11
ORD-12909,2024-02-08,Corporate,West,Technology,Accessories,Wireless Earbuds,5,0,12500,3818.98
ORD-12910,2023-05-06,Home Office,North,Technology,Accessories,Wireless Earbuds,4,0.1,9000.0,2172.07
ORD-12911,2024-07-07,Home Office,South,Furniture,Bookcases,Wooden Bookcase,2,0.05,8550.0,1049.92
ORD-12912,2023-02-20,Home Office,West,Office Supplies,Paper,A4 Paper Pack,5,0,1750,613.69
ORD-12913,2024-10-24,Corporate,North,Office Supplies,Storage,Storage Box,3,0,2700,774.67
ORD-12914,2024-04-28,Corporate,South,Office Supplies,Storage,Storage Box,2,0,1800,482.02
ORD-12915,2023-01-01,Home Office,South,Technology,Machines,Laser Printer,5,0,45000,5814.15
ORD-12916,2024-04-04,Consumer,East,Furniture,Chairs,Ergo Office Chair,2,0.2,10400.0,994.67
ORD-12917,2023-03-08,Home Office,South,Furniture,Tables,Standing Desk,4,0,48000,5394.56
ORD-12918,2024-11-10,Corporate,South,Office Supplies,Storage,Storage Box,1,0,900,219.35
ORD-12919,2024-05-31,Consumer,North,Technology,Machines,Laser Printer,1,0,9000,746.0
ORD-12920,2023-07-28,Corporate,West,Technology,Machines,Laser Printer,2,0,18000,1628.04
ORD-12921,2023-09-27,Consumer,North,Technology,Machines,Laser Printer,1,0,9000,988.51
ORD-12922,2024-10-24,Consumer,West,Technology,Machines,Laser Printer,5,0,45000,5104.54
ORD-12923,2023-07-10,Consumer,East,Furniture,Chairs,Ergo Office Chair,1,0.2,5200.0,513.49
ORD-12924,2024-06-11,Corporate,West,Technology,Accessories,Laptop Bag,2,0.05,3420.0,980.01
ORD-12925,2024-10-27,Consumer,North,Technology,Accessories,Wireless Earbuds,5,0.1,11250.0,2451.82
ORD-12926,2024-04-24,Home Office,North,Technology,Accessories,Laptop Bag,1,0.05,1710.0,520.88
ORD-12927,2023-12-11,Consumer,South,Office Supplies,Paper,A4 Paper Pack,5,0,1750,662.98
ORD-12928,2023-03-31,Home Office,East,Technology,Phones,Smartphone X,3,0,54000,9038.07
ORD-12929,2023-02-20,Consumer,South,Office Supplies,Paper,A4 Paper Pack,4,0,1400,450.89
ORD-12930,2024-11-20,Corporate,West,Office Supplies,Paper,A4 Paper Pack,4,0,1400,490.12
ORD-12931,2024-02-13,Consumer,West,Furniture,Bookcases,Wooden Bookcase,4,0.05,17100.0,1997.97
ORD-12932,2023-06-25,Corporate,East,Office Supplies,Paper,A4 Paper Pack,2,0,700,248.94
ORD-12933,2023-09-29,Corporate,East,Furniture,Tables,Standing Desk,5,0,60000,7338.25
ORD-12934,2024-04-27,Home Office,East,Office Supplies,Binders,Heavy Binder Set,4,0.05,2280.0,657.5
ORD-12935,2024-03-20,Consumer,East,Furniture,Chairs,Ergo Office Chair,2,0.1,11700.0,1326.15
ORD-12936,2024-04-21,Consumer,West,Office Supplies,Paper,A4 Paper Pack,2,0.05,665.0,196.3
ORD-12937,2023-04-12,Corporate,South,Technology,Accessories,Wireless Earbuds,1,0,2500,843.73
ORD-12938,2024-08-03,Corporate,East,Technology,Machines,Laser Printer,3,0.2,21600.0,94.7
ORD-12939,2024-05-10,Consumer,West,Technology,Accessories,Wireless Earbuds,5,0.1,11250.0,2822.61
ORD-12940,2024-11-27,Corporate,South,Technology,Accessories,Laptop Bag,5,0,9000,3052.73
ORD-12941,2024-04-15,Home Office,West,Furniture,Tables,Standing Desk,1,0.2,9600.0,-114.6
ORD-12942,2023-07-18,Consumer,East,Furniture,Chairs,Ergo Office Chair,5,0,32500,6642.99
ORD-12943,2024-11-26,Home Office,South,Technology,Machines,Laser Printer,3,0.2,21600.0,-764.46
ORD-12944,2023-06-19,Consumer,North,Furniture,Tables,Standing Desk,2,0,24000,2993.12
ORD-12945,2023-03-01,Corporate,East,Furniture,Bookcases,Wooden Bookcase,5,0.05,21375.0,2403.69
ORD-12946,2023-10-05,Corporate,West,Office Supplies,Binders,Heavy Binder Set,4,0.2,1920.0,316.99
ORD-12947,2023-09-06,Home Office,East,Office Supplies,Binders,Heavy Binder Set,4,0.1,2160.0,511.85
ORD-12948,2024-06-16,Corporate,East,Furniture,Bookcases,Wooden Bookcase,2,0,9000,1686.28
ORD-12949,2024-02-18,Home Office,West,Furniture,Tables,Standing Desk,4,0.05,45600.0,4764.99
ORD-12950,2024-12-06,Consumer,North,Technology,Accessories,Wireless Earbuds,4,0,10000,3324.76
ORD-12951,2023-05-14,Consumer,East,Furniture,Tables,Standing Desk,3,0,36000,3702.2
ORD-12952,2024-11-11,Corporate,South,Technology,Accessories,Laptop Bag,3,0.1,4860.0,1103.23
ORD-12953,2024-07-15,Corporate,West,Technology,Accessories,Laptop Bag,2,0,3600,1234.52
ORD-12954,2023-10-23,Consumer,North,Office Supplies,Binders,Heavy Binder Set,2,0,1200,369.93
ORD-12955,2023-11-30,Home Office,North,Furniture,Tables,Standing Desk,2,0,24000,2146.45
ORD-12956,2023-07-19,Home Office,East,Office Supplies,Paper,A4 Paper Pack,1,0,350,109.97
ORD-12957,2024-04-23,Consumer,West,Technology,Accessories,Laptop Bag,2,0,3600,1236.28
ORD-12958,2024-08-26,Consumer,West,Furniture,Tables,Standing Desk,3,0,36000,2774.85
ORD-12959,2024-02-20,Home Office,North,Furniture,Chairs,Ergo Office Chair,4,0,26000,3856.84
ORD-12960,2023-01-23,Consumer,South,Technology,Accessories,Wireless Earbuds,4,0.1,9000.0,2391.81
ORD-12961,2024-11-15,Consumer,East,Technology,Accessories,Wireless Earbuds,3,0.2,6000.0,1103.51
ORD-12962,2023-08-28,Consumer,West,Furniture,Chairs,Ergo Office Chair,3,0.2,15600.0,660.64
ORD-12963,2024-10-18,Home Office,West,Office Supplies,Storage,Storage Box,4,0,3600,832.91
ORD-12964,2023-02-06,Home Office,North,Office Supplies,Binders,Heavy Binder Set,2,0.2,960.0,189.3
ORD-12965,2024-05-24,Consumer,West,Office Supplies,Paper,A4 Paper Pack,3,0.2,840.0,214.73
ORD-12966,2023-12-07,Corporate,West,Technology,Machines,Laser Printer,5,0.05,42750.0,3506.54
ORD-12967,2023-05-22,Consumer,North,Office Supplies,Binders,Heavy Binder Set,1,0,600,157.38
ORD-12968,2024-11-11,Consumer,North,Furniture,Bookcases,Wooden Bookcase,2,0.05,8550.0,1321.78
ORD-12969,2024-11-13,Consumer,North,Furniture,Bookcases,Wooden Bookcase,3,0.2,10800.0,340.54
ORD-12970,2023-01-20,Consumer,North,Technology,Machines,Laser Printer,4,0.2,28800.0,-741.47
ORD-12971,2023-08-21,Consumer,North,Furniture,Bookcases,Wooden Bookcase,4,0.2,14400.0,831.38
ORD-12972,2023-11-12,Home Office,North,Technology,Accessories,Laptop Bag,3,0,5400,1930.03
ORD-12973,2024-07-21,Home Office,North,Furniture,Chairs,Ergo Office Chair,4,0.1,23400.0,3381.06
ORD-12974,2023-12-28,Corporate,East,Technology,Machines,Laser Printer,1,0,9000,807.57
ORD-12975,2023-09-21,Home Office,North,Technology,Machines,Laser Printer,5,0.05,42750.0,2739.46
ORD-12976,2024-03-17,Corporate,South,Technology,Machines,Laser Printer,5,0.2,36000.0,377.76
ORD-12977,2023-09-16,Home Office,South,Furniture,Bookcases,Wooden Bookcase,5,0,22500,3964.04
ORD-12978,2024-10-31,Corporate,South,Technology,Machines,Laser Printer,2,0,18000,2361.51
ORD-12979,2024-05-30,Consumer,East,Furniture,Chairs,Ergo Office Chair,5,0.1,29250.0,3762.54
ORD-12980,2023-10-01,Consumer,West,Office Supplies,Binders,Heavy Binder Set,2,0,1200,309.65
ORD-12981,2023-11-12,Consumer,North,Office Supplies,Storage,Storage Box,3,0,2700,668.42
ORD-12982,2024-02-08,Home Office,West,Office Supplies,Binders,Heavy Binder Set,1,0.1,540.0,105.3
ORD-12983,2024-08-04,Consumer,West,Technology,Accessories,Wireless Earbuds,5,0,12500,4079.76
ORD-12984,2023-01-29,Consumer,East,Technology,Phones,Smartphone X,4,0,72000,8098.39
ORD-12985,2024-04-19,Home Office,South,Office Supplies,Storage,Storage Box,2,0.1,1620.0,330.84
ORD-12986,2024-06-04,Home Office,East,Office Supplies,Binders,Heavy Binder Set,4,0.2,1920.0,347.45
ORD-12987,2024-07-29,Corporate,South,Office Supplies,Binders,Heavy Binder Set,2,0,1200,330.49
ORD-12988,2023-04-20,Home Office,North,Furniture,Chairs,Ergo Office Chair,2,0,13000,2810.38
ORD-12989,2024-04-11,Corporate,South,Technology,Accessories,Laptop Bag,3,0,5400,1942.76
ORD-12990,2024-06-12,Corporate,North,Technology,Machines,Laser Printer,2,0.2,14400.0,528.02
ORD-12991,2023-10-10,Consumer,West,Technology,Accessories,Laptop Bag,3,0,5400,1672.53
ORD-12992,2023-07-02,Consumer,North,Office Supplies,Binders,Heavy Binder Set,2,0,1200,370.09
ORD-12993,2023-07-24,Consumer,West,Office Supplies,Binders,Heavy Binder Set,3,0,1800,551.18
ORD-12994,2024-05-07,Home Office,East,Furniture,Chairs,Ergo Office Chair,5,0,32500,6557.64
ORD-12995,2023-04-22,Home Office,North,Technology,Accessories,Wireless Earbuds,2,0.05,4750.0,1158.82
ORD-12996,2024-01-08,Home Office,West,Furniture,Tables,Standing Desk,4,0,48000,5072.3
ORD-12997,2024-04-28,Corporate,North,Office Supplies,Paper,A4 Paper Pack,1,0,350,128.95
ORD-12998,2023-09-29,Home Office,North,Furniture,Tables,Standing Desk,5,0,60000,7436.55
ORD-12999,2023-10-04,Home Office,East,Office Supplies,Paper,A4 Paper Pack,3,0,1050,332.01
ORD-13000,2023-09-05,Consumer,West,Furniture,Tables,Standing Desk,1,0.1,10800.0,806.41
ORD-13001,2024-03-10,Corporate,East,Furniture,Chairs,Ergo Office Chair,5,0,32500,5722.23
ORD-13002,2024-08-17,Consumer,East,Technology,Phones,Smartphone X,4,0,72000,11872.53
ORD-13003,2023-05-07,Home Office,West,Technology,Machines,Laser Printer,1,0,9000,1168.38
ORD-13004,2023-03-14,Consumer,South,Technology,Accessories,Wireless Earbuds,2,0,5000,1329.32
ORD-13005,2024-07-08,Home Office,West,Office Supplies,Paper,A4 Paper Pack,5,0.05,1662.5,527.05
ORD-13006,2023-10-29,Consumer,West,Technology,Accessories,Laptop Bag,5,0.05,8550.0,2284.98
ORD-13007,2023-12-26,Consumer,South,Office Supplies,Binders,Heavy Binder Set,2,0,1200,364.6
ORD-13008,2023-11-20,Home Office,West,Office Supplies,Paper,A4 Paper Pack,1,0.05,332.5,118.61
ORD-13009,2024-04-22,Consumer,East,Office Supplies,Paper,A4 Paper Pack,3,0,1050,396.12
ORD-13010,2023-06-02,Corporate,East,Technology,Accessories,Laptop Bag,1,0.2,1440.0,319.1
ORD-13011,2023-05-22,Consumer,North,Office Supplies,Storage,Storage Box,5,0.2,3600.0,420.44
ORD-13012,2023-04-19,Consumer,East,Technology,Machines,Laser Printer,1,0.1,8100.0,206.88
ORD-13013,2023-12-23,Corporate,East,Office Supplies,Paper,A4 Paper Pack,3,0,1050,372.8
ORD-13014,2023-12-18,Home Office,West,Technology,Phones,Smartphone X,1,0,18000,2406.05
ORD-13015,2023-10-22,Corporate,West,Furniture,Tables,Standing Desk,5,0.2,48000.0,48.06
ORD-13016,2023-08-12,Consumer,West,Office Supplies,Binders,Heavy Binder Set,5,0.05,2850.0,809.03
ORD-13017,2024-08-26,Consumer,East,Office Supplies,Paper,A4 Paper Pack,3,0.05,997.5,334.41
ORD-13018,2024-09-26,Corporate,South,Technology,Phones,Smartphone X,1,0.05,17100.0,1531.15
ORD-13019,2023-12-12,Corporate,West,Technology,Phones,Smartphone X,5,0.2,72000.0,784.06
ORD-13020,2024-03-29,Home Office,East,Office Supplies,Binders,Heavy Binder Set,4,0,2400,597.1
ORD-13021,2023-04-14,Home Office,East,Office Supplies,Paper,A4 Paper Pack,2,0,700,228.53
ORD-13022,2024-03-11,Consumer,South,Technology,Phones,Smartphone X,2,0,36000,4607.32
ORD-13023,2023-12-07,Consumer,East,Furniture,Chairs,Ergo Office Chair,4,0,26000,4128.32
ORD-13024,2024-03-27,Corporate,West,Office Supplies,Storage,Storage Box,5,0.1,4050.0,879.82
ORD-13025,2023-09-20,Corporate,East,Furniture,Tables,Standing Desk,4,0.2,38400.0,-968.83
ORD-13026,2024-07-10,Consumer,East,Furniture,Tables,Standing Desk,2,0,24000,2801.35
ORD-13027,2024-03-25,Home Office,South,Office Supplies,Paper,A4 Paper Pack,5,0.1,1575.0,467.98
ORD-13028,2024-09-08,Consumer,East,Furniture,Tables,Standing Desk,3,0.1,32400.0,1168.71
ORD-13029,2024-10-09,Home Office,South,Furniture,Tables,Standing Desk,1,0.1,10800.0,655.84
ORD-13030,2023-04-20,Consumer,West,Technology,Phones,Smartphone X,5,0,90000,12603.63
ORD-13031,2024-06-17,Home Office,East,Furniture,Chairs,Ergo Office Chair,5,0.2,26000.0,2220.55
ORD-13032,2023-03-16,Home Office,West,Technology,Machines,Laser Printer,1,0,9000,1438.35
ORD-13033,2023-04-08,Corporate,East,Technology,Machines,Laser Printer,1,0.05,8550.0,948.49
ORD-13034,2023-08-15,Home Office,West,Office Supplies,Storage,Storage Box,3,0,2700,629.01
ORD-13035,2023-10-05,Consumer,North,Office Supplies,Binders,Heavy Binder Set,5,0,3000,926.19
ORD-13036,2023-07-03,Corporate,West,Technology,Phones,Smartphone X,3,0,54000,7848.08
ORD-13037,2024-11-13,Consumer,South,Technology,Machines,Laser Printer,5,0,45000,5639.66
ORD-13038,2024-10-23,Consumer,West,Furniture,Bookcases,Wooden Bookcase,1,0,4500,775.36
ORD-13039,2023-09-08,Corporate,South,Office Supplies,Paper,A4 Paper Pack,3,0.1,945.0,289.7
ORD-13040,2023-09-06,Corporate,North,Furniture,Bookcases,Wooden Bookcase,4,0,18000,2779.74
ORD-13041,2024-11-09,Corporate,East,Technology,Accessories,Laptop Bag,2,0,3600,1083.19
ORD-13042,2023-05-23,Consumer,South,Furniture,Bookcases,Wooden Bookcase,4,0.05,17100.0,1670.72
ORD-13043,2024-11-17,Corporate,South,Office Supplies,Storage,Storage Box,3,0,2700,758.16
ORD-13044,2023-05-24,Consumer,South,Office Supplies,Paper,A4 Paper Pack,2,0.2,560.0,139.59
ORD-13045,2023-05-27,Consumer,North,Office Supplies,Binders,Heavy Binder Set,3,0,1800,470.18
ORD-13046,2023-01-15,Home Office,West,Furniture,Chairs,Ergo Office Chair,4,0.2,20800.0,1380.2
ORD-13047,2024-07-30,Home Office,East,Office Supplies,Storage,Storage Box,1,0,900,228.76
ORD-13048,2024-06-07,Home Office,North,Technology,Machines,Laser Printer,5,0,45000,4973.14
ORD-13049,2023-04-25,Consumer,West,Technology,Accessories,Wireless Earbuds,4,0.05,9500.0,2860.84
ORD-13050,2023-07-18,Consumer,South,Technology,Phones,Smartphone X,3,0,54000,9035.16
ORD-13051,2023-06-21,Home Office,East,Furniture,Bookcases,Wooden Bookcase,1,0,4500,553.32
ORD-13052,2023-11-09,Home Office,South,Furniture,Bookcases,Wooden Bookcase,2,0.05,8550.0,1198.1
ORD-13053,2023-05-30,Consumer,North,Technology,Machines,Laser Printer,5,0,45000,5844.99
ORD-13054,2023-04-13,Consumer,South,Technology,Machines,Laser Printer,3,0.05,25650.0,2459.56
ORD-13055,2023-06-03,Corporate,West,Technology,Phones,Smartphone X,2,0,36000,4232.04
ORD-13056,2023-12-11,Corporate,East,Technology,Accessories,Wireless Earbuds,1,0.2,2000.0,424.14
ORD-13057,2024-11-16,Corporate,East,Technology,Phones,Smartphone X,4,0.05,68400.0,5564.99
ORD-13058,2024-07-08,Corporate,East,Furniture,Bookcases,Wooden Bookcase,2,0.2,7200.0,-39.36
ORD-13059,2023-06-08,Home Office,East,Technology,Accessories,Wireless Earbuds,2,0,5000,1593.89
ORD-13060,2024-08-26,Home Office,South,Technology,Machines,Laser Printer,2,0,18000,1752.17
ORD-13061,2023-02-05,Home Office,North,Office Supplies,Storage,Storage Box,3,0.05,2565.0,475.67
ORD-13062,2023-03-10,Corporate,North,Technology,Machines,Laser Printer,2,0.2,14400.0,342.22
ORD-13063,2024-10-12,Corporate,West,Technology,Phones,Smartphone X,4,0.2,57600.0,753.81
ORD-13064,2024-06-22,Corporate,East,Technology,Accessories,Wireless Earbuds,4,0.2,8000.0,1527.08
ORD-13065,2024-09-01,Home Office,South,Office Supplies,Paper,A4 Paper Pack,1,0.1,315.0,98.57
ORD-13066,2024-11-11,Consumer,West,Technology,Phones,Smartphone X,4,0,72000,10885.36
ORD-13067,2023-04-26,Consumer,South,Office Supplies,Binders,Heavy Binder Set,2,0,1200,336.56
ORD-13068,2023-04-27,Corporate,West,Technology,Accessories,Laptop Bag,1,0.1,1620.0,457.74
ORD-13069,2023-10-21,Home Office,South,Office Supplies,Storage,Storage Box,3,0.2,2160.0,238.42
ORD-13070,2024-11-26,Home Office,North,Office Supplies,Binders,Heavy Binder Set,2,0.2,960.0,129.61
ORD-13071,2024-08-09,Consumer,North,Technology,Accessories,Wireless Earbuds,2,0,5000,1334.38
ORD-13072,2024-01-24,Home Office,West,Office Supplies,Storage,Storage Box,1,0,900,239.18
ORD-13073,2024-08-19,Consumer,West,Technology,Accessories,Laptop Bag,1,0.2,1440.0,335.96
ORD-13074,2024-09-24,Home Office,South,Office Supplies,Binders,Heavy Binder Set,3,0.2,1440.0,176.95
ORD-13075,2024-03-15,Home Office,East,Furniture,Bookcases,Wooden Bookcase,1,0.1,4050.0,517.31
ORD-13076,2024-05-26,Consumer,West,Technology,Machines,Laser Printer,5,0,45000,6246.79
ORD-13077,2023-03-18,Home Office,East,Technology,Machines,Laser Printer,2,0.05,17100.0,2148.23
ORD-13078,2023-07-07,Corporate,East,Office Supplies,Storage,Storage Box,4,0,3600,803.1
ORD-13079,2023-04-23,Corporate,East,Technology,Accessories,Wireless Earbuds,4,0,10000,2901.51
ORD-13080,2024-03-09,Consumer,South,Office Supplies,Paper,A4 Paper Pack,2,0,700,258.44
ORD-13081,2023-06-02,Consumer,East,Furniture,Tables,Standing Desk,3,0,36000,3435.32
ORD-13082,2024-01-03,Corporate,North,Office Supplies,Storage,Storage Box,4,0.1,3240.0,641.32
ORD-13083,2023-07-23,Home Office,West,Technology,Phones,Smartphone X,2,0,36000,6077.32
ORD-13084,2024-07-19,Corporate,South,Furniture,Bookcases,Wooden Bookcase,1,0.1,4050.0,450.71
ORD-13085,2024-08-04,Consumer,West,Office Supplies,Binders,Heavy Binder Set,4,0,2400,695.79
ORD-13086,2023-11-13,Corporate,South,Furniture,Chairs,Ergo Office Chair,2,0.1,11700.0,1629.65
ORD-13087,2023-07-21,Consumer,South,Office Supplies,Binders,Heavy Binder Set,4,0.05,2280.0,536.97
ORD-13088,2024-11-02,Corporate,East,Technology,Accessories,Laptop Bag,2,0,3600,1128.49
ORD-13089,2024-02-02,Corporate,South,Technology,Machines,Laser Printer,5,0,45000,3700.0
ORD-13090,2023-04-24,Corporate,South,Furniture,Tables,Standing Desk,1,0,12000,1029.68
ORD-13091,2023-02-01,Home Office,West,Technology,Accessories,Laptop Bag,3,0,5400,1839.22
ORD-13092,2023-06-24,Consumer,West,Furniture,Chairs,Ergo Office Chair,4,0.2,20800.0,1614.42
ORD-13093,2023-05-10,Consumer,North,Technology,Accessories,Laptop Bag,3,0.2,4320.0,955.22
ORD-13094,2023-11-16,Home Office,North,Technology,Accessories,Wireless Earbuds,3,0.2,6000.0,964.42
ORD-13095,2024-04-20,Home Office,North,Office Supplies,Storage,Storage Box,3,0,2700,609.02
ORD-13096,2023-06-17,Home Office,South,Office Supplies,Storage,Storage Box,1,0,900,208.63
ORD-13097,2024-06-03,Consumer,North,Technology,Machines,Laser Printer,1,0.2,7200.0,-239.78
ORD-13098,2024-11-28,Home Office,North,Technology,Machines,Laser Printer,1,0,9000,1259.41
ORD-13099,2024-06-08,Home Office,West,Office Supplies,Storage,Storage Box,2,0.05,1710.0,382.14
ORD-13100,2024-12-26,Consumer,East,Furniture,Tables,Standing Desk,1,0,12000,1453.03
ORD-13101,2023-07-16,Corporate,South,Office Supplies,Storage,Storage Box,1,0.05,855.0,175.06
ORD-13102,2024-09-10,Home Office,West,Technology,Phones,Smartphone X,1,0.05,17100.0,1440.04
ORD-13103,2023-11-23,Home Office,East,Office Supplies,Storage,Storage Box,4,0,3600,995.59
ORD-13104,2024-07-26,Corporate,East,Office Supplies,Paper,A4 Paper Pack,4,0,1400,539.92
ORD-13105,2024-07-26,Consumer,East,Technology,Accessories,Wireless Earbuds,5,0.05,11875.0,3419.26
ORD-13106,2024-04-29,Corporate,South,Technology,Accessories,Wireless Earbuds,5,0,12500,3964.86
ORD-13107,2023-05-15,Consumer,North,Furniture,Chairs,Ergo Office Chair,2,0,13000,2137.86
ORD-13108,2023-08-02,Consumer,East,Technology,Accessories,Laptop Bag,3,0.1,4860.0,1153.55
ORD-13109,2024-06-24,Consumer,West,Office Supplies,Storage,Storage Box,5,0.2,3600.0,573.36
ORD-13110,2024-09-30,Home Office,East,Office Supplies,Binders,Heavy Binder Set,2,0.05,1140.0,293.04
ORD-13111,2024-02-27,Home Office,South,Office Supplies,Storage,Storage Box,1,0.2,720.0,74.07
ORD-13112,2023-03-25,Corporate,West,Office Supplies,Storage,Storage Box,1,0,900,204.79
ORD-13113,2023-11-01,Consumer,South,Technology,Machines,Laser Printer,1,0,9000,723.88
ORD-13114,2024-01-30,Consumer,North,Furniture,Chairs,Ergo Office Chair,5,0.05,30875.0,3861.97
ORD-13115,2023-08-30,Home Office,South,Technology,Phones,Smartphone X,3,0,54000,6567.06
ORD-13116,2024-02-07,Corporate,South,Technology,Phones,Smartphone X,3,0.1,48600.0,4623.27
ORD-13117,2024-04-30,Corporate,West,Technology,Accessories,Laptop Bag,5,0,9000,2562.94
ORD-13118,2023-05-04,Consumer,South,Office Supplies,Binders,Heavy Binder Set,4,0,2400,740.7
ORD-13119,2024-10-13,Consumer,South,Office Supplies,Storage,Storage Box,5,0.05,4275.0,999.73
ORD-13120,2024-08-24,Consumer,West,Office Supplies,Paper,A4 Paper Pack,1,0.1,315.0,87.22
ORD-13121,2023-05-14,Corporate,North,Office Supplies,Binders,Heavy Binder Set,1,0,600,164.83
ORD-13122,2023-01-01,Consumer,South,Technology,Accessories,Wireless Earbuds,2,0,5000,1565.53
ORD-13123,2024-10-25,Home Office,South,Technology,Accessories,Laptop Bag,2,0,3600,1201.83
ORD-13124,2023-09-20,Consumer,West,Technology,Machines,Laser Printer,4,0.2,28800.0,230.6
ORD-13125,2023-09-02,Consumer,North,Technology,Phones,Smartphone X,4,0.05,68400.0,7485.74
ORD-13126,2023-11-10,Home Office,North,Furniture,Bookcases,Wooden Bookcase,5,0,22500,2486.29
ORD-13127,2024-09-25,Corporate,West,Furniture,Tables,Standing Desk,2,0,24000,2632.65
ORD-13128,2024-12-02,Corporate,West,Technology,Accessories,Wireless Earbuds,4,0.1,9000.0,2300.25
ORD-13129,2024-03-01,Corporate,West,Office Supplies,Storage,Storage Box,2,0.1,1620.0,332.78
ORD-13130,2023-05-14,Corporate,West,Technology,Phones,Smartphone X,2,0.2,28800.0,324.38
ORD-13131,2024-01-26,Consumer,South,Technology,Machines,Laser Printer,5,0,45000,5669.09
ORD-13132,2023-09-01,Home Office,South,Furniture,Chairs,Ergo Office Chair,3,0.1,17550.0,2116.15
ORD-13133,2023-09-16,Home Office,North,Furniture,Chairs,Ergo Office Chair,5,0,32500,6295.02
ORD-13134,2024-07-17,Consumer,West,Furniture,Tables,Standing Desk,2,0.1,21600.0,1488.94
ORD-13135,2023-07-21,Home Office,East,Office Supplies,Binders,Heavy Binder Set,2,0.1,1080.0,230.0
ORD-13136,2023-02-17,Consumer,North,Office Supplies,Binders,Heavy Binder Set,5,0.1,2700.0,571.61
ORD-13137,2024-02-10,Corporate,East,Technology,Accessories,Laptop Bag,4,0,7200,2411.14
ORD-13138,2024-02-14,Consumer,South,Technology,Accessories,Laptop Bag,5,0,9000,2812.05
ORD-13139,2024-08-15,Consumer,East,Office Supplies,Storage,Storage Box,3,0,2700,655.77
ORD-13140,2024-09-12,Home Office,North,Office Supplies,Storage,Storage Box,3,0,2700,653.11
ORD-13141,2024-12-30,Corporate,East,Furniture,Tables,Standing Desk,5,0.1,54000.0,120.76
ORD-13142,2023-01-08,Corporate,North,Technology,Accessories,Laptop Bag,2,0.2,2880.0,608.26
ORD-13143,2023-09-03,Consumer,West,Technology,Machines,Laser Printer,1,0,9000,838.1
ORD-13144,2023-01-30,Consumer,North,Office Supplies,Paper,A4 Paper Pack,3,0.1,945.0,281.75
ORD-13145,2024-09-12,Corporate,North,Technology,Machines,Laser Printer,3,0.1,24300.0,2106.45
ORD-13146,2024-07-22,Consumer,North,Technology,Phones,Smartphone X,5,0.1,81000.0,6953.91
ORD-13147,2023-09-05,Home Office,West,Furniture,Tables,Standing Desk,5,0.1,54000.0,1023.67
ORD-13148,2023-07-16,Consumer,North,Technology,Accessories,Wireless Earbuds,5,0,12500,3665.99
ORD-13149,2023-04-23,Consumer,North,Office Supplies,Binders,Heavy Binder Set,3,0,1800,438.8
ORD-13150,2024-05-15,Home Office,East,Office Supplies,Paper,A4 Paper Pack,4,0,1400,500.32
ORD-13151,2024-04-19,Home Office,East,Technology,Phones,Smartphone X,3,0.05,51300.0,4792.58
ORD-13152,2024-07-20,Corporate,West,Furniture,Chairs,Ergo Office Chair,4,0.1,23400.0,3116.82
ORD-13153,2023-11-27,Consumer,North,Technology,Phones,Smartphone X,5,0.05,85500.0,12236.63
ORD-13154,2024-01-24,Consumer,North,Technology,Machines,Laser Printer,4,0.2,28800.0,699.6
ORD-13155,2024-04-08,Consumer,North,Furniture,Chairs,Ergo Office Chair,4,0,26000,5488.2
ORD-13156,2023-06-23,Home Office,North,Furniture,Tables,Standing Desk,3,0,36000,2538.8
ORD-13157,2023-10-21,Corporate,East,Furniture,Tables,Standing Desk,3,0.05,34200.0,2554.4
ORD-13158,2023-05-04,Consumer,North,Technology,Phones,Smartphone X,4,0,72000,11735.41
ORD-13159,2023-09-01,Corporate,South,Furniture,Bookcases,Wooden Bookcase,5,0.1,20250.0,1719.12
ORD-13160,2023-08-26,Consumer,North,Office Supplies,Paper,A4 Paper Pack,2,0,700,269.58
ORD-13161,2024-03-23,Home Office,East,Furniture,Bookcases,Wooden Bookcase,2,0,9000,1660.95
ORD-13162,2023-11-21,Corporate,East,Technology,Phones,Smartphone X,3,0.05,51300.0,4852.17
ORD-13163,2024-02-01,Corporate,East,Furniture,Bookcases,Wooden Bookcase,3,0.1,12150.0,824.1
ORD-13164,2023-05-09,Corporate,North,Furniture,Chairs,Ergo Office Chair,5,0,32500,5362.6
ORD-13165,2024-12-11,Consumer,South,Furniture,Tables,Standing Desk,3,0.2,28800.0,-926.9
ORD-13166,2024-05-31,Corporate,South,Technology,Accessories,Laptop Bag,1,0,1800,610.71
ORD-13167,2024-04-29,Consumer,South,Technology,Accessories,Wireless Earbuds,1,0.2,2000.0,404.66
ORD-13168,2024-04-10,Corporate,South,Office Supplies,Binders,Heavy Binder Set,4,0,2400,657.71
ORD-13169,2024-03-29,Home Office,East,Office Supplies,Storage,Storage Box,3,0.2,2160.0,311.06
ORD-13170,2023-05-09,Corporate,South,Technology,Accessories,Laptop Bag,3,0,5400,1806.31
ORD-13171,2024-06-09,Home Office,East,Furniture,Bookcases,Wooden Bookcase,1,0.05,4275.0,381.55
ORD-13172,2023-12-25,Corporate,North,Technology,Accessories,Laptop Bag,1,0.05,1710.0,436.61
ORD-13173,2024-01-23,Corporate,West,Technology,Phones,Smartphone X,3,0,54000,7988.92
ORD-13174,2023-12-01,Home Office,South,Furniture,Tables,Standing Desk,4,0,48000,5816.39
ORD-13175,2023-09-25,Home Office,East,Technology,Machines,Laser Printer,3,0.05,25650.0,3075.63
ORD-13176,2023-03-26,Home Office,West,Office Supplies,Binders,Heavy Binder Set,1,0,600,171.87
ORD-13177,2023-05-30,Consumer,West,Furniture,Tables,Standing Desk,5,0,60000,3775.91
ORD-13178,2024-01-09,Consumer,West,Technology,Phones,Smartphone X,2,0,36000,3959.46
ORD-13179,2023-03-04,Home Office,South,Technology,Accessories,Wireless Earbuds,2,0,5000,1630.2
ORD-13180,2023-11-13,Consumer,North,Technology,Phones,Smartphone X,5,0.05,85500.0,9446.23
ORD-13181,2023-09-22,Consumer,East,Technology,Machines,Laser Printer,4,0.1,32400.0,1879.76
ORD-13182,2024-09-03,Corporate,South,Office Supplies,Paper,A4 Paper Pack,2,0,700,255.32
ORD-13183,2023-04-02,Consumer,East,Furniture,Tables,Standing Desk,4,0,48000,6073.85
ORD-13184,2024-06-21,Home Office,North,Office Supplies,Binders,Heavy Binder Set,5,0,3000,744.37
ORD-13185,2023-09-25,Corporate,West,Office Supplies,Binders,Heavy Binder Set,2,0,1200,314.8
ORD-13186,2023-03-07,Consumer,West,Office Supplies,Binders,Heavy Binder Set,4,0.2,1920.0,288.6
ORD-13187,2024-03-08,Corporate,South,Technology,Accessories,Wireless Earbuds,3,0,7500,2075.94
ORD-13188,2024-03-07,Corporate,East,Technology,Accessories,Laptop Bag,3,0.05,5130.0,1540.68
ORD-13189,2024-12-12,Home Office,North,Furniture,Bookcases,Wooden Bookcase,1,0.1,4050.0,392.86
ORD-13190,2024-05-22,Corporate,West,Technology,Accessories,Wireless Earbuds,1,0.1,2250.0,557.2
ORD-13191,2023-06-21,Home Office,East,Technology,Phones,Smartphone X,5,0,90000,14995.15
ORD-13192,2023-05-04,Home Office,East,Technology,Accessories,Wireless Earbuds,5,0.1,11250.0,2618.64
ORD-13193,2024-10-28,Home Office,East,Technology,Machines,Laser Printer,3,0.05,25650.0,1850.77
ORD-13194,2024-03-31,Consumer,East,Technology,Accessories,Laptop Bag,4,0.1,6480.0,1617.78
ORD-13195,2024-08-31,Corporate,South,Office Supplies,Binders,Heavy Binder Set,3,0.2,1440.0,254.59
ORD-13196,2024-11-25,Consumer,West,Technology,Accessories,Wireless Earbuds,5,0,12500,3429.15
ORD-13197,2024-07-03,Home Office,North,Office Supplies,Binders,Heavy Binder Set,5,0.1,2700.0,628.63
ORD-13198,2024-08-28,Home Office,West,Furniture,Tables,Standing Desk,5,0.1,54000.0,810.14
ORD-13199,2024-10-24,Home Office,East,Office Supplies,Binders,Heavy Binder Set,1,0,600,180.03
ORD-13200,2024-11-05,Consumer,West,Furniture,Tables,Standing Desk,3,0,36000,4434.93
ORD-13201,2023-12-29,Consumer,North,Technology,Machines,Laser Printer,5,0.05,42750.0,5496.09
ORD-13202,2023-05-17,Corporate,West,Furniture,Chairs,Ergo Office Chair,1,0,6500,1184.64
ORD-13203,2024-09-19,Corporate,North,Technology,Accessories,Wireless Earbuds,1,0.1,2250.0,494.24
ORD-13204,2023-07-26,Consumer,South,Furniture,Bookcases,Wooden Bookcase,5,0,22500,4072.51
ORD-13205,2024-09-08,Corporate,South,Office Supplies,Binders,Heavy Binder Set,4,0.1,2160.0,396.92
ORD-13206,2024-02-15,Corporate,North,Office Supplies,Paper,A4 Paper Pack,4,0.1,1260.0,335.94
ORD-13207,2024-04-06,Home Office,West,Furniture,Bookcases,Wooden Bookcase,5,0.1,20250.0,2228.89
ORD-13208,2024-12-05,Corporate,North,Technology,Phones,Smartphone X,3,0,54000,5946.64
ORD-13209,2024-07-04,Home Office,North,Technology,Accessories,Wireless Earbuds,1,0.1,2250.0,493.4
ORD-13210,2023-01-08,Corporate,South,Office Supplies,Storage,Storage Box,2,0.1,1620.0,370.62
ORD-13211,2024-04-20,Corporate,North,Furniture,Bookcases,Wooden Bookcase,3,0,13500,1747.82
ORD-13212,2024-02-26,Home Office,North,Office Supplies,Storage,Storage Box,3,0.1,2430.0,519.55
ORD-13213,2023-02-02,Home Office,West,Furniture,Bookcases,Wooden Bookcase,1,0,4500,602.76
ORD-13214,2023-06-05,Home Office,West,Technology,Accessories,Wireless Earbuds,3,0.2,6000.0,1221.64
ORD-13215,2023-06-04,Home Office,East,Office Supplies,Paper,A4 Paper Pack,2,0.05,665.0,190.4
ORD-13216,2024-01-08,Corporate,South,Technology,Accessories,Laptop Bag,4,0.1,6480.0,1552.79
ORD-13217,2024-08-12,Corporate,West,Technology,Phones,Smartphone X,1,0.2,14400.0,96.61
ORD-13218,2023-03-09,Home Office,East,Furniture,Tables,Standing Desk,4,0.2,38400.0,-1547.33
ORD-13219,2024-09-28,Consumer,East,Office Supplies,Paper,A4 Paper Pack,2,0.1,630.0,182.06
ORD-13220,2023-09-18,Corporate,North,Technology,Accessories,Wireless Earbuds,1,0.05,2375.0,601.38
ORD-13221,2024-04-30,Corporate,North,Office Supplies,Storage,Storage Box,2,0.05,1710.0,374.31
ORD-13222,2024-09-24,Home Office,West,Office Supplies,Storage,Storage Box,5,0.05,4275.0,1110.39
ORD-13223,2023-11-01,Consumer,West,Furniture,Bookcases,Wooden Bookcase,2,0,9000,1117.5
ORD-13224,2024-08-19,Consumer,North,Furniture,Tables,Standing Desk,1,0.2,9600.0,-51.49
ORD-13225,2024-10-20,Consumer,East,Technology,Accessories,Laptop Bag,4,0,7200,2381.53
ORD-13226,2024-01-28,Corporate,North,Furniture,Tables,Standing Desk,4,0,48000,3044.56
ORD-13227,2023-01-29,Consumer,North,Office Supplies,Storage,Storage Box,5,0,4500,993.73
ORD-13228,2023-07-18,Home Office,North,Office Supplies,Binders,Heavy Binder Set,4,0,2400,657.07
ORD-13229,2023-07-17,Home Office,South,Furniture,Tables,Standing Desk,3,0.05,34200.0,1343.54
ORD-13230,2024-03-10,Consumer,West,Furniture,Chairs,Ergo Office Chair,1,0.1,5850.0,660.7
ORD-13231,2023-12-29,Consumer,South,Furniture,Tables,Standing Desk,5,0.2,48000.0,826.33
ORD-13232,2023-05-11,Corporate,East,Office Supplies,Storage,Storage Box,3,0.1,2430.0,463.48
ORD-13233,2024-07-10,Corporate,West,Furniture,Bookcases,Wooden Bookcase,1,0.2,3600.0,32.29
ORD-13234,2023-04-13,Consumer,North,Office Supplies,Binders,Heavy Binder Set,1,0.05,570.0,131.82
ORD-13235,2024-04-17,Consumer,West,Office Supplies,Paper,A4 Paper Pack,5,0.1,1575.0,517.88
ORD-13236,2024-09-12,Consumer,North,Furniture,Tables,Standing Desk,1,0,12000,1012.86
ORD-13237,2024-01-06,Home Office,East,Furniture,Chairs,Ergo Office Chair,5,0.05,30875.0,4490.92
ORD-13238,2024-12-06,Corporate,West,Furniture,Chairs,Ergo Office Chair,2,0,13000,2240.89
ORD-13239,2023-01-11,Home Office,North,Furniture,Tables,Standing Desk,1,0,12000,1408.76
ORD-13240,2024-04-02,Home Office,West,Technology,Accessories,Wireless Earbuds,3,0,7500,2257.59
ORD-13241,2024-12-11,Corporate,East,Technology,Machines,Laser Printer,5,0,45000,5025.23
ORD-13242,2024-08-04,Consumer,South,Technology,Phones,Smartphone X,3,0,54000,8230.5
ORD-13243,2024-10-21,Corporate,West,Technology,Accessories,Laptop Bag,1,0.2,1440.0,305.55
ORD-13244,2023-04-11,Home Office,West,Furniture,Tables,Standing Desk,3,0,36000,2216.68
ORD-13245,2024-05-22,Corporate,East,Furniture,Tables,Standing Desk,1,0.1,10800.0,185.84
ORD-13246,2024-12-30,Home Office,West,Furniture,Chairs,Ergo Office Chair,5,0.2,26000.0,676.59
ORD-13247,2024-06-10,Consumer,East,Furniture,Tables,Standing Desk,1,0.2,9600.0,133.32
ORD-13248,2024-02-03,Home Office,West,Office Supplies,Binders,Heavy Binder Set,1,0.1,540.0,128.74
ORD-13249,2023-04-24,Consumer,South,Office Supplies,Paper,A4 Paper Pack,3,0.1,945.0,267.01
ORD-13250,2023-10-07,Consumer,East,Office Supplies,Binders,Heavy Binder Set,3,0,1800,458.72
ORD-13251,2024-09-07,Home Office,North,Furniture,Chairs,Ergo Office Chair,2,0.05,12350.0,1456.98
ORD-13252,2023-01-27,Home Office,West,Furniture,Tables,Standing Desk,4,0.1,43200.0,1491.68
ORD-13253,2023-06-11,Corporate,South,Office Supplies,Binders,Heavy Binder Set,1,0,600,170.22
ORD-13254,2023-02-12,Consumer,West,Technology,Machines,Laser Printer,1,0,9000,1148.08
ORD-13255,2024-10-20,Consumer,West,Office Supplies,Paper,A4 Paper Pack,2,0,700,248.99
ORD-13256,2024-12-03,Corporate,East,Technology,Accessories,Laptop Bag,1,0,1800,552.81
ORD-13257,2023-01-23,Home Office,North,Technology,Accessories,Wireless Earbuds,4,0,10000,2709.25
ORD-13258,2023-01-20,Consumer,North,Office Supplies,Binders,Heavy Binder Set,2,0.1,1080.0,234.27
ORD-13259,2024-04-26,Home Office,West,Technology,Machines,Laser Printer,2,0,18000,1597.19
ORD-13260,2024-02-20,Corporate,South,Office Supplies,Storage,Storage Box,4,0,3600,944.66
ORD-13261,2023-05-20,Home Office,East,Technology,Phones,Smartphone X,3,0,54000,9159.0
ORD-13262,2024-07-02,Home Office,North,Technology,Accessories,Wireless Earbuds,4,0,10000,3055.58
ORD-13263,2023-12-14,Corporate,North,Technology,Phones,Smartphone X,4,0,72000,8964.83
ORD-13264,2024-12-20,Consumer,South,Technology,Machines,Laser Printer,2,0,18000,1862.12
ORD-13265,2023-09-28,Consumer,South,Technology,Accessories,Wireless Earbuds,4,0,10000,2715.26
ORD-13266,2024-11-02,Home Office,North,Furniture,Tables,Standing Desk,1,0,12000,1636.18
ORD-13267,2024-03-04,Corporate,North,Furniture,Tables,Standing Desk,4,0.05,45600.0,4590.29
ORD-13268,2023-06-06,Corporate,North,Technology,Machines,Laser Printer,4,0.2,28800.0,289.17
ORD-13269,2023-06-18,Corporate,East,Technology,Machines,Laser Printer,4,0.05,34200.0,1925.88
ORD-13270,2024-06-14,Home Office,East,Technology,Phones,Smartphone X,2,0,36000,6330.29
ORD-13271,2024-03-04,Consumer,North,Furniture,Bookcases,Wooden Bookcase,1,0.05,4275.0,354.67
ORD-13272,2024-02-26,Consumer,South,Technology,Accessories,Wireless Earbuds,3,0.1,6750.0,1663.98
ORD-13273,2024-08-18,Home Office,West,Office Supplies,Storage,Storage Box,4,0.2,2880.0,324.99
ORD-13274,2023-07-11,Consumer,South,Office Supplies,Storage,Storage Box,4,0.1,3240.0,660.82
ORD-13275,2023-12-07,Corporate,West,Technology,Phones,Smartphone X,1,0.1,16200.0,1329.07
ORD-13276,2023-07-14,Home Office,North,Office Supplies,Storage,Storage Box,2,0.05,1710.0,420.09
ORD-13277,2024-12-16,Home Office,South,Technology,Accessories,Wireless Earbuds,5,0,12500,3740.7
ORD-13278,2023-03-06,Home Office,South,Furniture,Tables,Standing Desk,1,0,12000,1107.52
ORD-13279,2023-10-21,Corporate,East,Technology,Machines,Laser Printer,2,0,18000,2850.69
ORD-13280,2024-01-08,Consumer,South,Furniture,Tables,Standing Desk,4,0,48000,4816.01
ORD-13281,2024-02-26,Consumer,South,Office Supplies,Storage,Storage Box,4,0,3600,835.0
ORD-13282,2024-06-10,Consumer,West,Technology,Phones,Smartphone X,2,0,36000,6473.87
ORD-13283,2024-05-20,Consumer,South,Technology,Machines,Laser Printer,1,0,9000,1369.92
ORD-13284,2024-07-15,Home Office,West,Technology,Phones,Smartphone X,1,0,18000,1826.17
ORD-13285,2023-07-06,Consumer,North,Furniture,Tables,Standing Desk,4,0.05,45600.0,2240.87
ORD-13286,2023-01-03,Consumer,East,Office Supplies,Storage,Storage Box,5,0.1,4050.0,931.26
ORD-13287,2023-03-31,Consumer,West,Technology,Phones,Smartphone X,1,0.1,16200.0,1885.61
ORD-13288,2024-02-21,Consumer,West,Technology,Machines,Laser Printer,2,0,18000,2427.14
ORD-13289,2024-07-01,Home Office,North,Technology,Accessories,Laptop Bag,5,0.1,8100.0,2252.94
ORD-13290,2023-10-17,Consumer,West,Office Supplies,Storage,Storage Box,3,0,2700,684.36
ORD-13291,2023-12-18,Consumer,East,Furniture,Tables,Standing Desk,4,0,48000,3036.02
ORD-13292,2024-05-18,Home Office,South,Furniture,Chairs,Ergo Office Chair,4,0,26000,5491.86
ORD-13293,2024-11-30,Corporate,North,Technology,Accessories,Wireless Earbuds,1,0.1,2250.0,608.83
ORD-13294,2024-05-02,Home Office,South,Office Supplies,Storage,Storage Box,3,0.2,2160.0,239.18
ORD-13295,2024-07-14,Corporate,North,Furniture,Tables,Standing Desk,2,0,24000,1803.1
ORD-13296,2023-02-21,Corporate,North,Furniture,Chairs,Ergo Office Chair,3,0,19500,3163.27
ORD-13297,2023-11-26,Corporate,East,Office Supplies,Paper,A4 Paper Pack,5,0.1,1575.0,469.0
ORD-13298,2024-09-30,Consumer,North,Office Supplies,Paper,A4 Paper Pack,4,0,1400,514.2
ORD-13299,2024-02-08,Home Office,North,Furniture,Tables,Standing Desk,1,0,12000,1398.09
ORD-13300,2024-05-22,Corporate,East,Technology,Machines,Laser Printer,2,0.2,14400.0,-319.69
ORD-13301,2024-12-10,Corporate,North,Technology,Machines,Laser Printer,4,0,36000,2977.0
ORD-13302,2023-12-30,Corporate,South,Furniture,Bookcases,Wooden Bookcase,2,0.05,8550.0,839.54
ORD-13303,2023-11-02,Consumer,North,Technology,Machines,Laser Printer,2,0,18000,2873.87
ORD-13304,2023-08-10,Home Office,South,Technology,Machines,Laser Printer,5,0,45000,7172.97
ORD-13305,2024-02-09,Corporate,North,Furniture,Bookcases,Wooden Bookcase,1,0.1,4050.0,240.15
ORD-13306,2024-04-06,Home Office,West,Furniture,Bookcases,Wooden Bookcase,3,0.1,12150.0,624.9
ORD-13307,2023-03-27,Consumer,North,Technology,Phones,Smartphone X,1,0.05,17100.0,2020.01
ORD-13308,2023-07-18,Home Office,South,Office Supplies,Paper,A4 Paper Pack,1,0,350,110.89
ORD-13309,2024-01-18,Home Office,South,Office Supplies,Binders,Heavy Binder Set,1,0,600,148.31
ORD-13310,2023-05-31,Home Office,West,Technology,Machines,Laser Printer,5,0.2,36000.0,1411.79
ORD-13311,2023-02-21,Corporate,East,Technology,Accessories,Wireless Earbuds,2,0,5000,1561.95
ORD-13312,2023-01-09,Home Office,East,Office Supplies,Paper,A4 Paper Pack,4,0,1400,459.13
ORD-13313,2023-08-23,Consumer,West,Technology,Phones,Smartphone X,3,0.2,43200.0,-249.85
ORD-13314,2023-11-07,Consumer,North,Furniture,Chairs,Ergo Office Chair,3,0.05,18525.0,3260.72
ORD-13315,2024-04-02,Home Office,South,Furniture,Bookcases,Wooden Bookcase,2,0,9000,1253.48
ORD-13316,2024-12-07,Corporate,West,Furniture,Tables,Standing Desk,4,0,48000,3876.38
ORD-13317,2023-03-04,Corporate,North,Office Supplies,Paper,A4 Paper Pack,5,0,1750,565.35
ORD-13318,2024-07-06,Corporate,West,Technology,Machines,Laser Printer,4,0.2,28800.0,1043.05
ORD-13319,2024-12-23,Corporate,East,Office Supplies,Storage,Storage Box,4,0.05,3420.0,808.1
ORD-13320,2024-11-15,Consumer,West,Office Supplies,Paper,A4 Paper Pack,2,0,700,232.46
ORD-13321,2024-10-14,Corporate,East,Office Supplies,Paper,A4 Paper Pack,5,0.05,1662.5,533.41
ORD-13322,2023-12-14,Consumer,East,Technology,Accessories,Wireless Earbuds,2,0.1,4500.0,921.63
ORD-13323,2023-01-12,Home Office,West,Office Supplies,Paper,A4 Paper Pack,1,0.1,315.0,86.39
ORD-13324,2024-12-27,Corporate,South,Technology,Machines,Laser Printer,2,0,18000,1891.02
ORD-13325,2023-08-20,Home Office,South,Furniture,Tables,Standing Desk,4,0.2,38400.0,11.98
ORD-13326,2024-11-26,Corporate,East,Technology,Machines,Laser Printer,1,0,9000,1289.25
ORD-13327,2024-03-20,Consumer,North,Furniture,Bookcases,Wooden Bookcase,2,0,9000,1174.88
ORD-13328,2024-12-11,Consumer,North,Furniture,Tables,Standing Desk,3,0.2,28800.0,157.5
ORD-13329,2024-05-08,Consumer,South,Technology,Accessories,Laptop Bag,4,0,7200,2330.9
ORD-13330,2023-12-07,Corporate,East,Technology,Phones,Smartphone X,4,0,72000,8966.72
ORD-13331,2024-01-01,Home Office,East,Office Supplies,Storage,Storage Box,2,0.2,1440.0,137.06
ORD-13332,2024-03-06,Corporate,East,Office Supplies,Paper,A4 Paper Pack,5,0,1750,681.53
ORD-13333,2024-10-02,Consumer,South,Technology,Phones,Smartphone X,3,0,54000,8927.53
ORD-13334,2023-03-10,Corporate,North,Furniture,Bookcases,Wooden Bookcase,3,0,13500,2194.03
ORD-13335,2024-08-15,Corporate,North,Technology,Machines,Laser Printer,2,0,18000,1610.59
ORD-13336,2023-08-22,Consumer,West,Office Supplies,Storage,Storage Box,4,0,3600,993.25
ORD-13337,2023-04-17,Consumer,South,Office Supplies,Storage,Storage Box,4,0,3600,1040.39
ORD-13338,2023-02-16,Home Office,North,Furniture,Chairs,Ergo Office Chair,1,0.1,5850.0,677.07
ORD-13339,2023-03-02,Corporate,North,Furniture,Tables,Standing Desk,1,0,12000,921.46
ORD-13340,2023-06-30,Home Office,West,Office Supplies,Binders,Heavy Binder Set,1,0.1,540.0,132.74
ORD-13341,2023-02-04,Corporate,North,Technology,Accessories,Wireless Earbuds,4,0,10000,3208.45
ORD-13342,2024-06-16,Home Office,West,Furniture,Tables,Standing Desk,1,0.1,10800.0,559.88
ORD-13343,2024-08-30,Consumer,South,Furniture,Bookcases,Wooden Bookcase,3,0,13500,2163.98
ORD-13344,2024-12-03,Home Office,North,Furniture,Bookcases,Wooden Bookcase,2,0,9000,1371.68
ORD-13345,2023-01-18,Corporate,North,Technology,Machines,Laser Printer,5,0.1,40500.0,3000.23
ORD-13346,2023-12-13,Corporate,North,Office Supplies,Binders,Heavy Binder Set,5,0,3000,891.61
ORD-13347,2024-11-25,Home Office,North,Technology,Accessories,Wireless Earbuds,4,0,10000,3042.02
ORD-13348,2024-07-29,Home Office,West,Office Supplies,Binders,Heavy Binder Set,2,0,1200,373.8
ORD-13349,2023-07-08,Corporate,South,Office Supplies,Binders,Heavy Binder Set,1,0.1,540.0,105.75
ORD-13350,2023-01-31,Consumer,South,Office Supplies,Paper,A4 Paper Pack,5,0,1750,668.45
ORD-13351,2024-08-12,Home Office,East,Office Supplies,Storage,Storage Box,1,0.2,720.0,106.43
ORD-13352,2024-08-02,Home Office,East,Office Supplies,Binders,Heavy Binder Set,5,0,3000,723.54
ORD-13353,2024-05-07,Corporate,South,Furniture,Tables,Standing Desk,2,0,24000,1849.51
ORD-13354,2023-05-02,Corporate,West,Technology,Accessories,Wireless Earbuds,4,0.1,9000.0,1827.4
ORD-13355,2024-02-09,Consumer,West,Office Supplies,Binders,Heavy Binder Set,3,0.05,1710.0,450.26
ORD-13356,2024-08-14,Consumer,South,Furniture,Bookcases,Wooden Bookcase,1,0.05,4275.0,553.95
ORD-13357,2024-02-29,Home Office,North,Furniture,Bookcases,Wooden Bookcase,2,0,9000,1221.73
ORD-13358,2024-09-12,Corporate,North,Furniture,Tables,Standing Desk,2,0.05,22800.0,816.6
ORD-13359,2023-06-13,Corporate,South,Furniture,Bookcases,Wooden Bookcase,1,0.2,3600.0,114.53
ORD-13360,2023-07-31,Consumer,South,Furniture,Chairs,Ergo Office Chair,1,0.1,5850.0,719.87
ORD-13361,2023-08-05,Consumer,East,Furniture,Tables,Standing Desk,5,0,60000,4657.88
ORD-13362,2024-11-03,Corporate,South,Office Supplies,Paper,A4 Paper Pack,5,0,1750,656.47
ORD-13363,2023-02-05,Home Office,East,Technology,Accessories,Wireless Earbuds,3,0,7500,2176.23
ORD-13364,2024-07-17,Home Office,South,Office Supplies,Storage,Storage Box,4,0.2,2880.0,326.2
ORD-13365,2023-06-23,Consumer,North,Technology,Accessories,Laptop Bag,3,0,5400,1645.86
ORD-13366,2023-01-03,Corporate,East,Technology,Phones,Smartphone X,1,0,18000,3113.4
ORD-13367,2024-07-21,Home Office,West,Technology,Machines,Laser Printer,4,0.1,32400.0,2774.12
ORD-13368,2024-09-24,Corporate,East,Technology,Accessories,Wireless Earbuds,3,0.05,7125.0,1779.42
ORD-13369,2024-07-03,Corporate,West,Technology,Accessories,Wireless Earbuds,2,0.1,4500.0,1177.35
ORD-13370,2023-09-05,Home Office,West,Technology,Accessories,Wireless Earbuds,2,0,5000,1536.91
ORD-13371,2024-01-06,Home Office,North,Furniture,Bookcases,Wooden Bookcase,3,0,13500,1652.15
ORD-13372,2024-07-16,Corporate,North,Technology,Accessories,Laptop Bag,4,0,7200,2146.8
ORD-13373,2023-04-26,Corporate,East,Furniture,Tables,Standing Desk,4,0.2,38400.0,284.39
ORD-13374,2023-11-10,Consumer,West,Office Supplies,Binders,Heavy Binder Set,4,0,2400,583.04
ORD-13375,2023-03-18,Corporate,North,Office Supplies,Binders,Heavy Binder Set,2,0,1200,367.38
ORD-13376,2023-09-29,Consumer,West,Furniture,Tables,Standing Desk,4,0.1,43200.0,3438.4
ORD-13377,2024-05-04,Corporate,South,Technology,Phones,Smartphone X,2,0,36000,5001.63
ORD-13378,2024-01-24,Corporate,East,Technology,Machines,Laser Printer,4,0,36000,5245.45
ORD-13379,2024-06-04,Consumer,East,Technology,Machines,Laser Printer,4,0,36000,3346.55
ORD-13380,2023-07-15,Corporate,South,Office Supplies,Paper,A4 Paper Pack,5,0.05,1662.5,596.01
ORD-13381,2024-02-11,Corporate,South,Furniture,Tables,Standing Desk,1,0.05,11400.0,721.96
ORD-13382,2023-01-08,Consumer,South,Office Supplies,Paper,A4 Paper Pack,2,0,700,243.78
ORD-13383,2024-11-23,Home Office,South,Furniture,Chairs,Ergo Office Chair,5,0.05,30875.0,4571.69
ORD-13384,2023-09-27,Home Office,West,Technology,Machines,Laser Printer,2,0.1,16200.0,882.88
ORD-13385,2024-03-22,Home Office,West,Office Supplies,Paper,A4 Paper Pack,1,0,350,122.98
ORD-13386,2024-03-10,Corporate,South,Furniture,Chairs,Ergo Office Chair,2,0,13000,2541.68
ORD-13387,2023-07-15,Home Office,South,Furniture,Bookcases,Wooden Bookcase,1,0.2,3600.0,115.15
ORD-13388,2023-12-15,Corporate,West,Technology,Accessories,Laptop Bag,4,0.2,5760.0,960.22
ORD-13389,2023-11-14,Home Office,East,Furniture,Tables,Standing Desk,1,0,12000,904.18
ORD-13390,2023-11-02,Corporate,West,Technology,Phones,Smartphone X,4,0.1,64800.0,5678.44
ORD-13391,2024-06-07,Consumer,North,Furniture,Bookcases,Wooden Bookcase,3,0,13500,1956.24
ORD-13392,2023-07-01,Corporate,South,Office Supplies,Storage,Storage Box,3,0,2700,749.54
ORD-13393,2024-09-28,Consumer,South,Technology,Machines,Laser Printer,4,0.2,28800.0,-676.82
ORD-13394,2023-05-12,Consumer,West,Technology,Machines,Laser Printer,4,0,36000,3186.48
ORD-13395,2024-09-05,Corporate,North,Office Supplies,Binders,Heavy Binder Set,4,0.1,2160.0,409.66
ORD-13396,2023-11-10,Home Office,East,Technology,Phones,Smartphone X,3,0,54000,8064.52
ORD-13397,2023-03-27,Consumer,North,Furniture,Tables,Standing Desk,5,0.05,57000.0,4341.69
ORD-13398,2023-10-08,Home Office,South,Technology,Accessories,Wireless Earbuds,4,0.1,9000.0,1805.66
ORD-13399,2023-05-21,Consumer,North,Technology,Machines,Laser Printer,4,0.1,32400.0,2707.9
ORD-13400,2024-12-29,Corporate,North,Furniture,Tables,Standing Desk,2,0.2,19200.0,-541.41
ORD-13401,2023-02-15,Consumer,South,Office Supplies,Storage,Storage Box,1,0,900,221.44
ORD-13402,2024-08-18,Consumer,East,Technology,Accessories,Wireless Earbuds,4,0,10000,2956.52
ORD-13403,2024-05-19,Consumer,West,Technology,Phones,Smartphone X,3,0.1,48600.0,2714.93
ORD-13404,2024-09-09,Consumer,North,Technology,Machines,Laser Printer,3,0,27000,2973.75
ORD-13405,2024-09-30,Corporate,West,Office Supplies,Binders,Heavy Binder Set,2,0.1,1080.0,218.47
ORD-13406,2024-12-17,Home Office,North,Office Supplies,Storage,Storage Box,1,0.1,810.0,135.9
ORD-13407,2024-06-30,Corporate,East,Furniture,Bookcases,Wooden Bookcase,3,0,13500,1653.78
ORD-13408,2023-03-23,Consumer,West,Technology,Accessories,Laptop Bag,2,0.2,2880.0,600.13
ORD-13409,2024-05-31,Consumer,North,Office Supplies,Binders,Heavy Binder Set,2,0.1,1080.0,268.81
ORD-13410,2024-08-30,Home Office,West,Furniture,Chairs,Ergo Office Chair,3,0.2,15600.0,371.6
ORD-13411,2023-02-14,Corporate,South,Office Supplies,Paper,A4 Paper Pack,4,0.05,1330.0,414.44
ORD-13412,2023-12-01,Consumer,West,Technology,Machines,Laser Printer,5,0.2,36000.0,-565.28
ORD-13413,2023-07-18,Consumer,West,Technology,Accessories,Laptop Bag,3,0,5400,1707.54
ORD-13414,2023-08-15,Corporate,West,Technology,Phones,Smartphone X,4,0.2,57600.0,1129.71
ORD-13415,2024-09-17,Home Office,North,Technology,Phones,Smartphone X,2,0,36000,5171.44
ORD-13416,2024-02-19,Consumer,East,Technology,Machines,Laser Printer,5,0,45000,4197.25
ORD-13417,2024-07-27,Corporate,North,Furniture,Tables,Standing Desk,2,0.1,21600.0,56.29
ORD-13418,2024-03-05,Consumer,South,Technology,Machines,Laser Printer,2,0,18000,2818.25
ORD-13419,2023-05-11,Consumer,East,Technology,Machines,Laser Printer,2,0,18000,1536.82
ORD-13420,2024-10-29,Home Office,South,Furniture,Bookcases,Wooden Bookcase,3,0,13500,1607.6
ORD-13421,2024-12-24,Consumer,South,Furniture,Tables,Standing Desk,3,0.2,28800.0,-154.48
ORD-13422,2024-09-24,Corporate,South,Technology,Accessories,Laptop Bag,5,0.1,8100.0,2305.93
ORD-13423,2024-04-03,Consumer,West,Furniture,Chairs,Ergo Office Chair,2,0,13000,2126.32
ORD-13424,2024-11-07,Home Office,North,Technology,Accessories,Laptop Bag,4,0,7200,2020.17
ORD-13425,2023-09-18,Corporate,East,Office Supplies,Storage,Storage Box,2,0,1800,396.19
ORD-13426,2023-03-09,Home Office,West,Technology,Accessories,Laptop Bag,1,0.05,1710.0,534.21
ORD-13427,2023-08-24,Consumer,North,Technology,Accessories,Laptop Bag,5,0.1,8100.0,1868.77
ORD-13428,2023-04-18,Corporate,East,Office Supplies,Binders,Heavy Binder Set,4,0,2400,590.45
ORD-13429,2024-03-07,Corporate,South,Furniture,Tables,Standing Desk,2,0,24000,3180.32
ORD-13430,2024-03-13,Corporate,East,Furniture,Tables,Standing Desk,1,0.1,10800.0,175.52
ORD-13431,2024-04-02,Corporate,North,Technology,Accessories,Wireless Earbuds,5,0,12500,3430.81
ORD-13432,2024-06-02,Corporate,South,Technology,Accessories,Wireless Earbuds,4,0,10000,2785.7
ORD-13433,2024-11-24,Home Office,West,Furniture,Tables,Standing Desk,4,0,48000,3460.4
ORD-13434,2023-07-09,Home Office,West,Technology,Accessories,Wireless Earbuds,2,0.2,4000.0,568.13
ORD-13435,2023-04-01,Consumer,East,Furniture,Chairs,Ergo Office Chair,1,0,6500,1206.96
ORD-13436,2023-08-26,Home Office,North,Technology,Machines,Laser Printer,3,0,27000,2572.67
ORD-13437,2023-02-17,Consumer,East,Furniture,Chairs,Ergo Office Chair,3,0,19500,2745.5
ORD-13438,2023-06-07,Corporate,South,Technology,Machines,Laser Printer,1,0.1,8100.0,576.62
ORD-13439,2024-05-05,Home Office,West,Technology,Phones,Smartphone X,5,0.05,85500.0,9303.18
ORD-13440,2024-04-13,Corporate,East,Furniture,Tables,Standing Desk,4,0.1,43200.0,3365.54
ORD-13441,2024-09-27,Home Office,East,Technology,Machines,Laser Printer,1,0.1,8100.0,515.33
ORD-13442,2024-04-06,Home Office,North,Furniture,Bookcases,Wooden Bookcase,5,0,22500,3538.26
ORD-13443,2023-08-16,Corporate,West,Office Supplies,Storage,Storage Box,4,0.05,3420.0,626.94
ORD-13444,2024-09-05,Home Office,West,Furniture,Chairs,Ergo Office Chair,2,0,13000,2607.86
ORD-13445,2023-09-24,Corporate,East,Furniture,Bookcases,Wooden Bookcase,5,0,22500,2773.67
ORD-13446,2024-12-04,Home Office,East,Furniture,Tables,Standing Desk,1,0.1,10800.0,288.18
ORD-13447,2024-06-26,Corporate,West,Office Supplies,Storage,Storage Box,2,0.2,1440.0,191.98
ORD-13448,2024-06-07,Consumer,East,Office Supplies,Binders,Heavy Binder Set,2,0.05,1140.0,311.31
ORD-13449,2023-10-24,Consumer,East,Technology,Machines,Laser Printer,5,0,45000,4904.69
ORD-13450,2024-06-27,Consumer,South,Technology,Accessories,Wireless Earbuds,5,0.05,11875.0,2891.58
ORD-13451,2023-05-18,Corporate,West,Furniture,Bookcases,Wooden Bookcase,1,0,4500,686.98
ORD-13452,2023-05-07,Consumer,East,Furniture,Tables,Standing Desk,4,0,48000,5001.49
ORD-13453,2024-10-12,Consumer,East,Technology,Phones,Smartphone X,1,0,18000,2941.8
ORD-13454,2023-03-07,Consumer,West,Technology,Accessories,Laptop Bag,5,0,9000,2947.7
ORD-13455,2023-10-22,Consumer,East,Office Supplies,Binders,Heavy Binder Set,1,0,600,163.68
ORD-13456,2024-11-06,Consumer,South,Furniture,Bookcases,Wooden Bookcase,1,0.1,4050.0,319.56
ORD-13457,2023-02-20,Home Office,North,Furniture,Tables,Standing Desk,1,0,12000,1408.49
ORD-13458,2023-02-07,Consumer,South,Technology,Accessories,Wireless Earbuds,5,0,12500,3495.61
ORD-13459,2023-04-12,Home Office,South,Furniture,Tables,Standing Desk,4,0,48000,3213.48
ORD-13460,2023-10-13,Home Office,South,Technology,Phones,Smartphone X,1,0.05,17100.0,2517.24
ORD-13461,2023-12-06,Consumer,West,Technology,Phones,Smartphone X,3,0.05,51300.0,4744.17
ORD-13462,2024-09-06,Corporate,East,Technology,Phones,Smartphone X,4,0.05,68400.0,9550.33
ORD-13463,2023-06-14,Corporate,South,Office Supplies,Storage,Storage Box,3,0,2700,570.18
ORD-13464,2023-12-07,Corporate,South,Furniture,Chairs,Ergo Office Chair,3,0.05,18525.0,2171.33
ORD-13465,2024-09-26,Consumer,North,Technology,Accessories,Wireless Earbuds,2,0,5000,1614.6
ORD-13466,2024-04-17,Corporate,East,Technology,Accessories,Laptop Bag,3,0,5400,1819.82
ORD-13467,2023-04-14,Corporate,North,Furniture,Chairs,Ergo Office Chair,1,0.05,6175.0,851.64
ORD-13468,2024-11-04,Home Office,West,Furniture,Chairs,Ergo Office Chair,4,0,26000,4604.96
ORD-13469,2024-01-19,Home Office,South,Office Supplies,Binders,Heavy Binder Set,4,0,2400,657.02
ORD-13470,2024-08-06,Consumer,East,Technology,Accessories,Laptop Bag,3,0,5400,1781.43
ORD-13471,2024-10-11,Consumer,West,Technology,Accessories,Wireless Earbuds,4,0,10000,3286.68
ORD-13472,2023-01-15,Consumer,South,Technology,Accessories,Wireless Earbuds,4,0.1,9000.0,2243.16
ORD-13473,2023-08-14,Consumer,West,Technology,Machines,Laser Printer,1,0,9000,926.66
ORD-13474,2023-08-20,Corporate,East,Furniture,Tables,Standing Desk,1,0.05,11400.0,495.42
ORD-13475,2023-11-14,Home Office,East,Furniture,Bookcases,Wooden Bookcase,2,0.1,8100.0,938.9
ORD-13476,2023-11-27,Home Office,East,Technology,Phones,Smartphone X,2,0,36000,6117.54
ORD-13477,2024-07-03,Consumer,East,Office Supplies,Paper,A4 Paper Pack,2,0.05,665.0,215.96
ORD-13478,2024-05-21,Home Office,East,Technology,Machines,Laser Printer,2,0.1,16200.0,886.3
ORD-13479,2023-02-17,Home Office,East,Technology,Phones,Smartphone X,1,0.1,16200.0,1087.22
ORD-13480,2024-04-05,Consumer,North,Furniture,Bookcases,Wooden Bookcase,4,0.2,14400.0,943.03
ORD-13481,2023-10-19,Home Office,North,Furniture,Tables,Standing Desk,2,0,24000,2938.04
ORD-13482,2024-09-09,Consumer,East,Technology,Phones,Smartphone X,5,0,90000,12434.08
ORD-13483,2024-05-09,Home Office,West,Technology,Phones,Smartphone X,3,0.05,51300.0,7064.75
ORD-13484,2024-06-27,Home Office,East,Furniture,Tables,Standing Desk,2,0.05,22800.0,1605.46
ORD-13485,2023-07-27,Consumer,West,Office Supplies,Binders,Heavy Binder Set,1,0.05,570.0,152.89
ORD-13486,2024-09-15,Corporate,South,Furniture,Bookcases,Wooden Bookcase,4,0,18000,3270.38
ORD-13487,2024-05-15,Consumer,East,Office Supplies,Paper,A4 Paper Pack,2,0.05,665.0,215.64
ORD-13488,2024-04-30,Home Office,North,Technology,Accessories,Wireless Earbuds,5,0,12500,4066.48
ORD-13489,2024-11-20,Consumer,North,Technology,Machines,Laser Printer,4,0.05,34200.0,4239.44
ORD-13490,2023-01-09,Corporate,West,Office Supplies,Storage,Storage Box,3,0,2700,575.86
ORD-13491,2023-01-16,Corporate,North,Furniture,Chairs,Ergo Office Chair,3,0.05,18525.0,3153.55
ORD-13492,2023-09-11,Corporate,West,Technology,Phones,Smartphone X,2,0.2,28800.0,-4.66
ORD-13493,2024-03-10,Home Office,West,Furniture,Chairs,Ergo Office Chair,2,0,13000,2232.21
ORD-13494,2024-05-05,Consumer,South,Technology,Phones,Smartphone X,4,0.05,68400.0,8623.01
ORD-13495,2023-05-18,Corporate,East,Technology,Machines,Laser Printer,4,0.05,34200.0,4139.16
ORD-13496,2024-07-26,Home Office,West,Technology,Accessories,Laptop Bag,1,0.1,1620.0,415.0
ORD-13497,2023-09-05,Consumer,West,Office Supplies,Storage,Storage Box,3,0.2,2160.0,297.7
ORD-13498,2023-12-12,Home Office,South,Furniture,Chairs,Ergo Office Chair,5,0.05,30875.0,3901.0
ORD-13499,2024-05-28,Consumer,East,Technology,Accessories,Laptop Bag,5,0.05,8550.0,2812.89
ORD-13500,2024-08-13,Home Office,South,Furniture,Bookcases,Wooden Bookcase,1,0.2,3600.0,147.4
ORD-13501,2023-04-15,Home Office,West,Technology,Accessories,Wireless Earbuds,4,0,10000,2809.89
ORD-13502,2024-07-18,Corporate,North,Technology,Accessories,Wireless Earbuds,5,0.05,11875.0,3379.9
ORD-13503,2023-10-30,Corporate,South,Furniture,Chairs,Ergo Office Chair,2,0,13000,2613.04
ORD-13504,2024-02-29,Home Office,South,Technology,Phones,Smartphone X,4,0,72000,12634.59
ORD-13505,2024-07-19,Home Office,South,Office Supplies,Storage,Storage Box,5,0,4500,1187.25
ORD-13506,2023-12-26,Consumer,South,Office Supplies,Storage,Storage Box,2,0.05,1710.0,403.89
ORD-13507,2023-12-07,Corporate,East,Office Supplies,Binders,Heavy Binder Set,1,0.1,540.0,115.47
ORD-13508,2023-05-09,Home Office,South,Technology,Accessories,Laptop Bag,3,0,5400,1525.05
ORD-13509,2024-12-13,Home Office,North,Technology,Accessories,Wireless Earbuds,2,0,5000,1420.99
ORD-13510,2023-03-26,Corporate,North,Furniture,Bookcases,Wooden Bookcase,5,0.1,20250.0,2597.5
ORD-13511,2024-12-27,Home Office,West,Technology,Accessories,Laptop Bag,2,0,3600,1185.68
ORD-13512,2023-05-23,Corporate,South,Furniture,Bookcases,Wooden Bookcase,3,0.1,12150.0,1123.15
ORD-13513,2024-02-16,Consumer,South,Office Supplies,Storage,Storage Box,3,0.2,2160.0,330.28
ORD-13514,2024-08-01,Corporate,West,Technology,Accessories,Wireless Earbuds,4,0.2,8000.0,1464.82
ORD-13515,2024-01-03,Home Office,East,Technology,Phones,Smartphone X,4,0.2,57600.0,584.78
ORD-13516,2024-05-03,Consumer,North,Technology,Accessories,Wireless Earbuds,3,0.2,6000.0,1093.3
ORD-13517,2023-10-12,Home Office,North,Furniture,Tables,Standing Desk,5,0.2,48000.0,-352.63
ORD-13518,2023-09-04,Consumer,South,Furniture,Chairs,Ergo Office Chair,4,0,26000,3878.03
ORD-13519,2023-11-03,Consumer,North,Furniture,Tables,Standing Desk,1,0.05,11400.0,1144.41
ORD-13520,2024-01-11,Consumer,West,Office Supplies,Storage,Storage Box,1,0.1,810.0,163.01
ORD-13521,2023-04-30,Corporate,South,Technology,Machines,Laser Printer,5,0,45000,5762.3
ORD-13522,2024-04-24,Consumer,North,Furniture,Tables,Standing Desk,3,0.1,32400.0,845.64
ORD-13523,2023-12-03,Corporate,South,Office Supplies,Storage,Storage Box,5,0.2,3600.0,490.88
ORD-13524,2024-04-16,Home Office,North,Office Supplies,Binders,Heavy Binder Set,3,0,1800,442.84
ORD-13525,2023-11-10,Corporate,North,Technology,Accessories,Laptop Bag,1,0.2,1440.0,299.5
ORD-13526,2023-05-09,Home Office,North,Office Supplies,Binders,Heavy Binder Set,4,0.05,2280.0,502.96
ORD-13527,2024-01-24,Consumer,South,Technology,Phones,Smartphone X,2,0.1,32400.0,1607.16
ORD-13528,2024-12-28,Corporate,East,Office Supplies,Paper,A4 Paper Pack,2,0.2,560.0,146.78
ORD-13529,2023-07-22,Consumer,East,Furniture,Bookcases,Wooden Bookcase,5,0.05,21375.0,2787.67
ORD-13530,2023-09-08,Consumer,East,Office Supplies,Storage,Storage Box,4,0,3600,779.39
ORD-13531,2024-08-21,Corporate,South,Technology,Machines,Laser Printer,3,0,27000,3580.48
ORD-13532,2023-10-31,Consumer,South,Technology,Phones,Smartphone X,5,0,90000,15759.27
ORD-13533,2023-12-04,Corporate,West,Furniture,Chairs,Ergo Office Chair,1,0,6500,1196.69
ORD-13534,2023-10-29,Corporate,North,Technology,Phones,Smartphone X,2,0.1,32400.0,2272.46
ORD-13535,2023-04-10,Home Office,East,Furniture,Tables,Standing Desk,2,0.05,22800.0,1264.48
ORD-13536,2023-02-01,Corporate,North,Furniture,Bookcases,Wooden Bookcase,2,0.2,7200.0,368.12
ORD-13537,2024-05-30,Consumer,West,Office Supplies,Binders,Heavy Binder Set,3,0,1800,529.87
ORD-13538,2024-09-03,Corporate,West,Furniture,Tables,Standing Desk,5,0.1,54000.0,634.48
ORD-13539,2024-12-30,Home Office,West,Furniture,Chairs,Ergo Office Chair,5,0,32500,5268.76
ORD-13540,2023-11-02,Corporate,West,Furniture,Chairs,Ergo Office Chair,2,0,13000,2265.0
ORD-13541,2024-08-19,Home Office,North,Technology,Accessories,Laptop Bag,5,0.1,8100.0,2046.22
ORD-13542,2023-04-08,Home Office,South,Technology,Accessories,Laptop Bag,3,0.1,4860.0,1386.69
ORD-13543,2023-04-12,Corporate,South,Technology,Phones,Smartphone X,3,0,54000,8012.88
ORD-13544,2023-05-05,Corporate,West,Office Supplies,Paper,A4 Paper Pack,5,0.1,1575.0,409.98
ORD-13545,2023-10-24,Consumer,East,Office Supplies,Binders,Heavy Binder Set,5,0.1,2700.0,574.17
ORD-13546,2023-10-10,Home Office,South,Technology,Accessories,Laptop Bag,5,0.2,7200.0,1624.97
ORD-13547,2023-06-11,Corporate,West,Office Supplies,Storage,Storage Box,4,0.05,3420.0,767.72
ORD-13548,2023-11-29,Consumer,South,Technology,Machines,Laser Printer,3,0.05,25650.0,1307.86
ORD-13549,2023-07-11,Corporate,South,Technology,Machines,Laser Printer,1,0.1,8100.0,776.0
ORD-13550,2023-03-13,Home Office,North,Furniture,Chairs,Ergo Office Chair,5,0.1,29250.0,4085.72
ORD-13551,2023-04-27,Consumer,East,Technology,Machines,Laser Printer,4,0,36000,2964.47
ORD-13552,2023-08-12,Home Office,North,Office Supplies,Binders,Heavy Binder Set,4,0,2400,737.29
ORD-13553,2024-12-02,Home Office,North,Furniture,Tables,Standing Desk,2,0,24000,3111.77
ORD-13554,2023-06-13,Home Office,West,Technology,Accessories,Wireless Earbuds,1,0,2500,753.32
ORD-13555,2023-08-30,Home Office,West,Office Supplies,Storage,Storage Box,4,0,3600,765.55
ORD-13556,2024-04-19,Home Office,South,Office Supplies,Paper,A4 Paper Pack,3,0,1050,387.85
ORD-13557,2023-08-12,Home Office,South,Technology,Phones,Smartphone X,3,0.1,48600.0,5713.89
ORD-13558,2023-02-11,Consumer,West,Technology,Machines,Laser Printer,2,0,18000,2637.58
ORD-13559,2024-12-27,Corporate,West,Office Supplies,Paper,A4 Paper Pack,5,0,1750,629.63
ORD-13560,2023-04-05,Corporate,West,Technology,Accessories,Laptop Bag,5,0,9000,2987.31
ORD-13561,2024-01-27,Consumer,North,Technology,Phones,Smartphone X,1,0.05,17100.0,2098.35
ORD-13562,2023-11-27,Corporate,East,Office Supplies,Paper,A4 Paper Pack,4,0,1400,538.88
ORD-13563,2024-12-17,Corporate,West,Technology,Machines,Laser Printer,3,0,27000,2828.78
ORD-13564,2023-07-13,Home Office,South,Technology,Machines,Laser Printer,3,0,27000,4243.03
ORD-13565,2023-12-20,Consumer,West,Technology,Accessories,Laptop Bag,3,0.05,5130.0,1322.28
ORD-13566,2023-12-25,Corporate,North,Furniture,Chairs,Ergo Office Chair,2,0,13000,2336.18
ORD-13567,2023-06-19,Consumer,South,Technology,Accessories,Wireless Earbuds,5,0.2,10000.0,1543.47
ORD-13568,2024-05-27,Home Office,South,Technology,Accessories,Laptop Bag,5,0.1,8100.0,2250.01
ORD-13569,2024-01-13,Corporate,South,Furniture,Chairs,Ergo Office Chair,2,0.05,12350.0,1398.33
ORD-13570,2024-08-21,Home Office,North,Furniture,Tables,Standing Desk,3,0.05,34200.0,1810.17
ORD-13571,2024-07-29,Home Office,West,Office Supplies,Binders,Heavy Binder Set,4,0,2400,661.23
ORD-13572,2024-10-02,Consumer,West,Furniture,Chairs,Ergo Office Chair,3,0,19500,4169.89
ORD-13573,2023-11-03,Home Office,North,Technology,Accessories,Wireless Earbuds,5,0,12500,4036.43
ORD-13574,2024-12-16,Consumer,South,Office Supplies,Storage,Storage Box,3,0,2700,671.4
ORD-13575,2024-09-30,Corporate,South,Technology,Accessories,Laptop Bag,3,0,5400,1627.77
ORD-13576,2024-12-12,Corporate,North,Technology,Phones,Smartphone X,5,0,90000,13020.08
ORD-13577,2023-09-16,Consumer,East,Office Supplies,Storage,Storage Box,1,0.2,720.0,107.23
ORD-13578,2024-10-22,Home Office,West,Office Supplies,Binders,Heavy Binder Set,3,0,1800,535.44
ORD-13579,2024-05-07,Corporate,North,Furniture,Chairs,Ergo Office Chair,5,0.2,26000.0,763.3
ORD-13580,2024-04-20,Home Office,South,Office Supplies,Binders,Heavy Binder Set,1,0,600,157.68
ORD-13581,2024-10-20,Consumer,East,Technology,Phones,Smartphone X,3,0,54000,9256.85
ORD-13582,2024-12-21,Consumer,North,Furniture,Chairs,Ergo Office Chair,5,0.2,26000.0,1655.54
ORD-13583,2024-08-17,Consumer,North,Technology,Phones,Smartphone X,2,0.1,32400.0,2287.75
ORD-13584,2023-06-29,Corporate,North,Furniture,Bookcases,Wooden Bookcase,5,0.1,20250.0,1659.43
ORD-13585,2024-04-30,Corporate,South,Office Supplies,Storage,Storage Box,5,0,4500,999.56
ORD-13586,2024-03-22,Corporate,South,Furniture,Bookcases,Wooden Bookcase,1,0.05,4275.0,438.61
ORD-13587,2024-10-03,Consumer,North,Furniture,Chairs,Ergo Office Chair,3,0.2,15600.0,833.07
ORD-13588,2024-11-16,Consumer,North,Technology,Accessories,Laptop Bag,4,0,7200,2167.86
ORD-13589,2024-07-16,Home Office,West,Office Supplies,Paper,A4 Paper Pack,4,0,1400,490.63
ORD-13590,2024-12-26,Home Office,North,Technology,Phones,Smartphone X,5,0,90000,9295.39
ORD-13591,2024-03-16,Home Office,East,Technology,Accessories,Laptop Bag,1,0.1,1620.0,465.15
ORD-13592,2024-10-02,Consumer,West,Technology,Accessories,Wireless Earbuds,1,0,2500,786.15
ORD-13593,2023-10-11,Corporate,North,Technology,Accessories,Wireless Earbuds,3,0.1,6750.0,1498.87
ORD-13594,2023-09-15,Consumer,West,Office Supplies,Paper,A4 Paper Pack,2,0,700,253.86
ORD-13595,2023-01-25,Consumer,West,Office Supplies,Binders,Heavy Binder Set,2,0,1200,289.74
ORD-13596,2024-05-14,Corporate,East,Office Supplies,Binders,Heavy Binder Set,4,0,2400,645.76
ORD-13597,2023-12-19,Consumer,South,Technology,Phones,Smartphone X,5,0.2,72000.0,3696.26
ORD-13598,2023-03-02,Home Office,East,Technology,Accessories,Wireless Earbuds,3,0.05,7125.0,2063.91
ORD-13599,2024-06-21,Corporate,West,Technology,Accessories,Laptop Bag,3,0.05,5130.0,1642.17
ORD-13600,2024-12-30,Home Office,West,Technology,Machines,Laser Printer,4,0,36000,3594.81
ORD-13601,2024-11-09,Corporate,North,Furniture,Bookcases,Wooden Bookcase,2,0,9000,1089.26
ORD-13602,2024-06-29,Home Office,West,Furniture,Tables,Standing Desk,1,0,12000,1079.01
ORD-13603,2023-01-05,Consumer,West,Office Supplies,Paper,A4 Paper Pack,5,0.05,1662.5,471.94
ORD-13604,2023-06-27,Consumer,East,Office Supplies,Paper,A4 Paper Pack,4,0,1400,482.6
ORD-13605,2023-02-03,Corporate,North,Office Supplies,Storage,Storage Box,1,0.2,720.0,101.28
ORD-13606,2024-04-03,Home Office,North,Technology,Accessories,Laptop Bag,1,0,1800,627.78
ORD-13607,2024-03-10,Consumer,South,Technology,Machines,Laser Printer,1,0.2,7200.0,-151.34
ORD-13608,2023-10-02,Home Office,South,Technology,Phones,Smartphone X,5,0,90000,11440.56
ORD-13609,2024-07-20,Home Office,East,Office Supplies,Binders,Heavy Binder Set,3,0.1,1620.0,352.19
ORD-13610,2023-06-23,Corporate,North,Technology,Accessories,Wireless Earbuds,5,0.2,10000.0,2059.5
ORD-13611,2023-02-07,Corporate,East,Office Supplies,Storage,Storage Box,4,0,3600,794.32
ORD-13612,2024-11-06,Corporate,South,Office Supplies,Binders,Heavy Binder Set,3,0.2,1440.0,209.86
ORD-13613,2023-02-02,Corporate,East,Furniture,Tables,Standing Desk,5,0.1,54000.0,1216.15
ORD-13614,2023-06-19,Home Office,North,Technology,Accessories,Wireless Earbuds,1,0.1,2250.0,452.93
ORD-13615,2024-06-13,Home Office,South,Technology,Accessories,Laptop Bag,4,0,7200,2378.45
ORD-13616,2023-08-01,Consumer,South,Furniture,Tables,Standing Desk,3,0.05,34200.0,3708.24
ORD-13617,2024-03-14,Corporate,North,Furniture,Bookcases,Wooden Bookcase,2,0,9000,1345.19
ORD-13618,2023-08-25,Corporate,North,Office Supplies,Paper,A4 Paper Pack,4,0,1400,460.29
ORD-13619,2024-08-22,Corporate,North,Technology,Machines,Laser Printer,3,0.1,24300.0,1308.42
ORD-13620,2023-08-11,Consumer,East,Technology,Machines,Laser Printer,4,0.05,34200.0,1753.87
ORD-13621,2024-08-13,Consumer,East,Technology,Accessories,Wireless Earbuds,3,0.1,6750.0,1547.19
ORD-13622,2024-12-01,Home Office,North,Technology,Phones,Smartphone X,1,0.05,17100.0,1512.19
ORD-13623,2023-11-10,Home Office,West,Technology,Accessories,Wireless Earbuds,3,0.05,7125.0,1669.51
ORD-13624,2024-02-24,Consumer,South,Furniture,Bookcases,Wooden Bookcase,2,0,9000,1174.08
ORD-13625,2023-07-04,Consumer,West,Furniture,Bookcases,Wooden Bookcase,3,0.05,12825.0,1607.91
ORD-13626,2024-12-10,Corporate,West,Furniture,Bookcases,Wooden Bookcase,2,0,9000,1479.61
ORD-13627,2024-03-04,Home Office,North,Furniture,Bookcases,Wooden Bookcase,4,0,18000,2804.64
ORD-13628,2024-07-13,Home Office,East,Office Supplies,Storage,Storage Box,5,0.1,4050.0,736.41
ORD-13629,2024-09-18,Corporate,North,Office Supplies,Paper,A4 Paper Pack,5,0,1750,602.66
ORD-13630,2024-02-10,Corporate,West,Furniture,Chairs,Ergo Office Chair,3,0.2,15600.0,1069.88
ORD-13631,2023-10-23,Consumer,South,Technology,Phones,Smartphone X,3,0.2,43200.0,755.85
ORD-13632,2024-12-27,Corporate,South,Office Supplies,Binders,Heavy Binder Set,4,0.2,1920.0,244.02
ORD-13633,2024-09-24,Home Office,East,Technology,Accessories,Wireless Earbuds,5,0,12500,3413.94
ORD-13634,2023-11-16,Consumer,West,Furniture,Chairs,Ergo Office Chair,2,0,13000,2704.32
ORD-13635,2023-06-09,Corporate,East,Technology,Machines,Laser Printer,2,0.1,16200.0,1617.79
ORD-13636,2023-07-14,Consumer,West,Technology,Machines,Laser Printer,5,0,45000,4759.78
ORD-13637,2024-11-17,Home Office,South,Office Supplies,Binders,Heavy Binder Set,4,0.1,2160.0,537.32
ORD-13638,2023-07-14,Home Office,South,Office Supplies,Binders,Heavy Binder Set,4,0,2400,695.41
ORD-13639,2023-06-18,Consumer,South,Office Supplies,Storage,Storage Box,3,0.2,2160.0,218.71
ORD-13640,2024-05-20,Consumer,North,Technology,Phones,Smartphone X,5,0,90000,10809.81
ORD-13641,2023-11-10,Corporate,South,Furniture,Chairs,Ergo Office Chair,2,0,13000,2356.92
ORD-13642,2023-06-09,Home Office,South,Furniture,Tables,Standing Desk,4,0.2,38400.0,-2087.11
ORD-13643,2024-10-18,Consumer,East,Technology,Phones,Smartphone X,4,0,72000,11922.5
ORD-13644,2024-09-15,Corporate,East,Furniture,Bookcases,Wooden Bookcase,2,0.05,8550.0,723.38
ORD-13645,2023-11-19,Consumer,North,Technology,Accessories,Laptop Bag,5,0,9000,2665.25
ORD-13646,2023-01-23,Consumer,South,Office Supplies,Paper,A4 Paper Pack,3,0,1050,343.43
ORD-13647,2024-07-24,Corporate,West,Office Supplies,Paper,A4 Paper Pack,2,0,700,244.59
ORD-13648,2023-06-14,Consumer,West,Technology,Accessories,Wireless Earbuds,4,0.2,8000.0,1443.99
ORD-13649,2023-10-27,Corporate,North,Furniture,Tables,Standing Desk,4,0,48000,6433.97
ORD-13650,2023-06-05,Consumer,East,Furniture,Bookcases,Wooden Bookcase,1,0,4500,631.24
ORD-13651,2024-03-27,Consumer,East,Technology,Machines,Laser Printer,5,0.1,40500.0,3389.52
ORD-13652,2023-03-05,Consumer,South,Technology,Phones,Smartphone X,4,0.2,57600.0,218.93
ORD-13653,2024-10-23,Corporate,West,Furniture,Tables,Standing Desk,1,0.2,9600.0,-78.33
ORD-13654,2024-07-31,Corporate,South,Furniture,Bookcases,Wooden Bookcase,5,0,22500,3245.45
ORD-13655,2023-10-06,Consumer,South,Technology,Phones,Smartphone X,4,0,72000,7279.45
ORD-13656,2024-06-04,Home Office,West,Furniture,Chairs,Ergo Office Chair,5,0.2,26000.0,2562.79
ORD-13657,2024-10-13,Home Office,West,Furniture,Tables,Standing Desk,4,0.2,38400.0,-2085.97
ORD-13658,2023-07-20,Consumer,South,Technology,Accessories,Laptop Bag,4,0.2,5760.0,1191.72
ORD-13659,2024-12-19,Home Office,East,Technology,Accessories,Laptop Bag,4,0.2,5760.0,1186.24
ORD-13660,2024-09-14,Home Office,West,Technology,Accessories,Laptop Bag,1,0,1800,590.22
ORD-13661,2023-01-26,Corporate,South,Technology,Accessories,Laptop Bag,3,0,5400,1518.14
ORD-13662,2023-04-18,Consumer,South,Office Supplies,Paper,A4 Paper Pack,4,0,1400,458.25
ORD-13663,2024-12-15,Consumer,North,Furniture,Tables,Standing Desk,4,0,48000,3382.13
ORD-13664,2024-05-01,Corporate,South,Technology,Accessories,Wireless Earbuds,3,0.1,6750.0,1505.69
ORD-13665,2023-07-08,Corporate,South,Technology,Phones,Smartphone X,1,0,18000,2786.48
ORD-13666,2023-04-14,Corporate,West,Furniture,Chairs,Ergo Office Chair,5,0.1,29250.0,3985.49
ORD-13667,2023-08-14,Home Office,West,Technology,Machines,Laser Printer,3,0.05,25650.0,2749.95
ORD-13668,2023-02-18,Consumer,South,Office Supplies,Storage,Storage Box,5,0.1,4050.0,653.3
ORD-13669,2023-11-28,Home Office,East,Office Supplies,Storage,Storage Box,4,0,3600,850.99
ORD-13670,2023-02-20,Home Office,South,Office Supplies,Storage,Storage Box,1,0.05,855.0,201.61
ORD-13671,2024-05-29,Corporate,West,Furniture,Tables,Standing Desk,5,0.2,48000.0,-1458.9
ORD-13672,2024-07-05,Corporate,West,Technology,Accessories,Laptop Bag,5,0.1,8100.0,2412.16
ORD-13673,2023-01-19,Home Office,East,Furniture,Bookcases,Wooden Bookcase,5,0.05,21375.0,2884.25
ORD-13674,2024-02-21,Consumer,West,Office Supplies,Paper,A4 Paper Pack,2,0.2,560.0,130.66
ORD-13675,2023-04-26,Consumer,South,Office Supplies,Paper,A4 Paper Pack,1,0,350,132.0
ORD-13676,2023-11-06,Corporate,East,Office Supplies,Paper,A4 Paper Pack,4,0,1400,434.83
ORD-13677,2023-09-25,Corporate,East,Furniture,Bookcases,Wooden Bookcase,4,0.2,14400.0,439.57
ORD-13678,2023-12-31,Corporate,West,Office Supplies,Storage,Storage Box,4,0,3600,850.4
ORD-13679,2023-09-22,Consumer,North,Technology,Machines,Laser Printer,3,0.05,25650.0,2166.82
ORD-13680,2023-02-09,Corporate,South,Office Supplies,Storage,Storage Box,4,0,3600,906.05
ORD-13681,2023-08-07,Corporate,East,Technology,Phones,Smartphone X,3,0,54000,7191.6
ORD-13682,2023-09-02,Corporate,North,Technology,Machines,Laser Printer,2,0,18000,2680.67
ORD-13683,2024-07-22,Consumer,South,Technology,Accessories,Laptop Bag,5,0.05,8550.0,2775.64
ORD-13684,2024-08-15,Home Office,West,Furniture,Chairs,Ergo Office Chair,2,0.1,11700.0,1316.52
ORD-13685,2023-01-13,Home Office,North,Furniture,Chairs,Ergo Office Chair,3,0.05,18525.0,3323.03
ORD-13686,2023-11-30,Home Office,East,Furniture,Chairs,Ergo Office Chair,4,0,26000,3734.81
ORD-13687,2024-08-21,Corporate,North,Furniture,Tables,Standing Desk,2,0,24000,2424.37
ORD-13688,2023-05-11,Home Office,South,Furniture,Bookcases,Wooden Bookcase,1,0.1,4050.0,400.61
ORD-13689,2023-01-23,Corporate,North,Technology,Accessories,Laptop Bag,3,0.2,4320.0,715.1
ORD-13690,2024-03-04,Corporate,West,Office Supplies,Paper,A4 Paper Pack,1,0.1,315.0,90.74
ORD-13691,2023-04-12,Consumer,South,Furniture,Tables,Standing Desk,3,0,36000,3759.09
ORD-13692,2023-09-30,Corporate,North,Technology,Accessories,Laptop Bag,3,0.1,4860.0,1074.33
ORD-13693,2023-12-08,Home Office,North,Furniture,Bookcases,Wooden Bookcase,4,0.2,14400.0,422.95
ORD-13694,2024-02-25,Consumer,East,Office Supplies,Binders,Heavy Binder Set,2,0.1,1080.0,216.1
ORD-13695,2024-03-04,Corporate,North,Office Supplies,Storage,Storage Box,1,0,900,236.37
ORD-13696,2023-05-07,Consumer,South,Technology,Accessories,Laptop Bag,3,0,5400,1575.56
ORD-13697,2024-12-11,Consumer,East,Furniture,Bookcases,Wooden Bookcase,5,0.1,20250.0,2591.93
ORD-13698,2024-01-16,Corporate,South,Technology,Accessories,Laptop Bag,1,0.05,1710.0,453.66
ORD-13699,2023-01-31,Corporate,West,Technology,Accessories,Wireless Earbuds,5,0.2,10000.0,1752.01
ORD-13700,2023-08-03,Consumer,East,Office Supplies,Paper,A4 Paper Pack,4,0,1400,502.28
ORD-13701,2023-02-20,Consumer,South,Office Supplies,Paper,A4 Paper Pack,3,0.2,840.0,194.72
ORD-13702,2023-01-03,Home Office,West,Office Supplies,Storage,Storage Box,2,0.1,1620.0,284.47
ORD-13703,2024-05-28,Consumer,South,Furniture,Tables,Standing Desk,1,0.1,10800.0,363.13
ORD-13704,2023-05-07,Home Office,West,Office Supplies,Paper,A4 Paper Pack,1,0.2,280.0,67.6
ORD-13705,2024-06-12,Corporate,East,Furniture,Tables,Standing Desk,2,0.05,22800.0,1450.06
ORD-13706,2024-11-13,Consumer,West,Furniture,Chairs,Ergo Office Chair,1,0.05,6175.0,774.33
ORD-13707,2023-10-27,Home Office,North,Technology,Accessories,Laptop Bag,2,0.2,2880.0,683.51
ORD-13708,2023-10-06,Consumer,East,Office Supplies,Storage,Storage Box,1,0.05,855.0,190.9
ORD-13709,2024-07-29,Corporate,North,Office Supplies,Paper,A4 Paper Pack,3,0,1050,372.8
ORD-13710,2024-11-17,Consumer,South,Technology,Machines,Laser Printer,2,0,18000,2102.64
ORD-13711,2024-04-26,Home Office,North,Technology,Accessories,Wireless Earbuds,4,0.1,9000.0,2161.86
ORD-13712,2024-12-18,Home Office,North,Technology,Machines,Laser Printer,2,0.05,17100.0,1784.3
ORD-13713,2023-01-27,Home Office,West,Office Supplies,Paper,A4 Paper Pack,3,0,1050,398.83
ORD-13714,2023-02-11,Home Office,East,Office Supplies,Storage,Storage Box,3,0.05,2565.0,663.71
ORD-13715,2024-06-02,Corporate,South,Technology,Accessories,Wireless Earbuds,4,0.05,9500.0,2562.26
ORD-13716,2024-03-11,Consumer,West,Technology,Accessories,Wireless Earbuds,5,0.1,11250.0,2811.88
ORD-13717,2024-07-06,Consumer,East,Office Supplies,Binders,Heavy Binder Set,5,0,3000,804.66
ORD-13718,2023-12-28,Home Office,West,Technology,Phones,Smartphone X,5,0.1,81000.0,5200.2
ORD-13719,2023-05-06,Home Office,West,Office Supplies,Storage,Storage Box,2,0.1,1620.0,277.16
ORD-13720,2023-11-02,Home Office,West,Office Supplies,Storage,Storage Box,1,0,900,258.08
ORD-13721,2023-10-24,Consumer,South,Technology,Machines,Laser Printer,2,0.1,16200.0,841.3
ORD-13722,2023-03-28,Home Office,North,Technology,Accessories,Laptop Bag,1,0.2,1440.0,328.29
ORD-13723,2024-02-05,Home Office,West,Office Supplies,Storage,Storage Box,1,0,900,255.84
ORD-13724,2024-09-18,Consumer,West,Technology,Accessories,Wireless Earbuds,5,0,12500,4065.48
ORD-13725,2023-01-06,Home Office,North,Office Supplies,Paper,A4 Paper Pack,4,0.2,1120.0,280.93
ORD-13726,2024-10-07,Corporate,South,Technology,Phones,Smartphone X,4,0.1,64800.0,3276.06
ORD-13727,2024-03-08,Consumer,South,Technology,Machines,Laser Printer,4,0.1,32400.0,2220.55
ORD-13728,2023-07-26,Corporate,North,Office Supplies,Storage,Storage Box,4,0.2,2880.0,329.19
ORD-13729,2023-07-02,Corporate,West,Furniture,Bookcases,Wooden Bookcase,1,0.05,4275.0,509.86
ORD-13730,2024-09-29,Corporate,North,Furniture,Chairs,Ergo Office Chair,2,0,13000,2188.49
ORD-13731,2024-08-14,Consumer,South,Office Supplies,Binders,Heavy Binder Set,2,0.2,960.0,123.0
ORD-13732,2023-03-17,Corporate,West,Furniture,Bookcases,Wooden Bookcase,3,0.2,10800.0,-71.1
ORD-13733,2024-05-12,Home Office,West,Technology,Phones,Smartphone X,3,0,54000,8180.82
ORD-13734,2024-03-30,Corporate,East,Furniture,Chairs,Ergo Office Chair,5,0,32500,6398.36
ORD-13735,2023-02-03,Consumer,East,Furniture,Bookcases,Wooden Bookcase,5,0.1,20250.0,1351.46
ORD-13736,2023-02-18,Consumer,South,Office Supplies,Binders,Heavy Binder Set,1,0.2,480.0,92.92
ORD-13737,2024-11-18,Corporate,North,Furniture,Bookcases,Wooden Bookcase,1,0,4500,639.21
ORD-13738,2023-09-01,Consumer,West,Office Supplies,Paper,A4 Paper Pack,5,0.1,1575.0,403.16
ORD-13739,2024-10-10,Consumer,South,Office Supplies,Binders,Heavy Binder Set,5,0.05,2850.0,721.1
ORD-13740,2024-04-14,Corporate,East,Furniture,Tables,Standing Desk,3,0,36000,3387.89
ORD-13741,2023-11-02,Consumer,West,Office Supplies,Binders,Heavy Binder Set,5,0,3000,725.94
ORD-13742,2024-06-19,Consumer,South,Office Supplies,Paper,A4 Paper Pack,3,0,1050,331.08
ORD-13743,2024-03-26,Consumer,North,Office Supplies,Binders,Heavy Binder Set,2,0.05,1140.0,285.55
ORD-13744,2023-09-24,Consumer,South,Office Supplies,Binders,Heavy Binder Set,3,0.05,1710.0,455.74
ORD-13745,2024-05-02,Home Office,South,Furniture,Chairs,Ergo Office Chair,1,0.1,5850.0,652.16
ORD-13746,2024-06-07,Corporate,East,Technology,Machines,Laser Printer,5,0,45000,4793.14
ORD-13747,2024-04-17,Corporate,East,Furniture,Chairs,Ergo Office Chair,2,0,13000,2132.09
ORD-13748,2023-02-21,Corporate,West,Furniture,Bookcases,Wooden Bookcase,3,0.1,12150.0,848.01
ORD-13749,2023-01-19,Corporate,West,Office Supplies,Binders,Heavy Binder Set,2,0,1200,316.0
ORD-13750,2024-06-06,Home Office,East,Office Supplies,Paper,A4 Paper Pack,2,0.2,560.0,111.88
ORD-13751,2024-02-04,Home Office,North,Technology,Accessories,Wireless Earbuds,4,0,10000,3192.58
ORD-13752,2023-11-11,Consumer,South,Office Supplies,Binders,Heavy Binder Set,1,0,600,144.63
ORD-13753,2023-02-27,Home Office,East,Technology,Accessories,Wireless Earbuds,4,0.1,9000.0,2197.3
ORD-13754,2024-10-19,Home Office,West,Technology,Accessories,Wireless Earbuds,2,0,5000,1635.11
ORD-13755,2023-10-16,Consumer,West,Technology,Phones,Smartphone X,5,0,90000,14884.55
ORD-13756,2024-08-22,Home Office,South,Furniture,Tables,Standing Desk,1,0.2,9600.0,189.1
ORD-13757,2024-01-28,Consumer,South,Furniture,Tables,Standing Desk,2,0,24000,2919.65
ORD-13758,2023-11-11,Home Office,West,Furniture,Bookcases,Wooden Bookcase,1,0.1,4050.0,437.73
ORD-13759,2024-06-05,Corporate,West,Technology,Machines,Laser Printer,1,0.1,8100.0,739.17
ORD-13760,2023-11-30,Corporate,West,Technology,Accessories,Wireless Earbuds,5,0.2,10000.0,1702.04
ORD-13761,2023-11-18,Home Office,West,Technology,Accessories,Wireless Earbuds,1,0,2500,849.48
ORD-13762,2024-11-04,Consumer,South,Furniture,Tables,Standing Desk,2,0,24000,1698.1
ORD-13763,2024-05-15,Consumer,North,Furniture,Chairs,Ergo Office Chair,3,0.1,17550.0,2230.09
ORD-13764,2024-10-25,Corporate,West,Furniture,Chairs,Ergo Office Chair,4,0.05,24700.0,3811.16
ORD-13765,2023-09-27,Home Office,North,Technology,Phones,Smartphone X,1,0.05,17100.0,2379.29
ORD-13766,2023-09-04,Corporate,North,Furniture,Tables,Standing Desk,3,0.05,34200.0,1355.13
ORD-13767,2024-03-29,Corporate,West,Furniture,Chairs,Ergo Office Chair,2,0,13000,1885.17
ORD-13768,2024-10-30,Corporate,North,Office Supplies,Paper,A4 Paper Pack,3,0,1050,398.46
ORD-13769,2023-03-24,Corporate,South,Office Supplies,Paper,A4 Paper Pack,2,0.05,665.0,226.19
ORD-13770,2023-02-19,Corporate,East,Technology,Accessories,Laptop Bag,3,0.2,4320.0,1003.83
ORD-13771,2023-09-25,Corporate,East,Technology,Machines,Laser Printer,2,0.05,17100.0,1792.5
ORD-13772,2024-08-22,Home Office,East,Furniture,Tables,Standing Desk,5,0,60000,3726.36
ORD-13773,2023-01-02,Home Office,South,Technology,Machines,Laser Printer,3,0,27000,2297.26
ORD-13774,2024-09-06,Home Office,West,Furniture,Tables,Standing Desk,3,0.2,28800.0,-1138.6
ORD-13775,2023-12-19,Consumer,East,Technology,Machines,Laser Printer,5,0.1,40500.0,1550.97
ORD-13776,2023-12-11,Corporate,East,Furniture,Chairs,Ergo Office Chair,2,0,13000,2082.8
ORD-13777,2023-10-10,Home Office,South,Technology,Accessories,Wireless Earbuds,3,0.2,6000.0,1071.46
ORD-13778,2023-04-22,Home Office,West,Technology,Accessories,Wireless Earbuds,1,0,2500,789.34
ORD-13779,2024-01-21,Consumer,North,Office Supplies,Binders,Heavy Binder Set,5,0,3000,771.28
ORD-13780,2023-08-06,Corporate,West,Technology,Accessories,Laptop Bag,3,0,5400,1617.35
ORD-13781,2023-11-11,Corporate,North,Office Supplies,Storage,Storage Box,2,0,1800,478.56
ORD-13782,2023-02-14,Consumer,North,Office Supplies,Storage,Storage Box,4,0,3600,780.7
ORD-13783,2023-09-01,Home Office,West,Technology,Accessories,Wireless Earbuds,3,0,7500,2209.88
ORD-13784,2023-05-09,Consumer,West,Technology,Accessories,Wireless Earbuds,1,0.05,2375.0,697.95
ORD-13785,2023-03-15,Corporate,East,Technology,Accessories,Laptop Bag,4,0.2,5760.0,1163.29
ORD-13786,2023-04-07,Home Office,North,Office Supplies,Binders,Heavy Binder Set,1,0.05,570.0,148.99
ORD-13787,2023-04-18,Home Office,North,Office Supplies,Paper,A4 Paper Pack,5,0.2,1400.0,288.17
ORD-13788,2023-10-07,Consumer,West,Furniture,Tables,Standing Desk,2,0.2,19200.0,-10.68
ORD-13789,2023-01-25,Home Office,West,Technology,Machines,Laser Printer,2,0,18000,1706.43
ORD-13790,2024-10-07,Consumer,South,Furniture,Bookcases,Wooden Bookcase,1,0.2,3600.0,58.01
ORD-13791,2023-08-05,Consumer,West,Technology,Accessories,Wireless Earbuds,1,0,2500,807.65
ORD-13792,2023-10-31,Corporate,South,Technology,Phones,Smartphone X,1,0,18000,1908.56
ORD-13793,2023-01-15,Home Office,South,Office Supplies,Paper,A4 Paper Pack,4,0,1400,457.05
ORD-13794,2023-04-07,Corporate,South,Technology,Machines,Laser Printer,3,0,27000,2228.06
ORD-13795,2024-10-04,Consumer,East,Technology,Accessories,Laptop Bag,2,0,3600,1199.47
ORD-13796,2023-10-10,Consumer,North,Technology,Phones,Smartphone X,1,0.2,14400.0,563.51
ORD-13797,2023-03-27,Consumer,North,Furniture,Chairs,Ergo Office Chair,3,0.1,17550.0,1834.67
ORD-13798,2023-05-25,Consumer,South,Technology,Machines,Laser Printer,3,0,27000,3276.77
ORD-13799,2023-04-29,Corporate,East,Technology,Accessories,Laptop Bag,3,0,5400,1871.6
ORD-13800,2023-09-08,Corporate,East,Furniture,Chairs,Ergo Office Chair,3,0,19500,3510.93
ORD-13801,2024-03-23,Home Office,West,Office Supplies,Paper,A4 Paper Pack,1,0,350,115.88
ORD-13802,2023-11-14,Home Office,East,Furniture,Tables,Standing Desk,2,0.2,19200.0,-1068.27
ORD-13803,2023-07-05,Consumer,East,Office Supplies,Binders,Heavy Binder Set,4,0.2,1920.0,369.39
ORD-13804,2024-05-02,Consumer,East,Office Supplies,Storage,Storage Box,3,0,2700,701.32
ORD-13805,2023-10-29,Corporate,West,Technology,Accessories,Wireless Earbuds,3,0.2,6000.0,925.23
ORD-13806,2023-10-06,Corporate,South,Furniture,Bookcases,Wooden Bookcase,5,0,22500,2956.52
ORD-13807,2023-10-05,Corporate,West,Furniture,Chairs,Ergo Office Chair,5,0,32500,6160.93
ORD-13808,2023-08-14,Corporate,East,Furniture,Tables,Standing Desk,4,0,48000,3721.63
ORD-13809,2023-04-30,Corporate,South,Office Supplies,Binders,Heavy Binder Set,3,0.05,1710.0,418.51
ORD-13810,2023-09-12,Corporate,South,Office Supplies,Storage,Storage Box,5,0.2,3600.0,522.55
ORD-13811,2024-07-16,Consumer,East,Technology,Accessories,Laptop Bag,5,0,9000,3058.52
ORD-13812,2023-06-02,Consumer,East,Office Supplies,Paper,A4 Paper Pack,4,0.1,1260.0,330.19
ORD-13813,2023-12-15,Corporate,South,Technology,Machines,Laser Printer,4,0.2,28800.0,455.83
ORD-13814,2024-07-03,Home Office,East,Office Supplies,Storage,Storage Box,2,0,1800,417.09
ORD-13815,2023-11-02,Home Office,North,Furniture,Bookcases,Wooden Bookcase,5,0.2,18000.0,438.0
ORD-13816,2023-11-03,Corporate,West,Technology,Accessories,Wireless Earbuds,4,0.2,8000.0,1464.58
ORD-13817,2024-03-09,Home Office,North,Furniture,Chairs,Ergo Office Chair,5,0.1,29250.0,4099.8
ORD-13818,2023-11-05,Consumer,North,Furniture,Bookcases,Wooden Bookcase,2,0.2,7200.0,473.09
ORD-13819,2023-10-21,Consumer,South,Office Supplies,Storage,Storage Box,2,0.2,1440.0,182.81
ORD-13820,2023-01-18,Corporate,South,Furniture,Chairs,Ergo Office Chair,4,0,26000,4429.44
ORD-13821,2024-07-26,Corporate,West,Technology,Phones,Smartphone X,1,0,18000,2572.28
ORD-13822,2024-12-04,Corporate,South,Technology,Phones,Smartphone X,5,0,90000,11783.5
ORD-13823,2023-03-30,Home Office,East,Technology,Accessories,Wireless Earbuds,3,0.05,7125.0,2085.49
ORD-13824,2024-08-01,Corporate,South,Office Supplies,Binders,Heavy Binder Set,4,0,2400,638.08
ORD-13825,2024-07-06,Corporate,South,Technology,Machines,Laser Printer,4,0.2,28800.0,-468.78
ORD-13826,2024-11-05,Home Office,East,Furniture,Chairs,Ergo Office Chair,5,0,32500,5746.02
ORD-13827,2023-01-09,Home Office,North,Office Supplies,Paper,A4 Paper Pack,5,0,1750,613.29
ORD-13828,2024-12-27,Corporate,East,Technology,Accessories,Wireless Earbuds,2,0.2,4000.0,692.36
ORD-13829,2024-02-20,Home Office,North,Technology,Accessories,Wireless Earbuds,5,0.05,11875.0,3160.17
ORD-13830,2023-11-02,Home Office,North,Office Supplies,Storage,Storage Box,2,0,1800,425.32
ORD-13831,2023-01-25,Home Office,North,Office Supplies,Paper,A4 Paper Pack,1,0,350,118.3
ORD-13832,2023-03-27,Home Office,North,Furniture,Chairs,Ergo Office Chair,5,0.1,29250.0,2976.73
ORD-13833,2024-07-15,Corporate,South,Technology,Accessories,Wireless Earbuds,2,0,5000,1392.65
ORD-13834,2023-12-16,Home Office,East,Office Supplies,Paper,A4 Paper Pack,4,0.2,1120.0,284.49
ORD-13835,2024-01-26,Home Office,East,Technology,Accessories,Wireless Earbuds,3,0,7500,2445.31
ORD-13836,2023-03-08,Consumer,North,Technology,Phones,Smartphone X,1,0.05,17100.0,1872.28
ORD-13837,2023-02-25,Consumer,East,Furniture,Tables,Standing Desk,5,0,60000,4097.9
ORD-13838,2024-02-29,Corporate,South,Technology,Accessories,Laptop Bag,1,0,1800,510.85
ORD-13839,2024-10-21,Corporate,West,Technology,Phones,Smartphone X,2,0.1,32400.0,2752.24
ORD-13840,2024-11-11,Consumer,North,Office Supplies,Paper,A4 Paper Pack,5,0,1750,647.22
ORD-13841,2023-07-05,Home Office,East,Technology,Machines,Laser Printer,1,0,9000,905.63
ORD-13842,2023-08-16,Consumer,North,Furniture,Tables,Standing Desk,2,0,24000,1842.3
ORD-13843,2023-11-12,Home Office,North,Office Supplies,Binders,Heavy Binder Set,5,0.2,2400.0,306.46
ORD-13844,2023-06-04,Corporate,North,Office Supplies,Storage,Storage Box,4,0,3600,778.99
ORD-13845,2024-09-24,Consumer,North,Technology,Accessories,Wireless Earbuds,4,0,10000,2762.62
ORD-13846,2024-03-03,Corporate,North,Furniture,Tables,Standing Desk,1,0,12000,1011.32
ORD-13847,2023-05-02,Consumer,North,Office Supplies,Storage,Storage Box,5,0.2,3600.0,349.42
ORD-13848,2023-04-10,Consumer,West,Office Supplies,Storage,Storage Box,4,0.2,2880.0,328.11
ORD-13849,2024-11-17,Corporate,East,Technology,Accessories,Wireless Earbuds,5,0,12500,4219.75
ORD-13850,2023-12-26,Consumer,North,Furniture,Tables,Standing Desk,4,0,48000,5203.95
ORD-13851,2023-01-29,Home Office,West,Office Supplies,Binders,Heavy Binder Set,3,0.1,1620.0,417.39
ORD-13852,2023-04-02,Consumer,North,Technology,Accessories,Laptop Bag,3,0,5400,1619.79
ORD-13853,2023-09-19,Corporate,South,Technology,Phones,Smartphone X,1,0.2,14400.0,-14.44
ORD-13854,2023-09-07,Home Office,South,Office Supplies,Paper,A4 Paper Pack,5,0.2,1400.0,314.53
ORD-13855,2023-10-18,Corporate,South,Office Supplies,Paper,A4 Paper Pack,5,0,1750,656.48
ORD-13856,2024-12-30,Consumer,North,Technology,Machines,Laser Printer,4,0.2,28800.0,-433.41
ORD-13857,2023-04-15,Consumer,West,Furniture,Bookcases,Wooden Bookcase,3,0.05,12825.0,1765.4
ORD-13858,2024-03-04,Corporate,West,Technology,Accessories,Laptop Bag,5,0,9000,2894.83
ORD-13859,2023-10-19,Home Office,South,Furniture,Tables,Standing Desk,5,0.1,54000.0,4242.13
ORD-13860,2024-12-19,Home Office,East,Technology,Phones,Smartphone X,3,0,54000,7952.46
ORD-13861,2023-11-16,Home Office,East,Furniture,Bookcases,Wooden Bookcase,4,0,18000,2506.49
ORD-13862,2024-10-16,Corporate,South,Technology,Machines,Laser Printer,4,0.2,28800.0,517.04
ORD-13863,2023-10-18,Corporate,West,Technology,Machines,Laser Printer,3,0.05,25650.0,2035.5
ORD-13864,2024-10-07,Corporate,East,Office Supplies,Binders,Heavy Binder Set,1,0.2,480.0,59.24
ORD-13865,2023-03-25,Corporate,South,Furniture,Chairs,Ergo Office Chair,1,0.05,6175.0,930.82
ORD-13866,2023-07-15,Consumer,West,Office Supplies,Storage,Storage Box,4,0,3600,1008.56
ORD-13867,2023-11-01,Consumer,West,Technology,Accessories,Laptop Bag,1,0.2,1440.0,261.73
ORD-13868,2023-04-12,Consumer,North,Technology,Machines,Laser Printer,1,0.05,8550.0,706.33
ORD-13869,2023-04-02,Consumer,South,Technology,Machines,Laser Printer,2,0,18000,1645.67
ORD-13870,2023-05-12,Corporate,East,Technology,Machines,Laser Printer,3,0,27000,3317.87
ORD-13871,2024-10-02,Home Office,East,Office Supplies,Storage,Storage Box,2,0,1800,521.99
ORD-13872,2023-01-25,Home Office,East,Furniture,Tables,Standing Desk,1,0,12000,1417.24
ORD-13873,2023-11-30,Consumer,North,Technology,Accessories,Wireless Earbuds,2,0,5000,1655.96
ORD-13874,2024-11-18,Corporate,South,Furniture,Bookcases,Wooden Bookcase,1,0,4500,564.93
ORD-13875,2023-05-04,Consumer,West,Office Supplies,Storage,Storage Box,5,0,4500,1277.47
ORD-13876,2023-08-06,Home Office,West,Furniture,Bookcases,Wooden Bookcase,4,0.1,16200.0,2080.79
ORD-13877,2024-01-19,Consumer,North,Technology,Phones,Smartphone X,2,0.1,32400.0,1340.57
ORD-13878,2024-10-21,Home Office,East,Technology,Accessories,Wireless Earbuds,5,0,12500,4160.03
ORD-13879,2023-07-02,Consumer,North,Technology,Accessories,Wireless Earbuds,5,0,12500,4121.59
ORD-13880,2024-11-14,Corporate,East,Furniture,Tables,Standing Desk,3,0.05,34200.0,2546.31
ORD-13881,2024-06-24,Home Office,South,Technology,Machines,Laser Printer,5,0,45000,4231.03
ORD-13882,2023-01-17,Home Office,North,Furniture,Chairs,Ergo Office Chair,3,0.05,18525.0,3492.09
ORD-13883,2024-05-11,Consumer,South,Furniture,Chairs,Ergo Office Chair,4,0.1,23400.0,2967.46
ORD-13884,2023-03-15,Consumer,West,Technology,Accessories,Laptop Bag,4,0,7200,2552.35
ORD-13885,2024-03-13,Corporate,West,Technology,Phones,Smartphone X,3,0,54000,7787.01
ORD-13886,2024-08-02,Consumer,East,Technology,Accessories,Laptop Bag,5,0,9000,3022.47
ORD-13887,2023-05-21,Home Office,North,Technology,Phones,Smartphone X,4,0.1,64800.0,7593.26
ORD-13888,2024-05-22,Home Office,West,Furniture,Bookcases,Wooden Bookcase,2,0.1,8100.0,798.81
ORD-13889,2023-01-12,Corporate,South,Technology,Accessories,Wireless Earbuds,1,0.05,2375.0,609.25
ORD-13890,2023-06-25,Consumer,West,Furniture,Tables,Standing Desk,3,0.05,34200.0,3471.11
ORD-13891,2023-08-28,Corporate,North,Office Supplies,Binders,Heavy Binder Set,4,0,2400,753.88
ORD-13892,2023-08-13,Home Office,North,Office Supplies,Storage,Storage Box,1,0,900,214.76
ORD-13893,2024-01-10,Home Office,South,Furniture,Chairs,Ergo Office Chair,4,0.2,20800.0,1079.05
ORD-13894,2024-04-15,Corporate,South,Office Supplies,Paper,A4 Paper Pack,3,0,1050,350.81
ORD-13895,2023-08-31,Consumer,South,Technology,Phones,Smartphone X,5,0,90000,13862.25
ORD-13896,2024-10-26,Consumer,East,Technology,Machines,Laser Printer,2,0,18000,2177.69
ORD-13897,2023-03-02,Corporate,South,Technology,Machines,Laser Printer,3,0,27000,3715.52
ORD-13898,2024-11-22,Corporate,East,Office Supplies,Paper,A4 Paper Pack,5,0,1750,588.37
ORD-13899,2023-12-04,Corporate,West,Technology,Accessories,Laptop Bag,1,0.05,1710.0,451.32
ORD-13900,2023-01-12,Consumer,South,Furniture,Tables,Standing Desk,2,0,24000,2308.18
ORD-13901,2023-06-16,Corporate,East,Technology,Machines,Laser Printer,5,0,45000,6032.36
ORD-13902,2023-05-17,Consumer,West,Furniture,Chairs,Ergo Office Chair,1,0,6500,1242.82
ORD-13903,2023-06-20,Corporate,South,Furniture,Tables,Standing Desk,1,0,12000,1300.9
ORD-13904,2024-10-28,Consumer,West,Technology,Accessories,Laptop Bag,5,0,9000,2838.69
ORD-13905,2023-08-11,Consumer,East,Technology,Machines,Laser Printer,5,0,45000,6585.19
ORD-13906,2023-03-07,Corporate,South,Office Supplies,Binders,Heavy Binder Set,5,0,3000,937.24
ORD-13907,2024-03-09,Consumer,West,Office Supplies,Paper,A4 Paper Pack,4,0.1,1260.0,336.16
ORD-13908,2023-06-16,Consumer,South,Technology,Machines,Laser Printer,3,0,27000,4257.74
ORD-13909,2024-03-06,Corporate,North,Office Supplies,Storage,Storage Box,1,0,900,227.28
ORD-13910,2023-05-19,Consumer,North,Technology,Phones,Smartphone X,4,0,72000,11067.4
ORD-13911,2024-02-27,Corporate,West,Furniture,Chairs,Ergo Office Chair,2,0,13000,2463.75
ORD-13912,2023-03-05,Consumer,East,Technology,Phones,Smartphone X,1,0,18000,2730.42
ORD-13913,2023-11-15,Corporate,East,Office Supplies,Paper,A4 Paper Pack,2,0,700,264.13
ORD-13914,2024-05-30,Home Office,East,Technology,Accessories,Wireless Earbuds,5,0.2,10000.0,1694.77
ORD-13915,2023-01-02,Consumer,South,Office Supplies,Binders,Heavy Binder Set,5,0.1,2700.0,661.37
ORD-13916,2023-01-01,Consumer,West,Furniture,Bookcases,Wooden Bookcase,2,0,9000,1524.89
ORD-13917,2024-04-23,Corporate,East,Office Supplies,Binders,Heavy Binder Set,4,0.1,2160.0,521.58
ORD-13918,2023-10-10,Home Office,North,Office Supplies,Binders,Heavy Binder Set,3,0,1800,495.93
ORD-13919,2024-03-27,Consumer,North,Furniture,Bookcases,Wooden Bookcase,2,0.2,7200.0,281.82
ORD-13920,2024-05-08,Corporate,North,Office Supplies,Binders,Heavy Binder Set,4,0.05,2280.0,608.58
ORD-13921,2023-09-16,Home Office,South,Office Supplies,Binders,Heavy Binder Set,4,0,2400,600.0
ORD-13922,2024-02-10,Home Office,North,Furniture,Bookcases,Wooden Bookcase,4,0.1,16200.0,881.21
ORD-13923,2024-08-11,Consumer,North,Technology,Accessories,Laptop Bag,1,0,1800,523.01
ORD-13924,2023-10-19,Corporate,West,Office Supplies,Storage,Storage Box,4,0,3600,867.28
ORD-13925,2023-06-03,Corporate,North,Furniture,Chairs,Ergo Office Chair,2,0,13000,2026.36
ORD-13926,2024-01-30,Corporate,East,Technology,Accessories,Laptop Bag,2,0,3600,1258.27
ORD-13927,2024-04-21,Consumer,North,Furniture,Bookcases,Wooden Bookcase,4,0,18000,3292.73
ORD-13928,2023-08-03,Consumer,North,Technology,Machines,Laser Printer,5,0,45000,4293.23
ORD-13929,2024-11-20,Consumer,South,Furniture,Chairs,Ergo Office Chair,4,0,26000,5247.65
ORD-13930,2024-10-07,Corporate,West,Technology,Accessories,Wireless Earbuds,2,0,5000,1403.86
ORD-13931,2023-10-12,Home Office,East,Furniture,Chairs,Ergo Office Chair,2,0.05,12350.0,2104.41
ORD-13932,2023-03-19,Corporate,North,Office Supplies,Storage,Storage Box,2,0.2,1440.0,186.85
ORD-13933,2024-10-13,Consumer,North,Furniture,Bookcases,Wooden Bookcase,2,0.1,8100.0,495.37
ORD-13934,2024-07-29,Corporate,West,Technology,Phones,Smartphone X,4,0,72000,8142.72
ORD-13935,2023-08-09,Corporate,North,Office Supplies,Paper,A4 Paper Pack,4,0,1400,531.61
ORD-13936,2024-08-18,Corporate,South,Office Supplies,Binders,Heavy Binder Set,2,0,1200,318.33
ORD-13937,2024-12-06,Corporate,West,Furniture,Chairs,Ergo Office Chair,4,0,26000,5039.09
ORD-13938,2024-03-26,Corporate,West,Office Supplies,Paper,A4 Paper Pack,3,0.1,945.0,269.61
ORD-13939,2023-05-01,Consumer,North,Furniture,Tables,Standing Desk,5,0,60000,6999.16
ORD-13940,2023-08-19,Home Office,South,Technology,Machines,Laser Printer,3,0,27000,4230.52
ORD-13941,2024-12-12,Corporate,North,Office Supplies,Paper,A4 Paper Pack,3,0.05,997.5,321.9
ORD-13942,2023-04-18,Corporate,West,Technology,Phones,Smartphone X,4,0,72000,11524.0
ORD-13943,2023-05-15,Corporate,South,Furniture,Chairs,Ergo Office Chair,3,0.2,15600.0,339.19
ORD-13944,2023-07-13,Consumer,East,Furniture,Tables,Standing Desk,2,0,24000,1691.5
ORD-13945,2023-11-19,Consumer,East,Furniture,Bookcases,Wooden Bookcase,1,0,4500,548.04
ORD-13946,2024-10-20,Home Office,North,Office Supplies,Binders,Heavy Binder Set,5,0.2,2400.0,467.5
ORD-13947,2023-08-04,Consumer,East,Furniture,Bookcases,Wooden Bookcase,4,0.2,14400.0,509.46
ORD-13948,2023-03-29,Corporate,North,Office Supplies,Storage,Storage Box,3,0.2,2160.0,307.66
ORD-13949,2023-06-03,Corporate,South,Technology,Accessories,Laptop Bag,5,0,9000,2587.4
ORD-13950,2024-07-25,Consumer,North,Furniture,Chairs,Ergo Office Chair,4,0.2,20800.0,1632.61
ORD-13951,2024-11-12,Corporate,West,Furniture,Tables,Standing Desk,3,0,36000,4227.17
ORD-13952,2023-10-25,Home Office,South,Office Supplies,Binders,Heavy Binder Set,1,0.05,570.0,128.69
ORD-13953,2024-05-08,Consumer,South,Office Supplies,Storage,Storage Box,4,0,3600,757.25
ORD-13954,2024-10-14,Home Office,East,Technology,Machines,Laser Printer,1,0,9000,1361.77
ORD-13955,2024-01-04,Home Office,South,Furniture,Tables,Standing Desk,2,0.05,22800.0,2174.4
ORD-13956,2023-06-03,Corporate,North,Furniture,Chairs,Ergo Office Chair,4,0.05,24700.0,4052.17
ORD-13957,2024-11-26,Corporate,West,Office Supplies,Storage,Storage Box,2,0.2,1440.0,191.84
ORD-13958,2024-06-17,Corporate,East,Technology,Accessories,Wireless Earbuds,2,0.05,4750.0,1095.82
ORD-13959,2024-03-21,Home Office,East,Furniture,Tables,Standing Desk,4,0.1,43200.0,459.93
ORD-13960,2024-11-06,Consumer,South,Furniture,Tables,Standing Desk,5,0.2,48000.0,322.34
ORD-13961,2023-04-20,Consumer,East,Technology,Accessories,Laptop Bag,3,0,5400,1904.3
ORD-13962,2023-02-07,Corporate,West,Technology,Phones,Smartphone X,1,0,18000,3094.45
ORD-13963,2023-03-24,Home Office,North,Furniture,Bookcases,Wooden Bookcase,5,0.2,18000.0,814.93
ORD-13964,2024-02-01,Home Office,North,Technology,Phones,Smartphone X,2,0.1,32400.0,3197.88
ORD-13965,2023-08-03,Consumer,North,Technology,Accessories,Wireless Earbuds,1,0,2500,662.29
ORD-13966,2023-09-19,Consumer,East,Office Supplies,Paper,A4 Paper Pack,5,0,1750,553.12
ORD-13967,2023-05-24,Corporate,East,Technology,Accessories,Wireless Earbuds,3,0.1,6750.0,1698.69
ORD-13968,2023-12-04,Home Office,North,Furniture,Bookcases,Wooden Bookcase,5,0,22500,2829.75
ORD-13969,2023-03-19,Corporate,North,Office Supplies,Paper,A4 Paper Pack,5,0,1750,595.9
ORD-13970,2023-12-23,Home Office,North,Office Supplies,Binders,Heavy Binder Set,5,0,3000,728.66
ORD-13971,2023-04-27,Home Office,South,Office Supplies,Binders,Heavy Binder Set,1,0.05,570.0,160.62
ORD-13972,2023-12-21,Home Office,West,Technology,Accessories,Wireless Earbuds,4,0,10000,2685.36
ORD-13973,2023-11-11,Home Office,West,Office Supplies,Storage,Storage Box,4,0,3600,780.53
ORD-13974,2024-09-02,Home Office,South,Office Supplies,Paper,A4 Paper Pack,4,0,1400,498.86
ORD-13975,2024-05-03,Consumer,East,Technology,Machines,Laser Printer,4,0,36000,4252.29
ORD-13976,2024-10-01,Corporate,East,Furniture,Bookcases,Wooden Bookcase,5,0,22500,3149.86
ORD-13977,2024-04-18,Corporate,South,Technology,Accessories,Wireless Earbuds,5,0,12500,3671.98
ORD-13978,2024-02-04,Home Office,South,Furniture,Chairs,Ergo Office Chair,3,0,19500,4270.33
ORD-13979,2023-08-01,Corporate,West,Office Supplies,Paper,A4 Paper Pack,4,0.2,1120.0,225.53
ORD-13980,2023-09-09,Corporate,West,Technology,Phones,Smartphone X,1,0.2,14400.0,92.45
ORD-13981,2023-11-13,Consumer,North,Office Supplies,Binders,Heavy Binder Set,5,0,3000,721.03
ORD-13982,2023-04-24,Corporate,South,Office Supplies,Storage,Storage Box,3,0,2700,601.04
ORD-13983,2023-12-18,Home Office,South,Office Supplies,Paper,A4 Paper Pack,4,0.1,1260.0,371.47
ORD-13984,2023-07-11,Consumer,East,Technology,Accessories,Wireless Earbuds,3,0.2,6000.0,1180.86
ORD-13985,2023-04-05,Consumer,North,Office Supplies,Storage,Storage Box,3,0,2700,659.12
ORD-13986,2024-08-16,Home Office,West,Office Supplies,Binders,Heavy Binder Set,2,0,1200,339.38
ORD-13987,2023-04-04,Home Office,South,Technology,Phones,Smartphone X,4,0,72000,10400.08
ORD-13988,2024-11-28,Consumer,North,Office Supplies,Binders,Heavy Binder Set,4,0.05,2280.0,646.58
ORD-13989,2024-10-11,Home Office,West,Office Supplies,Storage,Storage Box,3,0,2700,635.91
ORD-13990,2024-04-25,Consumer,North,Office Supplies,Paper,A4 Paper Pack,2,0,700,260.69
ORD-13991,2023-11-23,Consumer,East,Technology,Accessories,Wireless Earbuds,2,0,5000,1319.22
ORD-13992,2023-04-16,Home Office,North,Furniture,Tables,Standing Desk,3,0.05,34200.0,1618.63
ORD-13993,2023-09-20,Home Office,West,Office Supplies,Binders,Heavy Binder Set,4,0.05,2280.0,495.93
ORD-13994,2024-11-17,Corporate,East,Technology,Accessories,Laptop Bag,5,0.2,7200.0,1425.45
ORD-13995,2024-06-07,Corporate,West,Office Supplies,Paper,A4 Paper Pack,3,0.05,997.5,311.43
ORD-13996,2023-08-11,Home Office,South,Technology,Accessories,Laptop Bag,5,0.2,7200.0,1544.41
ORD-13997,2023-05-27,Corporate,South,Furniture,Tables,Standing Desk,1,0,12000,1310.39
ORD-13998,2023-05-02,Home Office,East,Furniture,Tables,Standing Desk,2,0.2,19200.0,-568.53
ORD-13999,2023-05-28,Consumer,South,Office Supplies,Binders,Heavy Binder Set,5,0,3000,949.73
ORD-14000,2024-09-11,Home Office,North,Technology,Accessories,Laptop Bag,1,0,1800,539.12
ORD-14001,2023-12-04,Corporate,North,Furniture,Bookcases,Wooden Bookcase,3,0.05,12825.0,1715.23
ORD-14002,2024-07-16,Consumer,East,Furniture,Bookcases,Wooden Bookcase,4,0.2,14400.0,531.93
ORD-14003,2023-01-28,Consumer,West,Technology,Accessories,Wireless Earbuds,1,0,2500,729.39
ORD-14004,2023-01-07,Home Office,South,Office Supplies,Storage,Storage Box,1,0,900,217.9
ORD-14005,2024-05-07,Home Office,South,Office Supplies,Binders,Heavy Binder Set,3,0.1,1620.0,350.66
ORD-14006,2023-06-15,Corporate,West,Furniture,Tables,Standing Desk,5,0.1,54000.0,3083.31
ORD-14007,2024-10-21,Corporate,West,Technology,Accessories,Laptop Bag,2,0,3600,1089.7
ORD-14008,2024-02-23,Home Office,West,Furniture,Tables,Standing Desk,4,0,48000,6605.95
ORD-14009,2024-12-21,Consumer,North,Office Supplies,Paper,A4 Paper Pack,3,0.2,840.0,215.49
ORD-14010,2024-10-09,Home Office,West,Technology,Accessories,Wireless Earbuds,4,0.2,8000.0,1208.77
ORD-14011,2023-11-10,Home Office,East,Technology,Machines,Laser Printer,5,0,45000,4717.36
ORD-14012,2023-07-18,Consumer,East,Technology,Accessories,Laptop Bag,2,0.2,2880.0,575.55
ORD-14013,2023-01-02,Home Office,North,Technology,Phones,Smartphone X,2,0,36000,5172.78
ORD-14014,2023-03-06,Consumer,East,Office Supplies,Paper,A4 Paper Pack,1,0,350,110.91
ORD-14015,2023-07-30,Home Office,South,Technology,Machines,Laser Printer,4,0,36000,4033.86
ORD-14016,2024-06-22,Home Office,South,Furniture,Chairs,Ergo Office Chair,2,0,13000,2754.54
ORD-14017,2023-10-13,Consumer,North,Furniture,Chairs,Ergo Office Chair,1,0,6500,1381.68
ORD-14018,2024-03-08,Home Office,West,Office Supplies,Storage,Storage Box,5,0.1,4050.0,683.57
ORD-14019,2024-01-17,Consumer,South,Technology,Phones,Smartphone X,3,0.1,48600.0,5704.38
ORD-14020,2023-09-10,Home Office,South,Furniture,Tables,Standing Desk,1,0,12000,1242.0
ORD-14021,2024-04-04,Corporate,South,Technology,Phones,Smartphone X,5,0.2,72000.0,-114.54
ORD-14022,2024-04-10,Corporate,West,Office Supplies,Paper,A4 Paper Pack,4,0,1400,461.15
ORD-14023,2023-05-09,Consumer,West,Technology,Phones,Smartphone X,5,0,90000,10010.38
ORD-14024,2024-01-16,Home Office,East,Furniture,Bookcases,Wooden Bookcase,5,0,22500,3878.66
ORD-14025,2024-07-21,Consumer,North,Technology,Phones,Smartphone X,3,0.2,43200.0,-102.68
ORD-14026,2024-12-18,Consumer,North,Office Supplies,Storage,Storage Box,2,0.2,1440.0,219.43
ORD-14027,2024-09-29,Home Office,East,Office Supplies,Paper,A4 Paper Pack,4,0,1400,501.72
ORD-14028,2024-12-17,Home Office,East,Technology,Accessories,Wireless Earbuds,5,0.1,11250.0,3138.69
ORD-14029,2023-04-16,Corporate,East,Office Supplies,Paper,A4 Paper Pack,5,0,1750,608.91
ORD-14030,2024-04-21,Home Office,North,Technology,Accessories,Wireless Earbuds,4,0.05,9500.0,2509.63
ORD-14031,2024-01-08,Home Office,South,Office Supplies,Binders,Heavy Binder Set,4,0,2400,702.37
ORD-14032,2023-11-01,Home Office,East,Furniture,Chairs,Ergo Office Chair,4,0.1,23400.0,2856.61
ORD-14033,2023-01-19,Consumer,South,Office Supplies,Paper,A4 Paper Pack,2,0.05,665.0,235.37
ORD-14034,2023-05-19,Home Office,North,Office Supplies,Paper,A4 Paper Pack,4,0.05,1330.0,427.17
ORD-14035,2024-02-23,Corporate,East,Furniture,Chairs,Ergo Office Chair,4,0.2,20800.0,1076.74
ORD-14036,2023-05-08,Home Office,North,Office Supplies,Storage,Storage Box,5,0.2,3600.0,580.89
ORD-14037,2023-12-07,Home Office,North,Technology,Accessories,Laptop Bag,5,0,9000,3102.06
ORD-14038,2023-04-12,Consumer,West,Furniture,Bookcases,Wooden Bookcase,5,0.05,21375.0,2531.27
ORD-14039,2023-08-31,Home Office,South,Technology,Accessories,Laptop Bag,4,0.05,6840.0,1872.18
ORD-14040,2024-11-02,Consumer,East,Furniture,Bookcases,Wooden Bookcase,5,0,22500,3045.76
ORD-14041,2023-04-04,Home Office,South,Office Supplies,Binders,Heavy Binder Set,1,0.05,570.0,134.73
ORD-14042,2024-02-24,Corporate,North,Technology,Machines,Laser Printer,5,0,45000,6722.65
ORD-14043,2024-01-27,Corporate,West,Office Supplies,Binders,Heavy Binder Set,1,0.2,480.0,61.98
ORD-14044,2023-01-30,Consumer,East,Furniture,Bookcases,Wooden Bookcase,1,0,4500,753.62
ORD-14045,2023-07-22,Corporate,East,Technology,Machines,Laser Printer,5,0.05,42750.0,4056.73
ORD-14046,2024-04-15,Consumer,South,Technology,Phones,Smartphone X,2,0.2,28800.0,-537.61
ORD-14047,2023-01-14,Consumer,West,Technology,Accessories,Wireless Earbuds,2,0,5000,1553.45
ORD-14048,2024-09-09,Consumer,West,Technology,Phones,Smartphone X,4,0,72000,8184.47
ORD-14049,2024-05-01,Consumer,South,Technology,Accessories,Laptop Bag,3,0,5400,1942.04
ORD-14050,2024-09-21,Home Office,North,Office Supplies,Paper,A4 Paper Pack,5,0,1750,657.42
ORD-14051,2023-10-15,Consumer,South,Technology,Phones,Smartphone X,1,0.05,17100.0,2071.07
ORD-14052,2024-08-23,Consumer,East,Technology,Machines,Laser Printer,4,0.2,28800.0,485.19
ORD-14053,2024-06-01,Home Office,East,Technology,Accessories,Laptop Bag,4,0,7200,2153.79
ORD-14054,2024-12-28,Home Office,East,Furniture,Bookcases,Wooden Bookcase,4,0.2,14400.0,-37.99
ORD-14055,2023-08-18,Corporate,East,Technology,Accessories,Laptop Bag,3,0.05,5130.0,1560.87
ORD-14056,2023-02-07,Corporate,East,Office Supplies,Paper,A4 Paper Pack,5,0.05,1662.5,570.44
ORD-14057,2023-07-10,Consumer,East,Furniture,Bookcases,Wooden Bookcase,2,0,9000,1227.82
ORD-14058,2023-10-12,Corporate,East,Office Supplies,Paper,A4 Paper Pack,5,0.1,1575.0,477.25
ORD-14059,2024-11-12,Corporate,South,Office Supplies,Storage,Storage Box,2,0.2,1440.0,215.72
ORD-14060,2024-08-03,Corporate,West,Office Supplies,Storage,Storage Box,2,0.2,1440.0,237.86
ORD-14061,2024-04-08,Corporate,East,Office Supplies,Paper,A4 Paper Pack,4,0,1400,482.63
ORD-14062,2024-01-14,Corporate,West,Furniture,Chairs,Ergo Office Chair,2,0,13000,2715.1
ORD-14063,2023-10-02,Corporate,South,Office Supplies,Binders,Heavy Binder Set,1,0.1,540.0,136.13
ORD-14064,2023-04-30,Home Office,East,Office Supplies,Paper,A4 Paper Pack,5,0.1,1575.0,421.27
ORD-14065,2023-08-15,Home Office,North,Office Supplies,Paper,A4 Paper Pack,5,0.2,1400.0,303.77
ORD-14066,2023-09-25,Home Office,North,Furniture,Tables,Standing Desk,3,0,36000,3200.19
ORD-14067,2024-03-13,Home Office,North,Office Supplies,Storage,Storage Box,3,0.05,2565.0,556.81
ORD-14068,2023-02-08,Home Office,South,Furniture,Chairs,Ergo Office Chair,3,0,19500,4161.71
ORD-14069,2024-02-20,Corporate,South,Office Supplies,Binders,Heavy Binder Set,4,0,2400,751.62
ORD-14070,2024-09-16,Corporate,North,Technology,Accessories,Laptop Bag,3,0,5400,1786.29
ORD-14071,2023-07-01,Home Office,East,Technology,Phones,Smartphone X,1,0.05,17100.0,1385.38
ORD-14072,2023-03-24,Consumer,East,Technology,Phones,Smartphone X,2,0.2,28800.0,1030.35
ORD-14073,2024-12-26,Consumer,East,Technology,Phones,Smartphone X,2,0.1,32400.0,1540.2
ORD-14074,2023-06-20,Home Office,South,Technology,Accessories,Wireless Earbuds,2,0.05,4750.0,1319.22
ORD-14075,2024-09-01,Home Office,North,Office Supplies,Binders,Heavy Binder Set,5,0,3000,765.14
ORD-14076,2023-03-25,Consumer,West,Furniture,Chairs,Ergo Office Chair,3,0.1,17550.0,1444.99
ORD-14077,2023-09-26,Home Office,West,Office Supplies,Binders,Heavy Binder Set,3,0,1800,511.4
ORD-14078,2024-10-29,Corporate,West,Furniture,Bookcases,Wooden Bookcase,1,0.2,3600.0,-21.28
ORD-14079,2023-06-17,Corporate,East,Furniture,Chairs,Ergo Office Chair,5,0.2,26000.0,1927.95
ORD-14080,2023-09-15,Consumer,North,Technology,Accessories,Wireless Earbuds,3,0.2,6000.0,1203.17
ORD-14081,2024-03-05,Corporate,East,Furniture,Bookcases,Wooden Bookcase,1,0,4500,666.59
ORD-14082,2024-09-04,Consumer,West,Furniture,Bookcases,Wooden Bookcase,2,0.2,7200.0,189.36
ORD-14083,2023-04-12,Consumer,South,Technology,Machines,Laser Printer,5,0,45000,5096.64
ORD-14084,2023-11-23,Home Office,East,Office Supplies,Paper,A4 Paper Pack,1,0,350,132.18
ORD-14085,2024-09-05,Home Office,South,Furniture,Bookcases,Wooden Bookcase,4,0.2,14400.0,687.64
ORD-14086,2024-07-15,Consumer,East,Furniture,Tables,Standing Desk,1,0,12000,1443.13
ORD-14087,2024-01-20,Home Office,North,Office Supplies,Storage,Storage Box,4,0.05,3420.0,659.32
ORD-14088,2023-11-10,Consumer,North,Furniture,Chairs,Ergo Office Chair,1,0.1,5850.0,857.5
ORD-14089,2024-08-06,Consumer,West,Furniture,Chairs,Ergo Office Chair,5,0.1,29250.0,3126.3
ORD-14090,2024-07-03,Corporate,South,Technology,Phones,Smartphone X,3,0,54000,5540.34
ORD-14091,2024-11-06,Consumer,South,Technology,Machines,Laser Printer,4,0.05,34200.0,2332.62
ORD-14092,2024-11-29,Home Office,North,Furniture,Chairs,Ergo Office Chair,3,0,19500,4021.34
ORD-14093,2023-08-20,Consumer,North,Furniture,Bookcases,Wooden Bookcase,1,0.2,3600.0,48.02
ORD-14094,2023-04-20,Consumer,South,Technology,Accessories,Laptop Bag,2,0.05,3420.0,936.47
ORD-14095,2024-02-10,Corporate,East,Furniture,Chairs,Ergo Office Chair,1,0,6500,1042.78
ORD-14096,2024-07-20,Home Office,North,Office Supplies,Binders,Heavy Binder Set,4,0.05,2280.0,512.51
ORD-14097,2023-03-24,Corporate,East,Furniture,Bookcases,Wooden Bookcase,3,0.1,12150.0,631.1
ORD-14098,2023-05-26,Corporate,South,Technology,Accessories,Wireless Earbuds,5,0.2,10000.0,1562.5
ORD-14099,2023-11-19,Consumer,North,Technology,Accessories,Laptop Bag,3,0,5400,1907.43
ORD-14100,2024-05-20,Home Office,North,Technology,Machines,Laser Printer,5,0.05,42750.0,3791.56
ORD-14101,2023-08-29,Home Office,West,Office Supplies,Paper,A4 Paper Pack,2,0.2,560.0,132.59
ORD-14102,2024-03-20,Consumer,South,Office Supplies,Paper,A4 Paper Pack,3,0,1050,401.91
ORD-14103,2024-01-08,Home Office,North,Office Supplies,Paper,A4 Paper Pack,2,0.2,560.0,133.92
ORD-14104,2024-06-23,Consumer,South,Office Supplies,Binders,Heavy Binder Set,2,0.1,1080.0,207.85
ORD-14105,2023-10-23,Corporate,West,Technology,Accessories,Wireless Earbuds,3,0.05,7125.0,1762.91
ORD-14106,2024-07-28,Home Office,West,Technology,Accessories,Wireless Earbuds,1,0,2500,677.38
ORD-14107,2023-12-23,Home Office,North,Office Supplies,Binders,Heavy Binder Set,3,0,1800,554.46
ORD-14108,2023-10-07,Consumer,North,Furniture,Chairs,Ergo Office Chair,1,0,6500,1052.57
ORD-14109,2024-08-20,Corporate,South,Technology,Machines,Laser Printer,1,0,9000,1278.8
ORD-14110,2024-02-15,Home Office,East,Office Supplies,Storage,Storage Box,5,0,4500,1264.34
ORD-14111,2024-04-14,Corporate,West,Technology,Phones,Smartphone X,2,0.1,32400.0,2115.61
ORD-14112,2024-07-15,Corporate,North,Technology,Phones,Smartphone X,2,0.2,28800.0,1219.07
ORD-14113,2024-03-20,Corporate,East,Furniture,Chairs,Ergo Office Chair,3,0.05,18525.0,3052.69
ORD-14114,2023-08-12,Consumer,West,Technology,Accessories,Wireless Earbuds,5,0.2,10000.0,1978.88
ORD-14115,2024-02-01,Home Office,South,Technology,Accessories,Wireless Earbuds,1,0,2500,827.73
ORD-14116,2023-11-26,Consumer,East,Technology,Accessories,Wireless Earbuds,1,0,2500,670.03
ORD-14117,2023-10-09,Consumer,North,Technology,Accessories,Wireless Earbuds,5,0,12500,3409.68
ORD-14118,2023-06-26,Consumer,North,Office Supplies,Storage,Storage Box,2,0,1800,492.64
ORD-14119,2024-07-23,Consumer,West,Furniture,Chairs,Ergo Office Chair,1,0.2,5200.0,264.88
ORD-14120,2023-06-17,Home Office,North,Technology,Phones,Smartphone X,2,0.1,32400.0,2761.36
ORD-14121,2024-04-22,Consumer,West,Office Supplies,Binders,Heavy Binder Set,2,0.2,960.0,144.41
ORD-14122,2024-07-06,Corporate,South,Technology,Accessories,Laptop Bag,3,0.2,4320.0,859.19
ORD-14123,2023-02-04,Home Office,North,Technology,Phones,Smartphone X,3,0,54000,5749.02
ORD-14124,2024-07-30,Consumer,East,Office Supplies,Binders,Heavy Binder Set,1,0.05,570.0,124.9
ORD-14125,2024-02-16,Consumer,South,Technology,Phones,Smartphone X,5,0.1,81000.0,5317.75
ORD-14126,2023-12-04,Home Office,North,Office Supplies,Storage,Storage Box,3,0,2700,732.19
ORD-14127,2024-04-02,Corporate,West,Furniture,Tables,Standing Desk,3,0,36000,4852.05
ORD-14128,2023-04-17,Consumer,South,Office Supplies,Paper,A4 Paper Pack,3,0,1050,358.22
ORD-14129,2023-12-01,Home Office,North,Office Supplies,Binders,Heavy Binder Set,1,0,600,165.08
ORD-14130,2024-05-21,Corporate,South,Office Supplies,Storage,Storage Box,5,0.05,4275.0,1026.03
ORD-14131,2024-03-05,Corporate,West,Office Supplies,Paper,A4 Paper Pack,1,0,350,129.28
ORD-14132,2024-02-03,Corporate,North,Technology,Phones,Smartphone X,3,0,54000,7535.89
ORD-14133,2023-05-27,Consumer,South,Office Supplies,Storage,Storage Box,4,0.2,2880.0,325.21
ORD-14134,2024-06-21,Consumer,East,Furniture,Chairs,Ergo Office Chair,3,0.2,15600.0,787.21
ORD-14135,2023-08-12,Consumer,South,Office Supplies,Paper,A4 Paper Pack,4,0,1400,489.35
ORD-14136,2023-01-01,Consumer,East,Technology,Accessories,Wireless Earbuds,1,0.05,2375.0,625.31
ORD-14137,2023-05-11,Consumer,North,Technology,Accessories,Wireless Earbuds,3,0,7500,2127.31
ORD-14138,2024-03-17,Corporate,East,Office Supplies,Storage,Storage Box,4,0,3600,1011.51
ORD-14139,2023-12-18,Home Office,West,Furniture,Tables,Standing Desk,4,0,48000,4328.09
ORD-14140,2024-03-11,Home Office,South,Office Supplies,Binders,Heavy Binder Set,1,0,600,162.12
ORD-14141,2023-01-03,Home Office,South,Furniture,Tables,Standing Desk,5,0,60000,5934.82
ORD-14142,2023-10-26,Consumer,South,Furniture,Chairs,Ergo Office Chair,1,0,6500,1209.86
ORD-14143,2024-07-29,Corporate,North,Technology,Accessories,Laptop Bag,1,0.2,1440.0,304.57
ORD-14144,2023-10-14,Corporate,North,Technology,Accessories,Laptop Bag,2,0,3600,1026.55
ORD-14145,2023-10-10,Corporate,South,Technology,Machines,Laser Printer,5,0,45000,3895.04
ORD-14146,2023-04-07,Consumer,North,Technology,Machines,Laser Printer,3,0.05,25650.0,1537.11
ORD-14147,2023-03-07,Corporate,North,Technology,Accessories,Wireless Earbuds,4,0.2,8000.0,1493.37
ORD-14148,2024-09-18,Home Office,East,Office Supplies,Binders,Heavy Binder Set,3,0.2,1440.0,224.43
ORD-14149,2024-09-07,Home Office,North,Office Supplies,Binders,Heavy Binder Set,3,0.1,1620.0,371.21
ORD-14150,2023-08-26,Corporate,West,Technology,Machines,Laser Printer,1,0.05,8550.0,512.48
ORD-14151,2024-08-06,Home Office,North,Office Supplies,Paper,A4 Paper Pack,3,0.1,945.0,292.03
ORD-14152,2024-12-28,Home Office,East,Technology,Phones,Smartphone X,4,0,72000,10036.89
ORD-14153,2023-10-30,Consumer,South,Furniture,Chairs,Ergo Office Chair,1,0.05,6175.0,778.11
ORD-14154,2024-03-13,Home Office,West,Furniture,Bookcases,Wooden Bookcase,3,0.05,12825.0,1865.24
ORD-14155,2023-03-19,Corporate,North,Technology,Accessories,Laptop Bag,3,0.1,4860.0,1228.81
ORD-14156,2023-03-08,Home Office,North,Furniture,Chairs,Ergo Office Chair,5,0.2,26000.0,1997.9
ORD-14157,2023-10-20,Home Office,North,Technology,Machines,Laser Printer,1,0,9000,1269.8
ORD-14158,2024-01-01,Home Office,South,Office Supplies,Paper,A4 Paper Pack,4,0,1400,455.11
ORD-14159,2023-03-28,Consumer,North,Furniture,Chairs,Ergo Office Chair,2,0.05,12350.0,2268.37
ORD-14160,2023-12-12,Consumer,East,Office Supplies,Storage,Storage Box,3,0,2700,691.93
ORD-14161,2024-05-22,Home Office,East,Technology,Phones,Smartphone X,2,0.05,34200.0,4234.11
ORD-14162,2024-07-07,Corporate,West,Furniture,Bookcases,Wooden Bookcase,5,0,22500,3381.34
ORD-14163,2024-10-27,Consumer,South,Furniture,Chairs,Ergo Office Chair,5,0.1,29250.0,3622.69
ORD-14164,2023-12-20,Consumer,East,Furniture,Tables,Standing Desk,2,0.1,21600.0,1092.3
ORD-14165,2024-07-27,Consumer,South,Furniture,Bookcases,Wooden Bookcase,1,0.05,4275.0,618.58
ORD-14166,2023-08-31,Consumer,North,Technology,Accessories,Wireless Earbuds,3,0.05,7125.0,2133.31
ORD-14167,2024-08-28,Consumer,West,Technology,Machines,Laser Printer,2,0.05,17100.0,1964.58
ORD-14168,2023-06-25,Consumer,East,Technology,Accessories,Laptop Bag,3,0,5400,1623.55
ORD-14169,2023-08-28,Consumer,South,Technology,Accessories,Wireless Earbuds,3,0.05,7125.0,1762.8
ORD-14170,2023-01-07,Home Office,East,Office Supplies,Binders,Heavy Binder Set,5,0.05,2850.0,717.36
ORD-14171,2024-07-26,Home Office,East,Technology,Accessories,Laptop Bag,1,0.2,1440.0,298.04
ORD-14172,2023-09-30,Corporate,North,Technology,Accessories,Laptop Bag,5,0.05,8550.0,2230.26
ORD-14173,2024-02-17,Corporate,West,Technology,Accessories,Laptop Bag,5,0,9000,3025.89
ORD-14174,2024-04-12,Consumer,West,Furniture,Chairs,Ergo Office Chair,3,0.2,15600.0,1492.24
ORD-14175,2023-10-26,Home Office,West,Technology,Accessories,Wireless Earbuds,1,0,2500,693.16
ORD-14176,2023-05-25,Consumer,North,Office Supplies,Paper,A4 Paper Pack,4,0,1400,487.56
ORD-14177,2023-12-18,Consumer,East,Furniture,Chairs,Ergo Office Chair,3,0,19500,3831.9
ORD-14178,2023-04-10,Corporate,North,Technology,Machines,Laser Printer,2,0.2,14400.0,404.33
ORD-14179,2024-05-22,Consumer,South,Office Supplies,Storage,Storage Box,2,0,1800,437.3
ORD-14180,2024-06-24,Consumer,North,Office Supplies,Paper,A4 Paper Pack,3,0,1050,401.25
ORD-14181,2024-04-22,Home Office,East,Furniture,Tables,Standing Desk,3,0,36000,2644.4
ORD-14182,2023-04-27,Corporate,North,Technology,Phones,Smartphone X,2,0.2,28800.0,67.99
ORD-14183,2024-05-29,Consumer,North,Furniture,Tables,Standing Desk,4,0.05,45600.0,2648.58
ORD-14184,2024-05-06,Corporate,West,Office Supplies,Storage,Storage Box,4,0.2,2880.0,274.2
ORD-14185,2024-12-25,Corporate,West,Technology,Phones,Smartphone X,5,0.1,81000.0,5086.85
ORD-14186,2023-09-22,Consumer,West,Technology,Accessories,Laptop Bag,5,0.1,8100.0,2239.93
ORD-14187,2023-01-30,Consumer,North,Furniture,Tables,Standing Desk,2,0,24000,3050.44
ORD-14188,2024-01-07,Consumer,North,Technology,Machines,Laser Printer,4,0,36000,4802.1
ORD-14189,2024-04-17,Consumer,South,Furniture,Bookcases,Wooden Bookcase,4,0,18000,2867.76
ORD-14190,2023-01-27,Corporate,West,Technology,Machines,Laser Printer,2,0.05,17100.0,1377.89
ORD-14191,2024-03-03,Home Office,East,Office Supplies,Paper,A4 Paper Pack,5,0,1750,651.05
ORD-14192,2023-06-25,Consumer,North,Office Supplies,Storage,Storage Box,4,0,3600,919.78
ORD-14193,2024-04-04,Home Office,South,Office Supplies,Storage,Storage Box,2,0.1,1620.0,330.71
ORD-14194,2024-08-01,Consumer,East,Furniture,Tables,Standing Desk,2,0,24000,2695.11
ORD-14195,2023-01-02,Corporate,West,Office Supplies,Paper,A4 Paper Pack,2,0.1,630.0,195.03
ORD-14196,2023-05-24,Consumer,East,Furniture,Tables,Standing Desk,5,0.1,54000.0,2611.47
ORD-14197,2023-06-06,Corporate,East,Furniture,Bookcases,Wooden Bookcase,1,0.2,3600.0,115.72
ORD-14198,2024-06-23,Consumer,East,Office Supplies,Storage,Storage Box,4,0,3600,989.84
ORD-14199,2023-07-07,Consumer,East,Office Supplies,Storage,Storage Box,2,0.05,1710.0,436.91
ORD-14200,2023-09-16,Consumer,East,Office Supplies,Binders,Heavy Binder Set,3,0,1800,480.96
ORD-14201,2023-05-03,Home Office,East,Office Supplies,Storage,Storage Box,5,0.1,4050.0,927.84
ORD-14202,2024-10-11,Home Office,West,Office Supplies,Binders,Heavy Binder Set,1,0,600,171.33
ORD-14203,2023-08-01,Corporate,West,Furniture,Chairs,Ergo Office Chair,3,0.1,17550.0,1538.96
ORD-14204,2023-09-04,Home Office,South,Furniture,Tables,Standing Desk,4,0,48000,5961.86
ORD-14205,2023-01-04,Home Office,West,Technology,Accessories,Laptop Bag,5,0,9000,2717.26
ORD-14206,2023-06-09,Home Office,West,Furniture,Tables,Standing Desk,3,0.2,28800.0,-46.71
ORD-14207,2024-05-05,Home Office,East,Office Supplies,Storage,Storage Box,4,0.05,3420.0,738.71
ORD-14208,2023-12-03,Home Office,North,Office Supplies,Paper,A4 Paper Pack,1,0.05,332.5,111.73
ORD-14209,2024-10-06,Corporate,West,Office Supplies,Paper,A4 Paper Pack,5,0,1750,554.4
ORD-14210,2024-10-30,Corporate,West,Technology,Accessories,Wireless Earbuds,1,0,2500,809.68
ORD-14211,2023-03-19,Home Office,East,Office Supplies,Paper,A4 Paper Pack,4,0,1400,480.91
ORD-14212,2023-01-01,Corporate,North,Furniture,Bookcases,Wooden Bookcase,1,0.1,4050.0,438.36
ORD-14213,2024-05-20,Home Office,South,Office Supplies,Paper,A4 Paper Pack,4,0.2,1120.0,239.01
ORD-14214,2023-06-03,Corporate,East,Furniture,Chairs,Ergo Office Chair,3,0.1,17550.0,2650.18
ORD-14215,2023-01-15,Corporate,West,Furniture,Tables,Standing Desk,3,0,36000,4019.65
ORD-14216,2024-09-25,Consumer,South,Technology,Accessories,Laptop Bag,2,0.05,3420.0,948.89
ORD-14217,2024-09-01,Corporate,South,Furniture,Tables,Standing Desk,2,0.1,21600.0,751.05
ORD-14218,2024-10-25,Consumer,East,Office Supplies,Binders,Heavy Binder Set,1,0,600,190.03
ORD-14219,2023-02-11,Corporate,West,Furniture,Chairs,Ergo Office Chair,5,0,32500,6815.36
ORD-14220,2024-07-03,Consumer,West,Office Supplies,Paper,A4 Paper Pack,3,0.1,945.0,311.3
ORD-14221,2024-07-15,Consumer,West,Furniture,Chairs,Ergo Office Chair,5,0.2,26000.0,1118.05
ORD-14222,2024-09-27,Corporate,South,Technology,Phones,Smartphone X,4,0,72000,9060.92
ORD-14223,2023-01-15,Consumer,West,Technology,Accessories,Wireless Earbuds,1,0,2500,820.03
ORD-14224,2024-02-07,Home Office,South,Office Supplies,Paper,A4 Paper Pack,5,0,1750,554.27
ORD-14225,2023-01-02,Home Office,West,Furniture,Tables,Standing Desk,5,0,60000,4307.66
ORD-14226,2023-12-05,Consumer,West,Office Supplies,Storage,Storage Box,4,0.05,3420.0,628.94
ORD-14227,2023-09-04,Consumer,East,Technology,Machines,Laser Printer,1,0,9000,1258.1
ORD-14228,2023-08-17,Corporate,West,Furniture,Tables,Standing Desk,2,0.2,19200.0,-237.88
ORD-14229,2024-07-05,Home Office,South,Furniture,Chairs,Ergo Office Chair,2,0,13000,2378.71
ORD-14230,2023-05-28,Corporate,North,Furniture,Bookcases,Wooden Bookcase,4,0.2,14400.0,341.77
ORD-14231,2023-11-27,Corporate,West,Furniture,Chairs,Ergo Office Chair,1,0.05,6175.0,828.17
ORD-14232,2023-12-06,Consumer,West,Office Supplies,Paper,A4 Paper Pack,2,0.2,560.0,124.92
ORD-14233,2023-07-04,Consumer,West,Office Supplies,Paper,A4 Paper Pack,4,0.1,1260.0,346.57
ORD-14234,2024-08-24,Home Office,East,Furniture,Tables,Standing Desk,4,0,48000,5234.98
ORD-14235,2024-04-23,Home Office,East,Furniture,Tables,Standing Desk,5,0.2,48000.0,-1596.36
ORD-14236,2024-09-19,Consumer,South,Office Supplies,Binders,Heavy Binder Set,4,0,2400,744.61
ORD-14237,2023-12-16,Consumer,East,Office Supplies,Binders,Heavy Binder Set,4,0.1,2160.0,470.94
ORD-14238,2024-10-06,Consumer,East,Technology,Phones,Smartphone X,4,0.05,68400.0,7344.77
ORD-14239,2024-03-14,Corporate,West,Furniture,Bookcases,Wooden Bookcase,2,0,9000,1053.55
ORD-14240,2024-07-19,Consumer,North,Furniture,Chairs,Ergo Office Chair,1,0.1,5850.0,743.35
ORD-14241,2024-02-23,Corporate,South,Furniture,Tables,Standing Desk,1,0.05,11400.0,681.81
ORD-14242,2023-07-01,Corporate,West,Furniture,Tables,Standing Desk,3,0,36000,2863.2
ORD-14243,2023-10-02,Consumer,West,Furniture,Bookcases,Wooden Bookcase,2,0,9000,1612.74
ORD-14244,2023-11-14,Consumer,North,Technology,Phones,Smartphone X,1,0,18000,2174.73
ORD-14245,2023-02-22,Home Office,East,Furniture,Chairs,Ergo Office Chair,3,0.1,17550.0,2793.4
ORD-14246,2024-09-01,Home Office,West,Technology,Accessories,Wireless Earbuds,1,0.1,2250.0,574.1
ORD-14247,2024-09-08,Corporate,South,Technology,Accessories,Wireless Earbuds,1,0.1,2250.0,468.32
ORD-14248,2024-07-06,Corporate,East,Office Supplies,Binders,Heavy Binder Set,3,0.05,1710.0,417.43
ORD-14249,2023-12-12,Home Office,West,Office Supplies,Paper,A4 Paper Pack,1,0.1,315.0,94.95
ORD-14250,2024-01-09,Home Office,West,Technology,Phones,Smartphone X,3,0.2,43200.0,731.15
ORD-14251,2023-10-25,Consumer,East,Office Supplies,Paper,A4 Paper Pack,5,0,1750,641.64
ORD-14252,2024-06-08,Home Office,East,Furniture,Bookcases,Wooden Bookcase,4,0,18000,3388.25
ORD-14253,2023-01-13,Home Office,South,Technology,Accessories,Laptop Bag,1,0,1800,607.44
ORD-14254,2024-05-24,Corporate,West,Technology,Phones,Smartphone X,2,0.1,32400.0,3121.73
ORD-14255,2024-10-30,Home Office,South,Technology,Phones,Smartphone X,3,0,54000,9020.92
ORD-14256,2024-04-03,Consumer,East,Office Supplies,Paper,A4 Paper Pack,2,0,700,220.76
ORD-14257,2023-02-20,Corporate,West,Technology,Accessories,Wireless Earbuds,5,0.05,11875.0,3088.54
ORD-14258,2023-08-20,Consumer,East,Furniture,Chairs,Ergo Office Chair,2,0.1,11700.0,1488.97
ORD-14259,2023-12-01,Corporate,East,Office Supplies,Storage,Storage Box,3,0,2700,623.41
ORD-14260,2024-09-03,Corporate,North,Technology,Phones,Smartphone X,2,0,36000,5344.44
ORD-14261,2023-01-13,Consumer,East,Technology,Machines,Laser Printer,2,0.1,16200.0,947.18
ORD-14262,2024-12-26,Corporate,West,Office Supplies,Storage,Storage Box,4,0.05,3420.0,700.44
ORD-14263,2023-08-16,Consumer,South,Furniture,Chairs,Ergo Office Chair,1,0,6500,1387.71
ORD-14264,2023-01-07,Corporate,East,Furniture,Bookcases,Wooden Bookcase,5,0,22500,2827.07
ORD-14265,2024-01-27,Home Office,East,Technology,Accessories,Wireless Earbuds,3,0,7500,2520.52
ORD-14266,2024-04-13,Corporate,North,Technology,Accessories,Wireless Earbuds,4,0.1,9000.0,2233.67
ORD-14267,2024-08-20,Consumer,South,Office Supplies,Storage,Storage Box,3,0.2,2160.0,347.53
ORD-14268,2024-12-12,Home Office,North,Office Supplies,Storage,Storage Box,4,0,3600,859.97
ORD-14269,2023-10-10,Consumer,North,Furniture,Bookcases,Wooden Bookcase,5,0,22500,2862.24
ORD-14270,2024-03-07,Home Office,North,Furniture,Tables,Standing Desk,5,0.1,54000.0,396.14
ORD-14271,2024-06-24,Corporate,South,Furniture,Chairs,Ergo Office Chair,5,0,32500,6679.72
ORD-14272,2023-07-14,Consumer,East,Technology,Accessories,Laptop Bag,2,0,3600,1271.44
ORD-14273,2024-02-26,Consumer,South,Furniture,Chairs,Ergo Office Chair,1,0.1,5850.0,812.22
ORD-14274,2023-02-17,Corporate,North,Furniture,Bookcases,Wooden Bookcase,2,0.05,8550.0,1302.75
ORD-14275,2024-12-25,Consumer,East,Furniture,Tables,Standing Desk,4,0,48000,3635.1
ORD-14276,2024-10-13,Consumer,East,Furniture,Bookcases,Wooden Bookcase,3,0,13500,2401.89
ORD-14277,2023-06-17,Corporate,West,Furniture,Chairs,Ergo Office Chair,1,0,6500,1064.35
ORD-14278,2024-01-26,Home Office,West,Technology,Accessories,Wireless Earbuds,1,0.1,2250.0,629.97
ORD-14279,2023-09-28,Corporate,West,Office Supplies,Storage,Storage Box,3,0.2,2160.0,327.12
ORD-14280,2023-10-30,Corporate,East,Office Supplies,Paper,A4 Paper Pack,2,0.2,560.0,142.25
ORD-14281,2023-03-31,Consumer,West,Office Supplies,Storage,Storage Box,2,0.1,1620.0,319.6
ORD-14282,2024-11-20,Corporate,East,Technology,Accessories,Laptop Bag,3,0,5400,1577.97
ORD-14283,2024-05-19,Consumer,West,Technology,Accessories,Laptop Bag,1,0,1800,564.39
ORD-14284,2024-12-19,Home Office,South,Office Supplies,Paper,A4 Paper Pack,5,0,1750,544.92
ORD-14285,2023-05-01,Home Office,South,Furniture,Tables,Standing Desk,2,0.2,19200.0,-962.31
ORD-14286,2023-11-06,Home Office,West,Office Supplies,Storage,Storage Box,2,0,1800,476.93
ORD-14287,2023-09-25,Home Office,West,Office Supplies,Paper,A4 Paper Pack,2,0.2,560.0,141.44
ORD-14288,2024-12-01,Corporate,North,Technology,Phones,Smartphone X,5,0,90000,13546.28
ORD-14289,2024-07-04,Home Office,East,Technology,Phones,Smartphone X,3,0.1,48600.0,2839.77
ORD-14290,2023-12-27,Home Office,South,Technology,Machines,Laser Printer,5,0.2,36000.0,-127.11
ORD-14291,2023-04-29,Corporate,East,Technology,Phones,Smartphone X,1,0.2,14400.0,473.48
ORD-14292,2024-03-28,Consumer,South,Technology,Machines,Laser Printer,3,0,27000,3362.04
ORD-14293,2024-03-24,Home Office,North,Technology,Accessories,Wireless Earbuds,3,0,7500,2061.76
ORD-14294,2023-09-06,Home Office,West,Office Supplies,Storage,Storage Box,1,0.2,720.0,118.35
ORD-14295,2023-01-12,Consumer,South,Office Supplies,Paper,A4 Paper Pack,1,0,350,123.97
ORD-14296,2023-07-16,Corporate,West,Office Supplies,Paper,A4 Paper Pack,3,0,1050,399.96
ORD-14297,2024-12-01,Home Office,North,Office Supplies,Paper,A4 Paper Pack,5,0,1750,548.33
ORD-14298,2023-07-13,Corporate,West,Technology,Accessories,Wireless Earbuds,5,0.2,10000.0,1867.54
ORD-14299,2023-10-20,Corporate,East,Furniture,Tables,Standing Desk,2,0,24000,1620.04
ORD-14300,2024-04-05,Home Office,West,Furniture,Bookcases,Wooden Bookcase,4,0,18000,2297.6
ORD-14301,2024-01-24,Corporate,West,Office Supplies,Storage,Storage Box,4,0.2,2880.0,461.97
ORD-14302,2024-05-28,Corporate,North,Technology,Accessories,Laptop Bag,5,0,9000,2573.33
ORD-14303,2023-11-06,Consumer,North,Technology,Machines,Laser Printer,2,0.1,16200.0,353.85
ORD-14304,2024-08-13,Corporate,West,Furniture,Chairs,Ergo Office Chair,5,0.05,30875.0,3418.78
ORD-14305,2024-09-06,Home Office,North,Furniture,Tables,Standing Desk,4,0,48000,5774.07
ORD-14306,2023-06-11,Home Office,East,Technology,Phones,Smartphone X,2,0,36000,3949.21
ORD-14307,2024-09-25,Home Office,South,Office Supplies,Storage,Storage Box,5,0,4500,1207.75
ORD-14308,2024-11-28,Home Office,North,Technology,Accessories,Laptop Bag,3,0,5400,1543.72
ORD-14309,2023-07-15,Corporate,South,Technology,Accessories,Laptop Bag,1,0,1800,537.6
ORD-14310,2024-02-16,Corporate,West,Technology,Accessories,Laptop Bag,3,0,5400,1925.56
ORD-14311,2023-06-11,Consumer,West,Technology,Phones,Smartphone X,5,0,90000,14246.73
ORD-14312,2023-12-28,Corporate,West,Office Supplies,Storage,Storage Box,3,0.1,2430.0,512.08
ORD-14313,2024-09-09,Home Office,South,Furniture,Bookcases,Wooden Bookcase,4,0.2,14400.0,617.28
ORD-14314,2023-10-03,Consumer,North,Office Supplies,Storage,Storage Box,2,0,1800,453.68
ORD-14315,2024-07-14,Corporate,South,Technology,Accessories,Wireless Earbuds,5,0,12500,3404.26
ORD-14316,2023-02-01,Home Office,East,Office Supplies,Storage,Storage Box,5,0,4500,1098.75
ORD-14317,2024-05-16,Home Office,North,Office Supplies,Paper,A4 Paper Pack,4,0.05,1330.0,440.4
ORD-14318,2024-03-24,Consumer,West,Office Supplies,Paper,A4 Paper Pack,3,0,1050,392.84
ORD-14319,2024-12-14,Corporate,East,Furniture,Tables,Standing Desk,5,0,60000,7588.56
ORD-14320,2023-04-21,Corporate,East,Furniture,Chairs,Ergo Office Chair,3,0.2,15600.0,562.43
ORD-14321,2024-10-23,Home Office,West,Furniture,Bookcases,Wooden Bookcase,5,0.2,18000.0,48.44
ORD-14322,2023-07-26,Consumer,East,Office Supplies,Binders,Heavy Binder Set,3,0,1800,571.24
ORD-14323,2024-12-12,Consumer,North,Office Supplies,Paper,A4 Paper Pack,2,0.05,665.0,209.81
ORD-14324,2024-08-06,Consumer,East,Technology,Accessories,Laptop Bag,4,0.05,6840.0,1850.72
ORD-14325,2024-03-26,Home Office,West,Furniture,Bookcases,Wooden Bookcase,3,0,13500,2313.9
ORD-14326,2023-08-22,Home Office,West,Technology,Accessories,Wireless Earbuds,5,0.05,11875.0,3149.82
ORD-14327,2023-06-28,Corporate,South,Technology,Phones,Smartphone X,1,0.1,16200.0,1886.22
ORD-14328,2023-02-15,Consumer,East,Technology,Accessories,Wireless Earbuds,4,0,10000,3269.7
ORD-14329,2024-02-27,Home Office,East,Technology,Machines,Laser Printer,2,0,18000,1648.2
ORD-14330,2024-07-14,Corporate,West,Furniture,Chairs,Ergo Office Chair,3,0.2,15600.0,1061.05
ORD-14331,2023-11-01,Corporate,West,Technology,Phones,Smartphone X,5,0.2,72000.0,1554.62
ORD-14332,2024-04-26,Consumer,East,Technology,Phones,Smartphone X,1,0.2,14400.0,719.13
ORD-14333,2023-01-07,Consumer,East,Furniture,Chairs,Ergo Office Chair,2,0,13000,2395.69
ORD-14334,2024-10-05,Home Office,West,Office Supplies,Binders,Heavy Binder Set,2,0,1200,364.28
ORD-14335,2023-10-25,Corporate,West,Office Supplies,Binders,Heavy Binder Set,1,0,600,159.66
ORD-14336,2024-10-12,Corporate,North,Furniture,Bookcases,Wooden Bookcase,2,0.1,8100.0,504.95
ORD-14337,2024-03-27,Corporate,South,Office Supplies,Paper,A4 Paper Pack,4,0,1400,538.32
ORD-14338,2023-12-29,Home Office,East,Technology,Phones,Smartphone X,3,0.2,43200.0,-151.34
ORD-14339,2024-04-03,Home Office,East,Technology,Accessories,Wireless Earbuds,1,0.1,2250.0,574.36
ORD-14340,2023-10-31,Consumer,North,Technology,Machines,Laser Printer,5,0,45000,6256.31
ORD-14341,2024-10-11,Home Office,South,Furniture,Bookcases,Wooden Bookcase,3,0.2,10800.0,657.56
ORD-14342,2024-02-13,Corporate,South,Technology,Phones,Smartphone X,4,0.05,68400.0,6649.49
ORD-14343,2023-03-09,Consumer,East,Technology,Machines,Laser Printer,4,0,36000,4080.34
ORD-14344,2023-10-24,Consumer,West,Office Supplies,Storage,Storage Box,3,0,2700,728.65
ORD-14345,2024-02-16,Home Office,North,Technology,Phones,Smartphone X,4,0,72000,7673.39
ORD-14346,2024-03-22,Consumer,South,Technology,Accessories,Wireless Earbuds,4,0.05,9500.0,2469.73
ORD-14347,2024-02-25,Home Office,South,Furniture,Tables,Standing Desk,3,0,36000,4445.18
ORD-14348,2023-09-12,Consumer,South,Technology,Accessories,Wireless Earbuds,4,0,10000,3095.93
ORD-14349,2024-01-14,Corporate,West,Furniture,Bookcases,Wooden Bookcase,5,0.05,21375.0,2175.31
ORD-14350,2023-09-21,Corporate,East,Furniture,Bookcases,Wooden Bookcase,5,0,22500,3341.54
ORD-14351,2023-08-16,Consumer,East,Technology,Accessories,Laptop Bag,3,0.2,4320.0,965.53
ORD-14352,2023-06-17,Consumer,East,Office Supplies,Paper,A4 Paper Pack,5,0.05,1662.5,552.91
ORD-14353,2024-09-27,Home Office,East,Technology,Accessories,Laptop Bag,2,0,3600,1217.07
ORD-14354,2024-07-20,Home Office,South,Technology,Phones,Smartphone X,4,0.05,68400.0,9967.84
ORD-14355,2023-08-13,Corporate,West,Technology,Accessories,Wireless Earbuds,3,0,7500,2165.97
ORD-14356,2023-04-04,Corporate,East,Technology,Phones,Smartphone X,1,0,18000,1977.22
ORD-14357,2023-12-06,Consumer,North,Furniture,Chairs,Ergo Office Chair,3,0.1,17550.0,2753.16
ORD-14358,2024-08-27,Corporate,East,Furniture,Tables,Standing Desk,5,0.05,57000.0,2318.72
ORD-14359,2023-12-11,Consumer,East,Office Supplies,Storage,Storage Box,3,0.05,2565.0,513.94
ORD-14360,2023-07-23,Corporate,East,Office Supplies,Binders,Heavy Binder Set,3,0,1800,488.67
ORD-14361,2023-12-10,Consumer,East,Technology,Accessories,Laptop Bag,3,0,5400,1614.72
ORD-14362,2024-12-09,Home Office,East,Furniture,Bookcases,Wooden Bookcase,5,0,22500,3976.18
ORD-14363,2023-12-22,Home Office,North,Technology,Accessories,Laptop Bag,3,0.05,5130.0,1431.12
ORD-14364,2024-04-25,Home Office,East,Office Supplies,Paper,A4 Paper Pack,1,0,350,130.55
ORD-14365,2024-04-06,Consumer,East,Technology,Accessories,Wireless Earbuds,2,0.05,4750.0,1156.2
ORD-14366,2023-11-24,Corporate,West,Furniture,Tables,Standing Desk,1,0.05,11400.0,434.81
ORD-14367,2024-04-10,Home Office,West,Technology,Accessories,Wireless Earbuds,3,0.2,6000.0,1309.95
ORD-14368,2024-06-15,Home Office,East,Furniture,Chairs,Ergo Office Chair,3,0,19500,3597.31
ORD-14369,2024-02-24,Corporate,East,Technology,Phones,Smartphone X,5,0.2,72000.0,-191.51
ORD-14370,2024-06-10,Consumer,West,Office Supplies,Paper,A4 Paper Pack,1,0,350,121.42
ORD-14371,2023-03-17,Consumer,North,Technology,Accessories,Wireless Earbuds,4,0,10000,3092.62
ORD-14372,2024-07-13,Home Office,East,Office Supplies,Binders,Heavy Binder Set,1,0.05,570.0,140.68
ORD-14373,2024-02-26,Consumer,East,Office Supplies,Binders,Heavy Binder Set,5,0.05,2850.0,758.27
ORD-14374,2023-08-24,Home Office,East,Technology,Accessories,Wireless Earbuds,4,0.2,8000.0,1219.9
ORD-14375,2024-02-29,Corporate,South,Furniture,Chairs,Ergo Office Chair,5,0.1,29250.0,3332.68
ORD-14376,2023-09-23,Corporate,East,Furniture,Chairs,Ergo Office Chair,4,0.05,24700.0,4692.72
ORD-14377,2024-06-02,Corporate,South,Technology,Accessories,Laptop Bag,4,0,7200,2297.69
ORD-14378,2023-04-10,Consumer,South,Office Supplies,Storage,Storage Box,2,0,1800,490.19
ORD-14379,2024-08-14,Corporate,South,Technology,Accessories,Wireless Earbuds,2,0.1,4500.0,902.63
ORD-14380,2023-02-05,Corporate,South,Office Supplies,Binders,Heavy Binder Set,3,0,1800,502.92
ORD-14381,2023-11-16,Home Office,West,Furniture,Chairs,Ergo Office Chair,3,0.05,18525.0,3093.33
ORD-14382,2023-11-22,Consumer,North,Technology,Accessories,Wireless Earbuds,3,0.1,6750.0,1870.16
ORD-14383,2024-05-03,Corporate,East,Office Supplies,Binders,Heavy Binder Set,2,0,1200,362.32
ORD-14384,2024-02-16,Corporate,South,Technology,Machines,Laser Printer,4,0,36000,4359.36
ORD-14385,2024-11-27,Home Office,East,Office Supplies,Paper,A4 Paper Pack,2,0.2,560.0,127.5
ORD-14386,2024-06-05,Home Office,West,Technology,Accessories,Wireless Earbuds,2,0.1,4500.0,1211.03
ORD-14387,2023-11-14,Home Office,South,Technology,Accessories,Laptop Bag,1,0,1800,620.68
ORD-14388,2024-12-02,Consumer,East,Technology,Machines,Laser Printer,1,0,9000,1171.17
ORD-14389,2024-10-02,Home Office,South,Office Supplies,Paper,A4 Paper Pack,1,0,350,124.9
ORD-14390,2024-09-15,Corporate,West,Technology,Accessories,Laptop Bag,3,0.05,5130.0,1683.36
ORD-14391,2024-12-07,Consumer,East,Furniture,Tables,Standing Desk,4,0,48000,5568.26
ORD-14392,2024-05-20,Consumer,North,Furniture,Bookcases,Wooden Bookcase,3,0,13500,2483.5
ORD-14393,2024-08-11,Corporate,South,Office Supplies,Storage,Storage Box,3,0,2700,613.19
ORD-14394,2024-01-09,Home Office,North,Technology,Phones,Smartphone X,3,0,54000,5650.3
ORD-14395,2024-05-23,Corporate,North,Furniture,Chairs,Ergo Office Chair,4,0.2,20800.0,1129.59
ORD-14396,2024-01-29,Home Office,South,Furniture,Tables,Standing Desk,4,0,48000,3879.06
ORD-14397,2023-05-05,Consumer,South,Technology,Accessories,Wireless Earbuds,3,0.2,6000.0,1090.67
ORD-14398,2023-09-01,Consumer,South,Technology,Phones,Smartphone X,1,0,18000,2065.8
ORD-14399,2024-11-02,Corporate,East,Technology,Phones,Smartphone X,2,0,36000,5063.5
ORD-14400,2023-12-11,Corporate,West,Office Supplies,Binders,Heavy Binder Set,1,0.2,480.0,79.6
ORD-14401,2023-11-18,Home Office,East,Office Supplies,Storage,Storage Box,2,0.05,1710.0,359.4
ORD-14402,2023-01-02,Home Office,West,Office Supplies,Paper,A4 Paper Pack,4,0.2,1120.0,287.92
ORD-14403,2023-05-20,Home Office,West,Technology,Accessories,Wireless Earbuds,4,0,10000,2633.44
ORD-14404,2024-02-16,Home Office,South,Furniture,Tables,Standing Desk,1,0.1,10800.0,336.9
ORD-14405,2023-02-03,Corporate,East,Technology,Machines,Laser Printer,4,0,36000,4764.5
ORD-14406,2024-03-27,Consumer,West,Office Supplies,Binders,Heavy Binder Set,3,0,1800,516.79
ORD-14407,2023-01-28,Corporate,North,Furniture,Chairs,Ergo Office Chair,5,0.2,26000.0,562.5
ORD-14408,2024-12-08,Corporate,North,Office Supplies,Binders,Heavy Binder Set,1,0,600,158.32
ORD-14409,2024-06-03,Home Office,North,Technology,Accessories,Laptop Bag,4,0.2,5760.0,946.06
ORD-14410,2024-06-27,Corporate,South,Furniture,Bookcases,Wooden Bookcase,5,0.1,20250.0,1174.24
ORD-14411,2024-03-01,Consumer,East,Office Supplies,Binders,Heavy Binder Set,1,0.05,570.0,132.34
ORD-14412,2024-11-09,Corporate,South,Technology,Accessories,Wireless Earbuds,5,0,12500,3887.62
ORD-14413,2024-07-30,Consumer,South,Furniture,Bookcases,Wooden Bookcase,2,0.05,8550.0,1228.39
ORD-14414,2023-03-26,Corporate,East,Technology,Accessories,Laptop Bag,1,0.1,1620.0,448.14
ORD-14415,2024-08-08,Home Office,South,Office Supplies,Storage,Storage Box,1,0,900,251.27
ORD-14416,2023-05-30,Corporate,South,Furniture,Bookcases,Wooden Bookcase,5,0,22500,3835.81
ORD-14417,2024-05-17,Corporate,South,Technology,Accessories,Laptop Bag,1,0,1800,562.79
ORD-14418,2024-10-15,Corporate,West,Furniture,Bookcases,Wooden Bookcase,1,0.05,4275.0,448.53
ORD-14419,2024-02-26,Home Office,North,Furniture,Bookcases,Wooden Bookcase,1,0,4500,810.39
ORD-14420,2023-08-17,Consumer,East,Technology,Accessories,Wireless Earbuds,2,0.1,4500.0,988.04
ORD-14421,2023-10-03,Consumer,East,Technology,Accessories,Laptop Bag,4,0.1,6480.0,1725.33
ORD-14422,2024-08-19,Corporate,North,Technology,Accessories,Laptop Bag,4,0,7200,2299.84
ORD-14423,2024-09-25,Home Office,West,Technology,Phones,Smartphone X,2,0,36000,4594.75
ORD-14424,2024-10-30,Home Office,West,Technology,Accessories,Laptop Bag,3,0,5400,1567.97
ORD-14425,2023-01-04,Consumer,East,Technology,Accessories,Wireless Earbuds,4,0,10000,3032.7
ORD-14426,2023-06-06,Home Office,West,Office Supplies,Binders,Heavy Binder Set,4,0.1,2160.0,433.53
ORD-14427,2024-07-17,Corporate,North,Office Supplies,Paper,A4 Paper Pack,4,0.05,1330.0,464.51
ORD-14428,2023-01-08,Home Office,West,Furniture,Tables,Standing Desk,2,0,24000,2063.23
ORD-14429,2024-05-12,Consumer,North,Furniture,Chairs,Ergo Office Chair,1,0.2,5200.0,421.22
ORD-14430,2023-06-21,Home Office,West,Technology,Machines,Laser Printer,3,0.1,24300.0,2024.18
ORD-14431,2023-09-08,Consumer,East,Office Supplies,Binders,Heavy Binder Set,3,0,1800,448.75
ORD-14432,2024-02-02,Corporate,South,Office Supplies,Storage,Storage Box,1,0.1,810.0,141.16
ORD-14433,2024-09-15,Corporate,East,Office Supplies,Storage,Storage Box,1,0,900,216.87
ORD-14434,2023-05-02,Home Office,East,Technology,Phones,Smartphone X,4,0.1,64800.0,6632.67
ORD-14435,2024-08-27,Consumer,North,Furniture,Tables,Standing Desk,4,0.05,45600.0,4402.97
ORD-14436,2023-02-08,Corporate,East,Technology,Accessories,Laptop Bag,4,0.05,6840.0,1877.81
ORD-14437,2023-08-06,Home Office,West,Furniture,Bookcases,Wooden Bookcase,4,0,18000,2644.32
ORD-14438,2023-04-24,Corporate,East,Office Supplies,Paper,A4 Paper Pack,5,0,1750,583.95
ORD-14439,2024-11-23,Home Office,East,Technology,Phones,Smartphone X,2,0.1,32400.0,1323.0
ORD-14440,2024-12-02,Consumer,West,Office Supplies,Paper,A4 Paper Pack,5,0,1750,646.33
ORD-14441,2023-10-11,Home Office,West,Technology,Accessories,Laptop Bag,5,0,9000,3183.96
ORD-14442,2023-02-20,Corporate,North,Office Supplies,Storage,Storage Box,2,0.05,1710.0,414.75
ORD-14443,2024-04-04,Corporate,West,Office Supplies,Binders,Heavy Binder Set,4,0.05,2280.0,558.88
ORD-14444,2023-01-31,Corporate,South,Furniture,Chairs,Ergo Office Chair,5,0.1,29250.0,4429.81
ORD-14445,2023-10-09,Home Office,West,Office Supplies,Binders,Heavy Binder Set,4,0.1,2160.0,420.55
ORD-14446,2023-02-22,Corporate,North,Technology,Accessories,Wireless Earbuds,1,0.05,2375.0,690.51
ORD-14447,2023-04-08,Consumer,West,Technology,Accessories,Laptop Bag,4,0,7200,2123.96
ORD-14448,2024-01-31,Consumer,South,Technology,Machines,Laser Printer,3,0,27000,2514.16
ORD-14449,2023-02-08,Consumer,East,Technology,Machines,Laser Printer,2,0.1,16200.0,1087.85
ORD-14450,2023-07-30,Corporate,East,Technology,Phones,Smartphone X,4,0.2,57600.0,2947.26
ORD-14451,2024-06-05,Consumer,South,Technology,Phones,Smartphone X,4,0.1,64800.0,4374.21
ORD-14452,2023-09-14,Home Office,East,Office Supplies,Storage,Storage Box,4,0,3600,980.22
ORD-14453,2023-03-09,Consumer,North,Office Supplies,Storage,Storage Box,3,0,2700,671.2
ORD-14454,2024-08-03,Home Office,East,Furniture,Tables,Standing Desk,3,0.1,32400.0,2295.94
ORD-14455,2023-08-04,Home Office,North,Office Supplies,Binders,Heavy Binder Set,3,0,1800,447.36
ORD-14456,2023-07-12,Home Office,North,Furniture,Bookcases,Wooden Bookcase,3,0,13500,2461.88
ORD-14457,2023-09-01,Corporate,East,Office Supplies,Binders,Heavy Binder Set,4,0,2400,762.36
ORD-14458,2024-08-14,Home Office,West,Office Supplies,Binders,Heavy Binder Set,5,0.05,2850.0,724.05
ORD-14459,2024-02-03,Home Office,South,Technology,Phones,Smartphone X,2,0,36000,4258.61
ORD-14460,2023-05-07,Consumer,East,Furniture,Chairs,Ergo Office Chair,1,0.05,6175.0,696.14
ORD-14461,2024-02-15,Home Office,South,Office Supplies,Paper,A4 Paper Pack,2,0.1,630.0,196.59
ORD-14462,2024-01-31,Consumer,West,Office Supplies,Binders,Heavy Binder Set,5,0.1,2700.0,653.78
ORD-14463,2023-06-02,Home Office,East,Technology,Accessories,Wireless Earbuds,3,0,7500,2433.34
ORD-14464,2024-08-11,Home Office,West,Technology,Machines,Laser Printer,5,0,45000,5306.0
ORD-14465,2023-08-21,Consumer,North,Technology,Accessories,Wireless Earbuds,4,0,10000,2787.56
ORD-14466,2023-12-12,Consumer,West,Technology,Phones,Smartphone X,3,0,54000,8430.84
ORD-14467,2023-08-23,Consumer,North,Technology,Accessories,Wireless Earbuds,2,0,5000,1358.86
ORD-14468,2023-03-03,Corporate,North,Office Supplies,Binders,Heavy Binder Set,3,0,1800,484.79
ORD-14469,2023-10-24,Home Office,North,Office Supplies,Storage,Storage Box,4,0.1,3240.0,521.64
ORD-14470,2023-02-11,Corporate,East,Furniture,Tables,Standing Desk,4,0.05,45600.0,1848.11
ORD-14471,2024-04-23,Home Office,West,Technology,Phones,Smartphone X,1,0,18000,2046.41
ORD-14472,2023-07-10,Corporate,North,Technology,Machines,Laser Printer,1,0,9000,1344.76
ORD-14473,2023-12-19,Consumer,South,Furniture,Bookcases,Wooden Bookcase,3,0.2,10800.0,361.02
ORD-14474,2023-01-11,Consumer,South,Furniture,Bookcases,Wooden Bookcase,5,0.05,21375.0,1952.41
ORD-14475,2023-10-24,Corporate,East,Technology,Phones,Smartphone X,4,0,72000,11782.78
ORD-14476,2023-11-25,Corporate,North,Technology,Accessories,Laptop Bag,2,0,3600,1046.76
ORD-14477,2023-07-21,Home Office,West,Office Supplies,Storage,Storage Box,3,0.1,2430.0,501.3
ORD-14478,2023-01-06,Corporate,West,Furniture,Bookcases,Wooden Bookcase,1,0.2,3600.0,-5.23
ORD-14479,2024-03-23,Corporate,North,Office Supplies,Binders,Heavy Binder Set,2,0,1200,347.27
ORD-14480,2024-02-24,Home Office,East,Technology,Phones,Smartphone X,1,0.1,16200.0,848.54
ORD-14481,2023-04-05,Consumer,East,Furniture,Chairs,Ergo Office Chair,2,0.1,11700.0,1357.17
ORD-14482,2024-02-27,Consumer,North,Furniture,Chairs,Ergo Office Chair,4,0.1,23400.0,2509.35
ORD-14483,2023-09-16,Consumer,West,Furniture,Bookcases,Wooden Bookcase,3,0,13500,1568.51
ORD-14484,2023-03-04,Corporate,East,Technology,Accessories,Laptop Bag,2,0,3600,1268.36
ORD-14485,2024-09-05,Corporate,South,Office Supplies,Binders,Heavy Binder Set,3,0.2,1440.0,271.78
ORD-14486,2023-08-13,Corporate,South,Office Supplies,Binders,Heavy Binder Set,2,0.1,1080.0,230.0
ORD-14487,2023-09-17,Consumer,South,Technology,Accessories,Wireless Earbuds,5,0.1,11250.0,2463.96
ORD-14488,2023-08-14,Home Office,West,Technology,Accessories,Laptop Bag,4,0.2,5760.0,1128.74
ORD-14489,2024-06-06,Corporate,East,Office Supplies,Binders,Heavy Binder Set,4,0,2400,745.32
ORD-14490,2023-05-24,Corporate,West,Furniture,Tables,Standing Desk,2,0.2,19200.0,204.81
ORD-14491,2024-01-15,Consumer,East,Technology,Machines,Laser Printer,5,0.05,42750.0,3375.21
ORD-14492,2024-10-28,Home Office,North,Furniture,Tables,Standing Desk,2,0.1,21600.0,1497.4
ORD-14493,2024-09-09,Consumer,East,Technology,Accessories,Laptop Bag,5,0,9000,3069.29
ORD-14494,2024-11-13,Home Office,West,Technology,Phones,Smartphone X,3,0,54000,6665.81
ORD-14495,2024-12-05,Home Office,North,Technology,Phones,Smartphone X,1,0.1,16200.0,1020.06
ORD-14496,2023-11-07,Consumer,East,Furniture,Bookcases,Wooden Bookcase,4,0,18000,2668.15
ORD-14497,2024-10-11,Home Office,South,Office Supplies,Paper,A4 Paper Pack,4,0.2,1120.0,282.62
ORD-14498,2023-04-05,Consumer,West,Furniture,Tables,Standing Desk,5,0,60000,8029.65
ORD-14499,2024-07-31,Home Office,East,Furniture,Chairs,Ergo Office Chair,1,0.1,5850.0,823.9
ORD-14500,2024-11-09,Corporate,South,Technology,Phones,Smartphone X,1,0.2,14400.0,94.57
ORD-14501,2023-03-23,Corporate,East,Technology,Accessories,Wireless Earbuds,4,0,10000,3255.67
ORD-14502,2024-11-02,Consumer,North,Furniture,Tables,Standing Desk,4,0,48000,4497.04
ORD-14503,2024-04-11,Consumer,South,Office Supplies,Storage,Storage Box,3,0,2700,765.38
ORD-14504,2024-12-17,Corporate,South,Technology,Accessories,Laptop Bag,5,0.2,7200.0,1309.19
ORD-14505,2023-04-29,Home Office,West,Office Supplies,Storage,Storage Box,2,0.2,1440.0,217.38
ORD-14506,2024-05-19,Consumer,North,Office Supplies,Binders,Heavy Binder Set,4,0,2400,764.72
ORD-14507,2024-08-06,Corporate,South,Technology,Machines,Laser Printer,4,0,36000,5016.25
ORD-14508,2023-10-27,Home Office,North,Technology,Phones,Smartphone X,1,0.2,14400.0,-54.38
ORD-14509,2024-02-26,Corporate,North,Technology,Phones,Smartphone X,4,0,72000,12052.38
ORD-14510,2024-10-01,Corporate,South,Furniture,Tables,Standing Desk,3,0,36000,3460.64
ORD-14511,2024-09-14,Consumer,East,Furniture,Bookcases,Wooden Bookcase,3,0,13500,2196.35
ORD-14512,2023-05-13,Home Office,South,Furniture,Chairs,Ergo Office Chair,1,0.05,6175.0,985.16
ORD-14513,2024-06-17,Corporate,South,Technology,Phones,Smartphone X,4,0.05,68400.0,9988.4
ORD-14514,2024-04-02,Home Office,North,Furniture,Tables,Standing Desk,2,0.2,19200.0,-269.46
ORD-14515,2023-07-28,Home Office,East,Furniture,Chairs,Ergo Office Chair,5,0,32500,6607.08
ORD-14516,2023-05-12,Corporate,South,Office Supplies,Binders,Heavy Binder Set,5,0.2,2400.0,330.71
ORD-14517,2023-07-06,Corporate,South,Office Supplies,Storage,Storage Box,1,0,900,206.73
ORD-14518,2023-07-28,Consumer,West,Furniture,Chairs,Ergo Office Chair,2,0,13000,2008.02
ORD-14519,2023-08-22,Corporate,North,Technology,Machines,Laser Printer,2,0,18000,2531.74
ORD-14520,2024-04-10,Corporate,South,Office Supplies,Storage,Storage Box,3,0,2700,721.35
ORD-14521,2023-02-11,Consumer,West,Furniture,Chairs,Ergo Office Chair,3,0,19500,3235.75
ORD-14522,2023-02-06,Consumer,West,Furniture,Chairs,Ergo Office Chair,2,0,13000,1919.67
ORD-14523,2024-06-06,Corporate,North,Furniture,Bookcases,Wooden Bookcase,3,0,13500,2062.07
ORD-14524,2024-08-16,Home Office,East,Furniture,Tables,Standing Desk,1,0,12000,865.81
ORD-14525,2024-11-25,Home Office,South,Office Supplies,Paper,A4 Paper Pack,3,0,1050,332.11
ORD-14526,2023-10-06,Home Office,North,Furniture,Bookcases,Wooden Bookcase,1,0,4500,610.47
ORD-14527,2024-11-22,Consumer,East,Office Supplies,Storage,Storage Box,1,0.1,810.0,127.41
ORD-14528,2024-10-27,Home Office,East,Furniture,Bookcases,Wooden Bookcase,2,0.2,7200.0,324.62
ORD-14529,2024-11-15,Consumer,East,Technology,Accessories,Wireless Earbuds,5,0.2,10000.0,2099.59
ORD-14530,2024-05-24,Corporate,West,Furniture,Bookcases,Wooden Bookcase,3,0.05,12825.0,2000.08
ORD-14531,2024-08-12,Corporate,West,Technology,Machines,Laser Printer,5,0.2,36000.0,430.83
ORD-14532,2023-07-04,Consumer,East,Office Supplies,Paper,A4 Paper Pack,1,0.2,280.0,62.4
ORD-14533,2024-10-19,Consumer,West,Office Supplies,Paper,A4 Paper Pack,2,0,700,224.36
ORD-14534,2023-11-19,Consumer,East,Technology,Accessories,Wireless Earbuds,3,0,7500,2123.5
ORD-14535,2024-03-21,Corporate,West,Office Supplies,Paper,A4 Paper Pack,5,0,1750,635.97
ORD-14536,2023-12-05,Home Office,West,Technology,Accessories,Wireless Earbuds,3,0,7500,2361.5
ORD-14537,2023-01-19,Consumer,North,Office Supplies,Storage,Storage Box,1,0.2,720.0,108.89
ORD-14538,2023-02-03,Consumer,South,Furniture,Tables,Standing Desk,4,0.2,38400.0,-2008.94
ORD-14539,2024-03-16,Consumer,South,Office Supplies,Binders,Heavy Binder Set,5,0.1,2700.0,594.18
ORD-14540,2023-01-29,Home Office,North,Office Supplies,Paper,A4 Paper Pack,1,0.05,332.5,118.06
ORD-14541,2023-10-30,Corporate,North,Office Supplies,Storage,Storage Box,4,0.2,2880.0,382.62
ORD-14542,2024-01-22,Corporate,North,Furniture,Bookcases,Wooden Bookcase,4,0.1,16200.0,869.29
ORD-14543,2024-05-01,Home Office,South,Office Supplies,Paper,A4 Paper Pack,3,0.05,997.5,339.85
ORD-14544,2023-10-12,Consumer,West,Technology,Machines,Laser Printer,5,0,45000,3643.31
ORD-14545,2023-04-28,Corporate,West,Technology,Phones,Smartphone X,5,0,90000,13847.25
ORD-14546,2023-04-26,Corporate,North,Furniture,Chairs,Ergo Office Chair,4,0,26000,4371.55
ORD-14547,2023-12-09,Corporate,West,Furniture,Chairs,Ergo Office Chair,1,0.1,5850.0,571.87
ORD-14548,2024-11-29,Home Office,East,Office Supplies,Storage,Storage Box,5,0.1,4050.0,811.23
ORD-14549,2023-03-19,Consumer,West,Furniture,Tables,Standing Desk,3,0,36000,3909.79
ORD-14550,2023-12-06,Home Office,North,Technology,Accessories,Wireless Earbuds,3,0.05,7125.0,1912.81
ORD-14551,2024-11-24,Corporate,East,Office Supplies,Paper,A4 Paper Pack,5,0.1,1575.0,484.88
ORD-14552,2023-02-21,Consumer,West,Office Supplies,Storage,Storage Box,3,0.05,2565.0,644.99
ORD-14553,2023-08-17,Corporate,West,Office Supplies,Paper,A4 Paper Pack,1,0,350,127.23
ORD-14554,2023-06-05,Home Office,West,Furniture,Tables,Standing Desk,2,0,24000,2407.26
ORD-14555,2023-06-07,Corporate,East,Technology,Machines,Laser Printer,1,0.2,7200.0,-269.35
ORD-14556,2023-11-14,Corporate,South,Furniture,Chairs,Ergo Office Chair,2,0.05,12350.0,2053.56
ORD-14557,2023-01-14,Home Office,West,Furniture,Chairs,Ergo Office Chair,1,0.05,6175.0,923.84
ORD-14558,2023-03-23,Home Office,West,Technology,Machines,Laser Printer,4,0,36000,3948.99
ORD-14559,2024-05-10,Consumer,South,Technology,Phones,Smartphone X,1,0,18000,2178.17
ORD-14560,2024-11-30,Consumer,East,Furniture,Tables,Standing Desk,3,0,36000,2228.47
ORD-14561,2023-08-11,Home Office,South,Technology,Phones,Smartphone X,5,0.2,72000.0,2706.75
ORD-14562,2024-02-21,Home Office,West,Office Supplies,Binders,Heavy Binder Set,4,0.2,1920.0,300.79
ORD-14563,2023-04-12,Consumer,East,Office Supplies,Paper,A4 Paper Pack,1,0.05,332.5,98.81
ORD-14564,2023-07-06,Consumer,East,Furniture,Chairs,Ergo Office Chair,1,0,6500,925.55
ORD-14565,2023-06-17,Consumer,North,Technology,Machines,Laser Printer,5,0,45000,5826.46
ORD-14566,2023-12-26,Home Office,West,Furniture,Tables,Standing Desk,1,0.05,11400.0,1246.33
ORD-14567,2023-08-25,Home Office,West,Furniture,Tables,Standing Desk,4,0.05,45600.0,1924.7
ORD-14568,2024-05-25,Corporate,South,Furniture,Bookcases,Wooden Bookcase,1,0.1,4050.0,398.73
ORD-14569,2023-04-20,Consumer,North,Technology,Machines,Laser Printer,4,0,36000,4699.69
ORD-14570,2023-05-05,Corporate,North,Furniture,Chairs,Ergo Office Chair,1,0,6500,1026.72
ORD-14571,2023-10-07,Consumer,East,Office Supplies,Binders,Heavy Binder Set,4,0,2400,611.41
ORD-14572,2024-01-15,Home Office,South,Technology,Phones,Smartphone X,3,0,54000,9387.48
ORD-14573,2024-07-24,Corporate,West,Office Supplies,Storage,Storage Box,1,0,900,194.0
ORD-14574,2023-02-02,Consumer,West,Office Supplies,Storage,Storage Box,1,0,900,204.66
ORD-14575,2024-01-21,Consumer,West,Furniture,Tables,Standing Desk,3,0.05,34200.0,2763.05
ORD-14576,2024-08-13,Corporate,East,Office Supplies,Paper,A4 Paper Pack,1,0,350,112.43
ORD-14577,2024-09-04,Consumer,South,Furniture,Tables,Standing Desk,3,0,36000,2607.24
ORD-14578,2024-08-13,Home Office,West,Furniture,Tables,Standing Desk,5,0,60000,4805.1
ORD-14579,2023-05-24,Consumer,East,Technology,Accessories,Wireless Earbuds,2,0.05,4750.0,1181.69
ORD-14580,2023-10-03,Consumer,South,Furniture,Chairs,Ergo Office Chair,1,0,6500,1384.97
ORD-14581,2023-10-12,Consumer,South,Office Supplies,Paper,A4 Paper Pack,5,0,1750,671.31
ORD-14582,2024-05-07,Corporate,West,Office Supplies,Paper,A4 Paper Pack,1,0.05,332.5,95.37
ORD-14583,2024-11-15,Consumer,North,Technology,Accessories,Wireless Earbuds,5,0.1,11250.0,2999.98
ORD-14584,2024-08-24,Corporate,South,Technology,Accessories,Laptop Bag,2,0.2,2880.0,533.45
ORD-14585,2024-10-17,Consumer,East,Office Supplies,Binders,Heavy Binder Set,4,0.1,2160.0,484.22
ORD-14586,2023-02-17,Consumer,South,Technology,Phones,Smartphone X,2,0,36000,3826.06
ORD-14587,2024-07-11,Home Office,North,Office Supplies,Storage,Storage Box,1,0,900,256.96
ORD-14588,2023-08-23,Consumer,East,Furniture,Bookcases,Wooden Bookcase,1,0.2,3600.0,166.71
ORD-14589,2024-04-12,Corporate,West,Office Supplies,Binders,Heavy Binder Set,5,0.2,2400.0,288.43
ORD-14590,2023-01-29,Corporate,North,Furniture,Bookcases,Wooden Bookcase,4,0,18000,2804.44
ORD-14591,2024-08-18,Home Office,West,Office Supplies,Paper,A4 Paper Pack,4,0,1400,467.14
ORD-14592,2024-01-21,Corporate,West,Technology,Accessories,Wireless Earbuds,1,0,2500,670.91
ORD-14593,2023-07-24,Home Office,West,Office Supplies,Binders,Heavy Binder Set,2,0,1200,331.94
ORD-14594,2024-03-16,Consumer,South,Technology,Phones,Smartphone X,4,0.2,57600.0,81.7
ORD-14595,2024-09-26,Home Office,West,Office Supplies,Binders,Heavy Binder Set,3,0,1800,521.03
ORD-14596,2023-01-03,Consumer,West,Furniture,Chairs,Ergo Office Chair,2,0.1,11700.0,1035.72
ORD-14597,2024-07-05,Home Office,West,Technology,Accessories,Laptop Bag,3,0,5400,1592.28
ORD-14598,2024-12-07,Consumer,West,Technology,Accessories,Wireless Earbuds,1,0.05,2375.0,549.47
ORD-14599,2024-07-14,Home Office,North,Office Supplies,Binders,Heavy Binder Set,3,0,1800,567.4
ORD-14600,2023-09-19,Consumer,North,Office Supplies,Paper,A4 Paper Pack,2,0,700,255.38
ORD-14601,2023-01-21,Corporate,West,Office Supplies,Storage,Storage Box,5,0.05,4275.0,989.75
ORD-14602,2024-08-04,Corporate,East,Technology,Machines,Laser Printer,3,0,27000,3015.72
ORD-14603,2023-01-17,Corporate,West,Furniture,Tables,Standing Desk,4,0,48000,6530.24
ORD-14604,2024-03-16,Home Office,East,Office Supplies,Storage,Storage Box,4,0.2,2880.0,405.77
ORD-14605,2024-01-08,Home Office,South,Office Supplies,Storage,Storage Box,1,0.05,855.0,154.73
ORD-14606,2023-10-29,Corporate,West,Technology,Accessories,Wireless Earbuds,1,0,2500,834.27
ORD-14607,2023-01-03,Consumer,West,Technology,Accessories,Wireless Earbuds,4,0.05,9500.0,2906.76
ORD-14608,2023-08-24,Consumer,West,Furniture,Tables,Standing Desk,5,0,60000,7482.93
ORD-14609,2024-01-22,Home Office,West,Technology,Accessories,Wireless Earbuds,1,0.05,2375.0,566.51
ORD-14610,2024-09-07,Consumer,East,Technology,Phones,Smartphone X,3,0.1,48600.0,2035.86
ORD-14611,2023-08-04,Corporate,West,Technology,Accessories,Wireless Earbuds,3,0,7500,2459.52
ORD-14612,2023-07-29,Corporate,West,Furniture,Chairs,Ergo Office Chair,2,0.2,10400.0,758.77
ORD-14613,2024-12-21,Consumer,West,Furniture,Bookcases,Wooden Bookcase,3,0,13500,1732.12
ORD-14614,2024-07-27,Consumer,North,Technology,Phones,Smartphone X,2,0.2,28800.0,-36.55
ORD-14615,2024-10-09,Home Office,South,Technology,Phones,Smartphone X,3,0.1,48600.0,4645.12
ORD-14616,2023-10-15,Home Office,North,Office Supplies,Paper,A4 Paper Pack,3,0,1050,385.92
ORD-14617,2024-12-03,Consumer,North,Technology,Accessories,Laptop Bag,4,0.2,5760.0,1304.74
ORD-14618,2024-12-28,Home Office,South,Furniture,Chairs,Ergo Office Chair,5,0,32500,6534.71
ORD-14619,2023-07-25,Home Office,East,Office Supplies,Binders,Heavy Binder Set,2,0,1200,364.11
ORD-14620,2024-09-17,Home Office,South,Office Supplies,Paper,A4 Paper Pack,3,0.2,840.0,175.97
ORD-14621,2024-10-02,Corporate,North,Office Supplies,Paper,A4 Paper Pack,5,0.05,1662.5,553.78
ORD-14622,2024-12-25,Consumer,West,Furniture,Chairs,Ergo Office Chair,3,0.1,17550.0,1685.86
ORD-14623,2024-11-06,Corporate,East,Office Supplies,Paper,A4 Paper Pack,4,0,1400,482.21
ORD-14624,2024-02-14,Corporate,South,Technology,Accessories,Wireless Earbuds,4,0,10000,3259.81
ORD-14625,2023-03-31,Corporate,South,Technology,Accessories,Wireless Earbuds,4,0,10000,2871.2
ORD-14626,2024-11-17,Consumer,West,Furniture,Bookcases,Wooden Bookcase,3,0.05,12825.0,1336.12
ORD-14627,2023-01-12,Consumer,South,Furniture,Tables,Standing Desk,3,0,36000,3559.67
ORD-14628,2023-07-08,Consumer,West,Technology,Machines,Laser Printer,4,0.2,28800.0,783.19
ORD-14629,2023-10-24,Home Office,North,Technology,Accessories,Laptop Bag,2,0,3600,1100.78
ORD-14630,2023-09-05,Consumer,North,Technology,Accessories,Laptop Bag,2,0.05,3420.0,1124.47
ORD-14631,2024-05-05,Corporate,North,Technology,Accessories,Wireless Earbuds,1,0,2500,813.6
ORD-14632,2023-11-05,Corporate,North,Technology,Accessories,Laptop Bag,4,0,7200,2339.62
ORD-14633,2023-04-15,Home Office,South,Technology,Accessories,Wireless Earbuds,2,0,5000,1318.75
ORD-14634,2024-04-27,Corporate,North,Furniture,Chairs,Ergo Office Chair,5,0,32500,6281.62
ORD-14635,2024-07-18,Home Office,South,Office Supplies,Storage,Storage Box,4,0.05,3420.0,650.58
ORD-14636,2023-02-25,Home Office,West,Furniture,Tables,Standing Desk,3,0.1,32400.0,323.66
ORD-14637,2024-11-27,Home Office,West,Furniture,Chairs,Ergo Office Chair,4,0,26000,5656.41
ORD-14638,2023-02-22,Home Office,South,Technology,Machines,Laser Printer,2,0,18000,2551.82
ORD-14639,2024-10-11,Home Office,West,Technology,Phones,Smartphone X,4,0,72000,11523.76
ORD-14640,2024-08-30,Home Office,South,Technology,Accessories,Wireless Earbuds,4,0.05,9500.0,2232.98
ORD-14641,2024-09-04,Consumer,West,Technology,Machines,Laser Printer,2,0.05,17100.0,1213.14
ORD-14642,2024-03-22,Home Office,North,Office Supplies,Paper,A4 Paper Pack,5,0,1750,586.86
ORD-14643,2023-11-04,Consumer,South,Office Supplies,Binders,Heavy Binder Set,4,0,2400,578.87
ORD-14644,2023-06-19,Consumer,South,Technology,Accessories,Laptop Bag,1,0.2,1440.0,296.24
ORD-14645,2024-12-16,Home Office,West,Technology,Machines,Laser Printer,5,0,45000,6787.84
ORD-14646,2024-08-17,Consumer,West,Technology,Accessories,Wireless Earbuds,2,0.05,4750.0,1429.96
ORD-14647,2024-03-04,Consumer,South,Technology,Accessories,Laptop Bag,5,0.1,8100.0,1989.93
ORD-14648,2023-08-24,Home Office,East,Technology,Accessories,Laptop Bag,4,0,7200,2164.69
ORD-14649,2024-07-14,Corporate,North,Furniture,Chairs,Ergo Office Chair,4,0.2,20800.0,1630.13
ORD-14650,2024-10-06,Consumer,South,Technology,Accessories,Wireless Earbuds,1,0,2500,806.63
ORD-14651,2023-02-04,Consumer,East,Furniture,Tables,Standing Desk,1,0.1,10800.0,611.31
ORD-14652,2024-02-17,Corporate,North,Office Supplies,Binders,Heavy Binder Set,1,0,600,159.23
ORD-14653,2024-07-23,Home Office,North,Office Supplies,Paper,A4 Paper Pack,2,0.05,665.0,214.43
ORD-14654,2023-05-10,Consumer,East,Furniture,Bookcases,Wooden Bookcase,5,0,22500,3713.57
ORD-14655,2024-12-01,Consumer,West,Furniture,Chairs,Ergo Office Chair,4,0,26000,3881.76
ORD-14656,2023-10-22,Home Office,East,Technology,Phones,Smartphone X,2,0,36000,4147.95
ORD-14657,2023-02-24,Home Office,West,Technology,Phones,Smartphone X,2,0.1,32400.0,2124.08
ORD-14658,2023-12-11,Corporate,West,Furniture,Chairs,Ergo Office Chair,4,0.1,23400.0,2238.1
ORD-14659,2024-09-22,Home Office,South,Furniture,Bookcases,Wooden Bookcase,3,0,13500,2094.47
ORD-14660,2023-07-11,Consumer,West,Office Supplies,Binders,Heavy Binder Set,3,0.2,1440.0,182.63
ORD-14661,2024-05-12,Home Office,West,Office Supplies,Paper,A4 Paper Pack,4,0,1400,458.46
ORD-14662,2023-04-22,Corporate,North,Furniture,Bookcases,Wooden Bookcase,4,0.2,14400.0,389.39
ORD-14663,2023-03-19,Consumer,South,Furniture,Bookcases,Wooden Bookcase,5,0,22500,3789.51
ORD-14664,2023-06-06,Consumer,North,Technology,Phones,Smartphone X,5,0,90000,11602.75
ORD-14665,2024-07-02,Home Office,East,Office Supplies,Storage,Storage Box,2,0.1,1620.0,367.94
ORD-14666,2024-12-28,Consumer,North,Office Supplies,Storage,Storage Box,2,0.1,1620.0,303.44
ORD-14667,2023-01-30,Consumer,West,Office Supplies,Binders,Heavy Binder Set,5,0.1,2700.0,529.79
ORD-14668,2023-06-22,Consumer,South,Office Supplies,Paper,A4 Paper Pack,3,0,1050,371.26
ORD-14669,2023-01-03,Consumer,East,Technology,Machines,Laser Printer,1,0,9000,1164.37
ORD-14670,2023-04-14,Home Office,South,Office Supplies,Binders,Heavy Binder Set,3,0.2,1440.0,180.79
ORD-14671,2023-12-25,Consumer,South,Office Supplies,Paper,A4 Paper Pack,2,0.2,560.0,124.12
ORD-14672,2024-04-04,Home Office,North,Furniture,Bookcases,Wooden Bookcase,3,0,13500,1583.68
ORD-14673,2023-01-14,Home Office,East,Furniture,Bookcases,Wooden Bookcase,1,0,4500,679.78
ORD-14674,2024-05-22,Consumer,South,Furniture,Tables,Standing Desk,2,0,24000,2264.21
ORD-14675,2024-05-23,Corporate,South,Technology,Phones,Smartphone X,2,0.05,34200.0,2423.37
ORD-14676,2023-04-07,Home Office,South,Furniture,Bookcases,Wooden Bookcase,1,0,4500,763.5
ORD-14677,2023-01-03,Home Office,East,Furniture,Chairs,Ergo Office Chair,3,0.2,15600.0,489.65
ORD-14678,2023-05-29,Corporate,South,Office Supplies,Binders,Heavy Binder Set,3,0,1800,514.7
ORD-14679,2024-09-20,Corporate,West,Office Supplies,Storage,Storage Box,1,0.1,810.0,128.75
ORD-14680,2023-06-16,Home Office,West,Office Supplies,Paper,A4 Paper Pack,4,0.1,1260.0,353.86
ORD-14681,2024-06-19,Consumer,East,Furniture,Tables,Standing Desk,1,0,12000,918.09
ORD-14682,2023-10-08,Corporate,West,Furniture,Tables,Standing Desk,1,0,12000,1093.95
ORD-14683,2023-07-18,Corporate,East,Office Supplies,Binders,Heavy Binder Set,1,0,600,176.92
ORD-14684,2024-08-05,Home Office,North,Furniture,Bookcases,Wooden Bookcase,5,0,22500,2654.73
ORD-14685,2023-12-25,Home Office,South,Furniture,Tables,Standing Desk,2,0.1,21600.0,1633.6
ORD-14686,2024-01-13,Corporate,North,Technology,Accessories,Laptop Bag,2,0,3600,1035.62
ORD-14687,2023-08-27,Home Office,West,Technology,Phones,Smartphone X,5,0.05,85500.0,10193.47
ORD-14688,2023-03-16,Home Office,East,Furniture,Chairs,Ergo Office Chair,1,0,6500,1344.96
ORD-14689,2023-10-07,Home Office,North,Furniture,Chairs,Ergo Office Chair,2,0,13000,2507.09
ORD-14690,2023-09-01,Home Office,East,Office Supplies,Storage,Storage Box,2,0.05,1710.0,396.44
ORD-14691,2023-06-26,Corporate,West,Furniture,Tables,Standing Desk,1,0.2,9600.0,77.44
ORD-14692,2024-12-28,Consumer,East,Technology,Machines,Laser Printer,3,0.2,21600.0,639.99
ORD-14693,2023-02-05,Consumer,East,Technology,Accessories,Wireless Earbuds,1,0,2500,832.93
ORD-14694,2023-08-28,Home Office,South,Office Supplies,Paper,A4 Paper Pack,2,0.05,665.0,209.89
ORD-14695,2023-10-27,Home Office,North,Furniture,Chairs,Ergo Office Chair,1,0.05,6175.0,815.77
ORD-14696,2024-12-11,Home Office,North,Technology,Phones,Smartphone X,3,0,54000,8866.12
ORD-14697,2024-06-04,Corporate,North,Technology,Accessories,Laptop Bag,4,0,7200,2497.98
ORD-14698,2024-08-13,Consumer,East,Furniture,Tables,Standing Desk,2,0,24000,2609.57
ORD-14699,2024-12-03,Home Office,South,Furniture,Bookcases,Wooden Bookcase,3,0.2,10800.0,523.44
ORD-14700,2023-02-03,Corporate,West,Furniture,Bookcases,Wooden Bookcase,5,0.05,21375.0,2467.45
ORD-14701,2024-03-16,Corporate,South,Technology,Accessories,Wireless Earbuds,1,0.2,2000.0,310.14
ORD-14702,2023-01-14,Consumer,West,Furniture,Tables,Standing Desk,3,0.05,34200.0,2152.35
ORD-14703,2024-10-07,Consumer,East,Furniture,Bookcases,Wooden Bookcase,1,0,4500,854.04
ORD-14704,2024-12-10,Consumer,East,Technology,Accessories,Laptop Bag,4,0,7200,2475.64
ORD-14705,2024-04-30,Consumer,West,Technology,Machines,Laser Printer,2,0,18000,2558.29
ORD-14706,2024-06-06,Home Office,South,Technology,Accessories,Laptop Bag,4,0,7200,2020.47
ORD-14707,2023-07-24,Home Office,South,Office Supplies,Paper,A4 Paper Pack,1,0,350,127.31
ORD-14708,2023-01-06,Home Office,North,Office Supplies,Binders,Heavy Binder Set,3,0.05,1710.0,482.56
ORD-14709,2024-07-05,Home Office,South,Technology,Accessories,Laptop Bag,5,0.2,7200.0,1428.0
ORD-14710,2023-12-09,Consumer,South,Furniture,Bookcases,Wooden Bookcase,4,0,18000,3293.81
ORD-14711,2024-01-17,Consumer,East,Office Supplies,Binders,Heavy Binder Set,5,0.1,2700.0,632.15
ORD-14712,2024-06-25,Home Office,North,Office Supplies,Storage,Storage Box,5,0.1,4050.0,735.99
ORD-14713,2024-02-05,Home Office,South,Furniture,Tables,Standing Desk,2,0.1,21600.0,807.69
ORD-14714,2023-02-08,Consumer,West,Technology,Accessories,Laptop Bag,1,0.2,1440.0,230.87
ORD-14715,2024-03-07,Home Office,East,Technology,Accessories,Laptop Bag,5,0.1,8100.0,2332.58
ORD-14716,2024-07-31,Home Office,East,Furniture,Bookcases,Wooden Bookcase,4,0.2,14400.0,893.55
ORD-14717,2024-10-04,Consumer,West,Furniture,Tables,Standing Desk,3,0,36000,4608.0
ORD-14718,2023-10-27,Corporate,East,Technology,Machines,Laser Printer,4,0,36000,3990.53
ORD-14719,2024-04-26,Consumer,West,Furniture,Tables,Standing Desk,4,0,48000,6695.1
ORD-14720,2023-01-24,Home Office,South,Furniture,Tables,Standing Desk,2,0,24000,2553.1
ORD-14721,2024-11-08,Home Office,North,Office Supplies,Storage,Storage Box,3,0.2,2160.0,304.44
ORD-14722,2023-12-06,Corporate,West,Technology,Accessories,Laptop Bag,5,0.05,8550.0,2386.39
ORD-14723,2024-01-07,Home Office,North,Furniture,Chairs,Ergo Office Chair,4,0,26000,4506.61
ORD-14724,2023-10-11,Home Office,North,Office Supplies,Storage,Storage Box,3,0,2700,781.05
ORD-14725,2023-12-24,Consumer,West,Furniture,Chairs,Ergo Office Chair,1,0.05,6175.0,1001.41
ORD-14726,2023-12-09,Consumer,East,Office Supplies,Paper,A4 Paper Pack,1,0.2,280.0,67.46
ORD-14727,2024-04-28,Corporate,South,Technology,Phones,Smartphone X,4,0.1,64800.0,5363.37
ORD-14728,2023-04-22,Consumer,South,Furniture,Chairs,Ergo Office Chair,5,0,32500,5284.56
ORD-14729,2023-10-31,Home Office,East,Technology,Accessories,Laptop Bag,5,0,9000,2613.53
ORD-14730,2024-05-17,Consumer,West,Technology,Phones,Smartphone X,2,0,36000,3850.56
ORD-14731,2023-08-25,Home Office,East,Technology,Machines,Laser Printer,4,0,36000,3783.06
ORD-14732,2024-08-20,Home Office,North,Furniture,Tables,Standing Desk,5,0.05,57000.0,2420.79
ORD-14733,2023-05-22,Consumer,East,Technology,Machines,Laser Printer,2,0,18000,2134.18
ORD-14734,2023-11-10,Home Office,East,Technology,Accessories,Laptop Bag,3,0,5400,1764.79
ORD-14735,2023-08-24,Consumer,North,Furniture,Bookcases,Wooden Bookcase,4,0,18000,3295.08
ORD-14736,2023-01-31,Corporate,East,Technology,Accessories,Wireless Earbuds,4,0,10000,2658.91
ORD-14737,2023-07-19,Corporate,North,Furniture,Bookcases,Wooden Bookcase,5,0,22500,3913.78
ORD-14738,2024-07-19,Home Office,North,Technology,Accessories,Wireless Earbuds,5,0.1,11250.0,2474.35
ORD-14739,2024-12-02,Consumer,West,Technology,Machines,Laser Printer,4,0.2,28800.0,535.49
ORD-14740,2023-09-02,Consumer,South,Office Supplies,Binders,Heavy Binder Set,4,0,2400,749.98
ORD-14741,2024-10-29,Consumer,East,Office Supplies,Storage,Storage Box,2,0.2,1440.0,211.4
ORD-14742,2023-10-16,Consumer,North,Furniture,Tables,Standing Desk,4,0.1,43200.0,2401.83
ORD-14743,2024-11-19,Corporate,East,Furniture,Bookcases,Wooden Bookcase,3,0,13500,2361.18
ORD-14744,2023-02-08,Consumer,West,Office Supplies,Paper,A4 Paper Pack,2,0.2,560.0,121.31
ORD-14745,2023-12-31,Consumer,South,Office Supplies,Storage,Storage Box,5,0.2,3600.0,413.74
ORD-14746,2024-04-20,Home Office,North,Office Supplies,Binders,Heavy Binder Set,4,0,2400,686.7
ORD-14747,2023-07-17,Home Office,South,Office Supplies,Paper,A4 Paper Pack,1,0,350,123.05
ORD-14748,2023-10-26,Home Office,North,Office Supplies,Paper,A4 Paper Pack,2,0.05,665.0,233.54
ORD-14749,2023-05-19,Corporate,East,Technology,Machines,Laser Printer,2,0,18000,2252.5
ORD-14750,2024-05-13,Consumer,West,Office Supplies,Paper,A4 Paper Pack,1,0.05,332.5,113.67
ORD-14751,2024-04-18,Corporate,North,Office Supplies,Binders,Heavy Binder Set,1,0.2,480.0,60.18
ORD-14752,2023-05-10,Corporate,East,Technology,Phones,Smartphone X,2,0.1,32400.0,3494.91
ORD-14753,2024-03-25,Consumer,North,Office Supplies,Binders,Heavy Binder Set,4,0.1,2160.0,470.99
ORD-14754,2023-10-13,Consumer,South,Technology,Accessories,Wireless Earbuds,5,0.2,10000.0,1554.91
ORD-14755,2024-03-07,Corporate,South,Technology,Accessories,Wireless Earbuds,5,0,12500,3827.99
ORD-14756,2023-03-26,Consumer,South,Furniture,Bookcases,Wooden Bookcase,2,0,9000,1335.88
ORD-14757,2024-11-07,Consumer,South,Technology,Phones,Smartphone X,1,0.1,16200.0,811.2
ORD-14758,2024-04-24,Consumer,East,Office Supplies,Binders,Heavy Binder Set,3,0,1800,497.38
ORD-14759,2023-08-03,Home Office,West,Office Supplies,Storage,Storage Box,3,0.05,2565.0,612.59
ORD-14760,2024-08-05,Consumer,South,Office Supplies,Storage,Storage Box,2,0,1800,435.63
ORD-14761,2024-05-25,Consumer,West,Office Supplies,Storage,Storage Box,1,0,900,259.62
ORD-14762,2024-12-15,Home Office,West,Office Supplies,Storage,Storage Box,1,0,900,207.63
ORD-14763,2023-10-02,Corporate,West,Technology,Accessories,Laptop Bag,3,0,5400,1831.96
ORD-14764,2023-10-31,Home Office,West,Technology,Accessories,Laptop Bag,4,0.2,5760.0,1300.34
ORD-14765,2024-10-15,Corporate,East,Furniture,Tables,Standing Desk,4,0,48000,5547.93
ORD-14766,2023-05-13,Home Office,East,Office Supplies,Binders,Heavy Binder Set,2,0.05,1140.0,289.57
ORD-14767,2023-12-11,Consumer,East,Office Supplies,Storage,Storage Box,5,0,4500,950.07
ORD-14768,2023-11-06,Consumer,West,Office Supplies,Binders,Heavy Binder Set,4,0.05,2280.0,620.24
ORD-14769,2023-03-06,Consumer,East,Technology,Accessories,Laptop Bag,5,0.1,8100.0,2175.12
ORD-14770,2023-04-27,Consumer,West,Office Supplies,Storage,Storage Box,1,0.1,810.0,130.33
ORD-14771,2024-05-21,Consumer,North,Technology,Accessories,Wireless Earbuds,4,0,10000,2695.62
ORD-14772,2023-09-14,Corporate,North,Office Supplies,Binders,Heavy Binder Set,1,0.2,480.0,77.41
ORD-14773,2023-09-09,Consumer,North,Office Supplies,Paper,A4 Paper Pack,5,0.1,1575.0,395.08
ORD-14774,2024-05-23,Home Office,East,Office Supplies,Paper,A4 Paper Pack,4,0,1400,545.94
ORD-14775,2024-04-12,Consumer,South,Technology,Machines,Laser Printer,4,0.1,32400.0,2005.42
ORD-14776,2024-07-15,Consumer,East,Furniture,Tables,Standing Desk,2,0.1,21600.0,1183.18
ORD-14777,2024-05-09,Consumer,North,Furniture,Tables,Standing Desk,1,0.05,11400.0,1064.12
ORD-14778,2024-12-16,Corporate,North,Office Supplies,Storage,Storage Box,3,0.1,2430.0,368.33
ORD-14779,2024-11-15,Home Office,West,Technology,Accessories,Wireless Earbuds,4,0,10000,3153.71
ORD-14780,2023-12-22,Corporate,North,Technology,Accessories,Wireless Earbuds,3,0,7500,1973.65
ORD-14781,2024-06-18,Consumer,South,Technology,Phones,Smartphone X,4,0,72000,7535.32
ORD-14782,2023-11-11,Home Office,West,Office Supplies,Storage,Storage Box,5,0,4500,1208.52
ORD-14783,2023-11-30,Consumer,East,Technology,Machines,Laser Printer,3,0.05,25650.0,1453.3
ORD-14784,2024-12-14,Consumer,West,Technology,Accessories,Wireless Earbuds,1,0.1,2250.0,616.53
ORD-14785,2023-02-08,Consumer,South,Technology,Accessories,Wireless Earbuds,4,0.1,9000.0,2330.57
ORD-14786,2023-01-09,Home Office,West,Technology,Phones,Smartphone X,2,0,36000,5515.56
ORD-14787,2023-05-03,Consumer,South,Furniture,Chairs,Ergo Office Chair,5,0,32500,4635.21
ORD-14788,2024-03-31,Corporate,East,Office Supplies,Binders,Heavy Binder Set,3,0.1,1620.0,394.06
ORD-14789,2024-04-22,Home Office,West,Furniture,Bookcases,Wooden Bookcase,2,0.1,8100.0,678.63
ORD-14790,2024-07-05,Home Office,East,Furniture,Tables,Standing Desk,2,0,24000,1730.59
ORD-14791,2024-05-07,Corporate,North,Technology,Machines,Laser Printer,1,0,9000,780.03
ORD-14792,2023-09-20,Home Office,East,Furniture,Chairs,Ergo Office Chair,4,0,26000,3721.85
ORD-14793,2023-03-11,Home Office,South,Furniture,Chairs,Ergo Office Chair,2,0.05,12350.0,2284.68
ORD-14794,2024-10-03,Home Office,West,Office Supplies,Paper,A4 Paper Pack,4,0.2,1120.0,264.18
ORD-14795,2023-10-11,Corporate,East,Technology,Accessories,Wireless Earbuds,4,0,10000,3269.99
ORD-14796,2023-12-30,Consumer,East,Technology,Accessories,Wireless Earbuds,4,0,10000,3078.97
ORD-14797,2024-01-17,Corporate,East,Technology,Accessories,Laptop Bag,4,0.1,6480.0,1689.54
ORD-14798,2024-03-07,Corporate,West,Technology,Phones,Smartphone X,5,0,90000,10522.36
ORD-14799,2023-05-09,Corporate,North,Technology,Phones,Smartphone X,3,0.05,51300.0,4639.54
ORD-14800,2024-02-19,Corporate,East,Technology,Accessories,Laptop Bag,5,0.05,8550.0,2280.52
ORD-14801,2024-07-18,Consumer,North,Furniture,Bookcases,Wooden Bookcase,2,0.05,8550.0,1187.86
ORD-14802,2024-10-26,Home Office,North,Technology,Accessories,Wireless Earbuds,1,0.2,2000.0,362.89
ORD-14803,2024-12-06,Home Office,East,Furniture,Tables,Standing Desk,4,0.2,38400.0,-1000.58
ORD-14804,2024-03-13,Home Office,West,Technology,Machines,Laser Printer,1,0,9000,977.02
ORD-14805,2023-03-30,Home Office,South,Furniture,Chairs,Ergo Office Chair,1,0.2,5200.0,292.85
ORD-14806,2024-04-23,Consumer,West,Office Supplies,Storage,Storage Box,1,0,900,252.7
ORD-14807,2023-07-18,Consumer,North,Furniture,Bookcases,Wooden Bookcase,5,0.05,21375.0,2843.21
ORD-14808,2023-09-09,Home Office,West,Furniture,Bookcases,Wooden Bookcase,3,0.1,12150.0,1410.6
ORD-14809,2024-11-08,Consumer,East,Office Supplies,Storage,Storage Box,1,0.2,720.0,99.92
ORD-14810,2023-12-12,Corporate,East,Furniture,Tables,Standing Desk,5,0.2,48000.0,-807.04
ORD-14811,2023-10-16,Corporate,North,Furniture,Tables,Standing Desk,2,0.1,21600.0,428.38
ORD-14812,2023-12-20,Consumer,North,Office Supplies,Storage,Storage Box,3,0.2,2160.0,276.38
ORD-14813,2023-07-17,Home Office,North,Technology,Accessories,Wireless Earbuds,4,0,10000,2999.23
ORD-14814,2024-08-20,Consumer,West,Furniture,Bookcases,Wooden Bookcase,2,0.1,8100.0,944.25
ORD-14815,2023-11-25,Home Office,West,Office Supplies,Paper,A4 Paper Pack,5,0.1,1575.0,459.08
ORD-14816,2024-03-08,Corporate,East,Office Supplies,Storage,Storage Box,5,0.05,4275.0,1091.22
ORD-14817,2023-07-29,Consumer,South,Office Supplies,Storage,Storage Box,3,0.05,2565.0,617.34
ORD-14818,2023-07-28,Home Office,South,Technology,Accessories,Wireless Earbuds,5,0,12500,3972.04
ORD-14819,2023-11-05,Home Office,West,Technology,Phones,Smartphone X,3,0.1,48600.0,3635.14
ORD-14820,2023-09-08,Consumer,North,Technology,Accessories,Wireless Earbuds,5,0,12500,3501.17
ORD-14821,2023-03-25,Corporate,South,Furniture,Tables,Standing Desk,5,0,60000,7380.6
ORD-14822,2023-11-09,Consumer,East,Furniture,Bookcases,Wooden Bookcase,4,0,18000,3306.42
ORD-14823,2023-11-01,Consumer,North,Office Supplies,Paper,A4 Paper Pack,2,0.2,560.0,112.33
ORD-14824,2024-12-09,Home Office,East,Office Supplies,Binders,Heavy Binder Set,1,0.2,480.0,73.69
ORD-14825,2024-01-15,Consumer,South,Furniture,Bookcases,Wooden Bookcase,2,0,9000,1262.71
ORD-14826,2023-11-28,Corporate,South,Furniture,Tables,Standing Desk,2,0,24000,1541.49
ORD-14827,2024-08-20,Home Office,South,Office Supplies,Binders,Heavy Binder Set,1,0.1,540.0,115.08
ORD-14828,2023-08-02,Consumer,North,Office Supplies,Binders,Heavy Binder Set,3,0.05,1710.0,384.83
ORD-14829,2023-04-08,Corporate,South,Technology,Accessories,Wireless Earbuds,2,0.1,4500.0,1151.47
ORD-14830,2024-02-13,Corporate,North,Office Supplies,Binders,Heavy Binder Set,5,0,3000,937.48
ORD-14831,2023-08-28,Corporate,West,Furniture,Tables,Standing Desk,3,0.1,32400.0,2233.7
ORD-14832,2023-10-10,Corporate,North,Furniture,Bookcases,Wooden Bookcase,4,0,18000,3000.46
ORD-14833,2024-01-18,Home Office,South,Technology,Phones,Smartphone X,2,0.2,28800.0,1392.8
ORD-14834,2023-09-12,Home Office,West,Technology,Accessories,Wireless Earbuds,2,0.2,4000.0,727.46
ORD-14835,2023-11-16,Home Office,East,Technology,Phones,Smartphone X,3,0.1,48600.0,3003.51
ORD-14836,2023-05-12,Corporate,West,Office Supplies,Storage,Storage Box,2,0.2,1440.0,226.45
ORD-14837,2024-10-14,Home Office,South,Furniture,Bookcases,Wooden Bookcase,2,0,9000,1164.63
ORD-14838,2024-09-12,Corporate,North,Technology,Machines,Laser Printer,5,0.1,40500.0,2609.78
ORD-14839,2024-08-08,Consumer,South,Technology,Machines,Laser Printer,2,0.2,14400.0,-392.44
ORD-14840,2024-10-03,Consumer,West,Office Supplies,Paper,A4 Paper Pack,5,0.05,1662.5,595.86
ORD-14841,2024-11-14,Home Office,East,Office Supplies,Binders,Heavy Binder Set,5,0.05,2850.0,629.55
ORD-14842,2023-05-20,Consumer,South,Technology,Machines,Laser Printer,5,0.05,42750.0,4664.13
ORD-14843,2023-04-23,Corporate,West,Office Supplies,Storage,Storage Box,4,0.05,3420.0,769.1
ORD-14844,2024-12-11,Consumer,South,Technology,Phones,Smartphone X,4,0,72000,11035.23
ORD-14845,2023-07-19,Corporate,South,Furniture,Bookcases,Wooden Bookcase,3,0.05,12825.0,1275.03
ORD-14846,2023-05-25,Consumer,North,Technology,Machines,Laser Printer,4,0.05,34200.0,3472.85
ORD-14847,2023-07-11,Home Office,West,Furniture,Chairs,Ergo Office Chair,3,0.1,17550.0,1904.46
ORD-14848,2023-06-14,Home Office,South,Technology,Machines,Laser Printer,4,0,36000,5026.94
ORD-14849,2023-05-08,Consumer,East,Furniture,Bookcases,Wooden Bookcase,4,0,18000,2429.53
ORD-14850,2023-02-01,Corporate,South,Technology,Machines,Laser Printer,3,0,27000,2889.54
ORD-14851,2024-12-19,Consumer,North,Office Supplies,Binders,Heavy Binder Set,4,0.2,1920.0,236.34
ORD-14852,2023-11-05,Home Office,West,Office Supplies,Storage,Storage Box,5,0,4500,1074.49
ORD-14853,2024-04-13,Home Office,West,Furniture,Tables,Standing Desk,4,0.2,38400.0,-890.16
ORD-14854,2024-09-14,Corporate,East,Furniture,Bookcases,Wooden Bookcase,4,0.1,16200.0,823.17
ORD-14855,2024-07-04,Consumer,South,Office Supplies,Paper,A4 Paper Pack,4,0.2,1120.0,233.25
ORD-14856,2024-04-03,Corporate,East,Technology,Accessories,Wireless Earbuds,2,0,5000,1517.75
ORD-14857,2024-01-27,Corporate,South,Office Supplies,Binders,Heavy Binder Set,1,0,600,175.64
ORD-14858,2023-06-29,Home Office,East,Technology,Accessories,Laptop Bag,3,0,5400,1763.72
ORD-14859,2024-12-04,Consumer,East,Office Supplies,Paper,A4 Paper Pack,3,0,1050,366.51
ORD-14860,2023-06-05,Consumer,North,Technology,Accessories,Wireless Earbuds,2,0.2,4000.0,575.1
ORD-14861,2024-05-26,Corporate,South,Furniture,Chairs,Ergo Office Chair,5,0.05,30875.0,3621.31
ORD-14862,2024-02-03,Consumer,East,Furniture,Chairs,Ergo Office Chair,3,0.05,18525.0,2852.44
ORD-14863,2024-10-19,Consumer,North,Office Supplies,Storage,Storage Box,1,0,900,227.94
ORD-14864,2023-10-02,Consumer,East,Furniture,Chairs,Ergo Office Chair,2,0.05,12350.0,1635.34
ORD-14865,2023-10-28,Corporate,South,Technology,Phones,Smartphone X,2,0.2,28800.0,935.28
ORD-14866,2024-01-10,Corporate,West,Office Supplies,Binders,Heavy Binder Set,1,0,600,188.45
ORD-14867,2024-04-30,Home Office,East,Furniture,Bookcases,Wooden Bookcase,4,0.2,14400.0,911.83
ORD-14868,2023-09-23,Home Office,East,Office Supplies,Binders,Heavy Binder Set,3,0.1,1620.0,336.09
ORD-14869,2024-12-15,Consumer,West,Technology,Phones,Smartphone X,3,0,54000,9273.1
ORD-14870,2023-04-11,Corporate,East,Technology,Accessories,Wireless Earbuds,4,0,10000,2840.29
ORD-14871,2024-10-23,Consumer,East,Office Supplies,Storage,Storage Box,2,0.1,1620.0,287.71
ORD-14872,2023-04-09,Home Office,South,Furniture,Bookcases,Wooden Bookcase,2,0,9000,1668.53
ORD-14873,2024-07-26,Consumer,South,Technology,Accessories,Wireless Earbuds,4,0.2,8000.0,1320.53
ORD-14874,2023-03-11,Corporate,South,Furniture,Bookcases,Wooden Bookcase,4,0,18000,3003.17
ORD-14875,2023-02-15,Home Office,West,Furniture,Chairs,Ergo Office Chair,1,0.2,5200.0,160.37
ORD-14876,2024-07-18,Home Office,South,Furniture,Tables,Standing Desk,4,0,48000,2978.77
ORD-14877,2023-08-14,Consumer,South,Technology,Phones,Smartphone X,2,0.2,28800.0,258.91
ORD-14878,2024-06-17,Corporate,North,Technology,Accessories,Wireless Earbuds,2,0.2,4000.0,877.45
ORD-14879,2024-06-27,Corporate,South,Technology,Machines,Laser Printer,5,0,45000,7195.21
ORD-14880,2023-08-06,Home Office,North,Technology,Phones,Smartphone X,5,0,90000,9649.83
ORD-14881,2024-08-31,Consumer,East,Technology,Phones,Smartphone X,3,0.2,43200.0,2006.05
ORD-14882,2023-12-17,Consumer,East,Furniture,Bookcases,Wooden Bookcase,5,0.1,20250.0,1111.53
ORD-14883,2024-11-11,Home Office,South,Office Supplies,Binders,Heavy Binder Set,5,0,3000,741.25
ORD-14884,2024-10-28,Home Office,North,Furniture,Bookcases,Wooden Bookcase,3,0.05,12825.0,1034.37
ORD-14885,2024-12-01,Home Office,South,Technology,Accessories,Wireless Earbuds,2,0,5000,1596.41
ORD-14886,2023-07-16,Consumer,West,Office Supplies,Storage,Storage Box,3,0.05,2565.0,475.79
ORD-14887,2024-05-24,Consumer,West,Office Supplies,Binders,Heavy Binder Set,4,0.1,2160.0,460.69
ORD-14888,2023-06-29,Consumer,North,Technology,Machines,Laser Printer,1,0,9000,828.53
ORD-14889,2024-10-13,Consumer,North,Furniture,Chairs,Ergo Office Chair,5,0,32500,7134.22
ORD-14890,2023-08-06,Home Office,North,Furniture,Tables,Standing Desk,5,0,60000,4381.25
ORD-14891,2024-02-12,Corporate,East,Office Supplies,Storage,Storage Box,1,0.1,810.0,146.11
ORD-14892,2024-08-21,Consumer,North,Technology,Machines,Laser Printer,2,0,18000,2627.28
ORD-14893,2024-01-11,Home Office,South,Technology,Accessories,Wireless Earbuds,2,0,5000,1428.37
ORD-14894,2023-03-12,Home Office,West,Technology,Machines,Laser Printer,2,0.05,17100.0,2060.21
ORD-14895,2023-12-25,Home Office,South,Furniture,Tables,Standing Desk,1,0.05,11400.0,419.59
ORD-14896,2024-05-23,Home Office,West,Technology,Accessories,Laptop Bag,1,0.1,1620.0,371.32
ORD-14897,2023-08-07,Consumer,South,Furniture,Bookcases,Wooden Bookcase,1,0,4500,581.1
ORD-14898,2023-01-18,Corporate,North,Furniture,Chairs,Ergo Office Chair,3,0,19500,3654.2
ORD-14899,2024-12-03,Corporate,East,Technology,Accessories,Wireless Earbuds,3,0.1,6750.0,1606.36
ORD-14900,2023-02-13,Consumer,East,Office Supplies,Binders,Heavy Binder Set,4,0,2400,720.22
ORD-14901,2024-06-05,Corporate,South,Office Supplies,Binders,Heavy Binder Set,2,0,1200,295.22
ORD-14902,2023-03-30,Home Office,North,Technology,Phones,Smartphone X,2,0.2,28800.0,570.16
ORD-14903,2023-03-11,Consumer,South,Technology,Phones,Smartphone X,3,0.2,43200.0,1745.43
ORD-14904,2024-07-14,Consumer,North,Technology,Accessories,Laptop Bag,5,0.05,8550.0,2725.54
ORD-14905,2023-11-11,Home Office,East,Office Supplies,Binders,Heavy Binder Set,1,0,600,160.58
ORD-14906,2023-10-27,Consumer,South,Technology,Accessories,Laptop Bag,4,0.05,6840.0,2085.61
ORD-14907,2024-12-23,Consumer,West,Furniture,Chairs,Ergo Office Chair,2,0.2,10400.0,591.73
ORD-14908,2023-03-23,Home Office,West,Furniture,Bookcases,Wooden Bookcase,5,0,22500,3881.43
ORD-14909,2024-10-02,Corporate,South,Technology,Accessories,Wireless Earbuds,3,0.2,6000.0,863.31
ORD-14910,2023-07-07,Corporate,East,Furniture,Chairs,Ergo Office Chair,3,0,19500,4047.23
ORD-14911,2024-10-18,Home Office,South,Office Supplies,Binders,Heavy Binder Set,3,0,1800,558.96
ORD-14912,2024-04-02,Home Office,North,Technology,Machines,Laser Printer,2,0.05,17100.0,1313.35
ORD-14913,2024-09-13,Corporate,South,Office Supplies,Binders,Heavy Binder Set,2,0,1200,338.36
ORD-14914,2024-05-20,Corporate,North,Office Supplies,Storage,Storage Box,3,0.2,2160.0,241.81
ORD-14915,2023-06-08,Consumer,East,Technology,Accessories,Wireless Earbuds,5,0.05,11875.0,3473.89
ORD-14916,2024-01-16,Home Office,South,Technology,Machines,Laser Printer,2,0.05,17100.0,1532.99
ORD-14917,2024-02-06,Home Office,South,Office Supplies,Binders,Heavy Binder Set,2,0.05,1140.0,319.48
ORD-14918,2023-04-20,Home Office,South,Furniture,Chairs,Ergo Office Chair,5,0,32500,4634.61
ORD-14919,2023-11-02,Corporate,East,Office Supplies,Binders,Heavy Binder Set,3,0.1,1620.0,331.93
ORD-14920,2024-01-14,Corporate,North,Office Supplies,Binders,Heavy Binder Set,3,0,1800,488.58
ORD-14921,2023-04-08,Corporate,South,Office Supplies,Paper,A4 Paper Pack,2,0,700,242.61
ORD-14922,2024-02-26,Corporate,East,Office Supplies,Binders,Heavy Binder Set,4,0,2400,599.39
ORD-14923,2023-01-04,Corporate,North,Technology,Accessories,Wireless Earbuds,1,0.2,2000.0,404.2
ORD-14924,2023-10-05,Home Office,South,Technology,Machines,Laser Printer,5,0,45000,6144.24
ORD-14925,2024-06-02,Consumer,North,Technology,Accessories,Wireless Earbuds,1,0.05,2375.0,648.66
ORD-14926,2023-08-19,Home Office,South,Technology,Phones,Smartphone X,2,0.05,34200.0,2602.29
ORD-14927,2023-10-25,Home Office,East,Technology,Phones,Smartphone X,3,0,54000,6867.87
ORD-14928,2023-10-11,Home Office,South,Furniture,Bookcases,Wooden Bookcase,3,0,13500,2285.84
ORD-14929,2023-10-12,Corporate,North,Furniture,Tables,Standing Desk,2,0.05,22800.0,1508.59
ORD-14930,2023-05-30,Home Office,East,Furniture,Tables,Standing Desk,3,0,36000,5016.61
ORD-14931,2024-05-11,Consumer,North,Office Supplies,Paper,A4 Paper Pack,1,0,350,114.96
ORD-14932,2023-03-11,Consumer,South,Office Supplies,Paper,A4 Paper Pack,2,0,700,244.81
ORD-14933,2024-12-10,Home Office,South,Office Supplies,Paper,A4 Paper Pack,5,0.05,1662.5,586.14
ORD-14934,2024-05-23,Consumer,East,Office Supplies,Binders,Heavy Binder Set,2,0.05,1140.0,312.16
ORD-14935,2024-04-29,Home Office,West,Technology,Phones,Smartphone X,5,0,90000,15031.67
ORD-14936,2023-01-17,Home Office,North,Technology,Accessories,Laptop Bag,2,0,3600,1016.46
ORD-14937,2023-10-30,Consumer,West,Furniture,Bookcases,Wooden Bookcase,1,0.1,4050.0,239.27
ORD-14938,2024-08-16,Home Office,East,Furniture,Tables,Standing Desk,1,0,12000,984.09
ORD-14939,2024-02-17,Home Office,West,Furniture,Chairs,Ergo Office Chair,4,0.05,24700.0,2784.04
ORD-14940,2023-05-10,Home Office,East,Office Supplies,Binders,Heavy Binder Set,5,0,3000,891.01
ORD-14941,2024-10-09,Corporate,East,Technology,Accessories,Wireless Earbuds,3,0,7500,2306.35
ORD-14942,2023-08-03,Consumer,North,Office Supplies,Paper,A4 Paper Pack,4,0.1,1260.0,348.19
ORD-14943,2024-12-19,Corporate,South,Office Supplies,Binders,Heavy Binder Set,3,0.05,1710.0,376.94
ORD-14944,2024-01-01,Home Office,North,Technology,Phones,Smartphone X,1,0.05,17100.0,2519.64
ORD-14945,2024-04-21,Home Office,East,Office Supplies,Binders,Heavy Binder Set,2,0,1200,317.38
ORD-14946,2024-05-28,Home Office,North,Furniture,Bookcases,Wooden Bookcase,5,0,22500,2896.62
ORD-14947,2024-08-26,Corporate,East,Furniture,Chairs,Ergo Office Chair,5,0,32500,6690.61
ORD-14948,2024-10-31,Home Office,North,Office Supplies,Storage,Storage Box,5,0.05,4275.0,1015.2
ORD-14949,2023-02-09,Consumer,South,Office Supplies,Binders,Heavy Binder Set,1,0.05,570.0,145.06
ORD-14950,2024-05-18,Corporate,West,Technology,Accessories,Laptop Bag,3,0.2,4320.0,917.95
ORD-14951,2024-11-29,Home Office,East,Furniture,Chairs,Ergo Office Chair,1,0,6500,1364.46
ORD-14952,2024-02-15,Home Office,South,Technology,Accessories,Wireless Earbuds,3,0,7500,2325.31
ORD-14953,2023-08-24,Consumer,West,Furniture,Bookcases,Wooden Bookcase,2,0.1,8100.0,535.89
ORD-14954,2023-05-07,Corporate,West,Office Supplies,Storage,Storage Box,4,0.2,2880.0,341.96
ORD-14955,2024-02-25,Consumer,West,Office Supplies,Storage,Storage Box,1,0.2,720.0,76.79
ORD-14956,2024-10-15,Home Office,West,Office Supplies,Paper,A4 Paper Pack,3,0.2,840.0,190.27
ORD-14957,2023-03-14,Home Office,North,Technology,Accessories,Wireless Earbuds,3,0.1,6750.0,1652.6
ORD-14958,2024-09-09,Home Office,East,Office Supplies,Binders,Heavy Binder Set,1,0.2,480.0,91.78
ORD-14959,2023-02-24,Consumer,West,Technology,Phones,Smartphone X,4,0.2,57600.0,1506.16
ORD-14960,2023-03-31,Home Office,North,Furniture,Tables,Standing Desk,4,0,48000,3857.58
ORD-14961,2024-12-10,Home Office,West,Technology,Accessories,Laptop Bag,5,0,9000,2563.45
ORD-14962,2023-09-30,Corporate,South,Furniture,Tables,Standing Desk,2,0.2,19200.0,26.8
ORD-14963,2024-12-04,Home Office,South,Office Supplies,Storage,Storage Box,5,0.2,3600.0,544.43
ORD-14964,2023-07-01,Home Office,West,Office Supplies,Binders,Heavy Binder Set,3,0.1,1620.0,379.04
ORD-14965,2023-12-04,Consumer,South,Technology,Phones,Smartphone X,4,0.1,64800.0,5497.68
ORD-14966,2023-09-13,Home Office,North,Technology,Machines,Laser Printer,3,0,27000,2498.74
ORD-14967,2024-02-08,Home Office,North,Technology,Machines,Laser Printer,2,0.05,17100.0,1515.84
ORD-14968,2024-03-27,Home Office,West,Office Supplies,Paper,A4 Paper Pack,4,0.2,1120.0,214.55
ORD-14969,2023-09-28,Home Office,East,Furniture,Chairs,Ergo Office Chair,5,0,32500,6705.26
ORD-14970,2023-12-04,Home Office,South,Office Supplies,Paper,A4 Paper Pack,3,0.05,997.5,339.79
ORD-14971,2024-12-15,Home Office,West,Technology,Phones,Smartphone X,1,0,18000,2783.33
ORD-14972,2023-01-08,Consumer,West,Technology,Accessories,Laptop Bag,1,0.05,1710.0,433.88
ORD-14973,2024-01-16,Home Office,West,Technology,Phones,Smartphone X,5,0.2,72000.0,1509.79
ORD-14974,2024-11-07,Corporate,North,Office Supplies,Paper,A4 Paper Pack,5,0,1750,565.49
ORD-14975,2024-02-23,Home Office,South,Office Supplies,Storage,Storage Box,2,0,1800,450.66
ORD-14976,2024-05-10,Corporate,West,Office Supplies,Paper,A4 Paper Pack,4,0.2,1120.0,240.08
ORD-14977,2024-11-17,Corporate,East,Technology,Machines,Laser Printer,5,0.05,42750.0,3326.34
ORD-14978,2024-05-10,Consumer,West,Furniture,Tables,Standing Desk,3,0.05,34200.0,1892.39
ORD-14979,2023-12-12,Home Office,South,Furniture,Bookcases,Wooden Bookcase,3,0,13500,2320.29
ORD-14980,2024-01-03,Home Office,East,Office Supplies,Binders,Heavy Binder Set,5,0,3000,839.62
ORD-14981,2023-01-03,Consumer,South,Technology,Phones,Smartphone X,2,0,36000,4561.47
ORD-14982,2023-02-15,Consumer,North,Office Supplies,Paper,A4 Paper Pack,2,0.05,665.0,218.73
ORD-14983,2023-06-12,Corporate,West,Office Supplies,Paper,A4 Paper Pack,3,0,1050,339.93
ORD-14984,2023-06-17,Corporate,East,Technology,Phones,Smartphone X,5,0.2,72000.0,2931.47
ORD-14985,2024-07-26,Corporate,East,Technology,Phones,Smartphone X,4,0,72000,9129.67
ORD-14986,2023-04-21,Corporate,East,Technology,Machines,Laser Printer,3,0.05,25650.0,2102.71
ORD-14987,2023-04-02,Home Office,North,Furniture,Bookcases,Wooden Bookcase,5,0,22500,3342.94
ORD-14988,2023-02-16,Corporate,South,Furniture,Bookcases,Wooden Bookcase,2,0.05,8550.0,1178.76
ORD-14989,2023-05-26,Corporate,South,Office Supplies,Binders,Heavy Binder Set,4,0,2400,617.68
ORD-14990,2023-04-23,Home Office,South,Furniture,Bookcases,Wooden Bookcase,4,0,18000,3093.6
ORD-14991,2023-12-09,Corporate,South,Furniture,Chairs,Ergo Office Chair,4,0.2,20800.0,710.05
ORD-14992,2023-03-18,Home Office,North,Furniture,Chairs,Ergo Office Chair,2,0.2,10400.0,600.32
ORD-14993,2023-01-06,Corporate,North,Technology,Accessories,Laptop Bag,3,0,5400,1794.95
ORD-14994,2023-06-03,Consumer,South,Office Supplies,Binders,Heavy Binder Set,1,0,600,153.48
ORD-14995,2024-05-17,Corporate,West,Office Supplies,Storage,Storage Box,5,0,4500,1137.02
ORD-14996,2024-04-11,Home Office,North,Technology,Accessories,Wireless Earbuds,2,0,5000,1558.27
ORD-14997,2023-07-22,Home Office,East,Furniture,Chairs,Ergo Office Chair,4,0,26000,4872.28
ORD-14998,2024-07-09,Corporate,North,Technology,Accessories,Wireless Earbuds,4,0.05,9500.0,2619.24
ORD-14999,2024-10-21,Corporate,East,Office Supplies,Paper,A4 Paper Pack,3,0,1050,396.41
ORD-15000,2023-08-16,Home Office,South,Technology,Machines,Laser Printer,1,0,9000,1072.42
ORD-15001,2023-12-07,Consumer,South,Technology,Machines,Laser Printer,4,0,36000,2966.74
ORD-15002,2024-04-07,Home Office,West,Office Supplies,Binders,Heavy Binder Set,2,0.2,960.0,189.67
ORD-15003,2024-01-18,Consumer,South,Furniture,Bookcases,Wooden Bookcase,5,0,22500,2948.53
ORD-15004,2024-04-12,Home Office,West,Technology,Accessories,Laptop Bag,1,0,1800,590.87
ORD-15005,2024-11-03,Home Office,East,Office Supplies,Storage,Storage Box,2,0.2,1440.0,153.93
ORD-15006,2023-01-18,Home Office,West,Technology,Machines,Laser Printer,1,0.1,8100.0,492.36
ORD-15007,2024-12-07,Consumer,South,Furniture,Bookcases,Wooden Bookcase,1,0.2,3600.0,161.27
ORD-15008,2023-09-07,Home Office,West,Office Supplies,Paper,A4 Paper Pack,4,0.05,1330.0,465.71
ORD-15009,2024-04-14,Corporate,West,Technology,Phones,Smartphone X,4,0.2,57600.0,957.28
ORD-15010,2023-11-06,Home Office,West,Technology,Accessories,Wireless Earbuds,3,0.1,6750.0,1661.58
ORD-15011,2023-07-05,Consumer,North,Office Supplies,Storage,Storage Box,5,0,4500,1205.7
ORD-15012,2023-06-23,Corporate,West,Furniture,Bookcases,Wooden Bookcase,2,0,9000,1095.58
ORD-15013,2023-05-07,Corporate,South,Technology,Accessories,Wireless Earbuds,3,0,7500,2289.59
ORD-15014,2024-10-30,Corporate,South,Office Supplies,Binders,Heavy Binder Set,3,0,1800,514.48
ORD-15015,2024-03-14,Corporate,North,Furniture,Tables,Standing Desk,5,0,60000,8001.38
ORD-15016,2023-06-01,Corporate,West,Technology,Accessories,Laptop Bag,3,0,5400,1852.36
ORD-15017,2023-09-30,Home Office,West,Furniture,Bookcases,Wooden Bookcase,2,0,9000,1328.35
ORD-15018,2023-06-13,Consumer,South,Technology,Phones,Smartphone X,2,0.2,28800.0,1387.41
ORD-15019,2024-06-27,Consumer,South,Office Supplies,Binders,Heavy Binder Set,2,0.05,1140.0,300.64
ORD-15020,2023-09-21,Consumer,South,Office Supplies,Paper,A4 Paper Pack,4,0,1400,514.62
ORD-15021,2024-11-26,Home Office,South,Furniture,Chairs,Ergo Office Chair,3,0.1,17550.0,2038.63
ORD-15022,2024-03-15,Consumer,North,Technology,Accessories,Wireless Earbuds,4,0.2,8000.0,1370.52
ORD-15023,2023-01-26,Corporate,North,Technology,Phones,Smartphone X,3,0.1,48600.0,3963.42
ORD-15024,2024-07-05,Corporate,South,Furniture,Chairs,Ergo Office Chair,2,0.05,12350.0,1664.33
ORD-15025,2024-05-04,Corporate,North,Office Supplies,Storage,Storage Box,3,0.1,2430.0,435.08
ORD-15026,2023-12-21,Home Office,South,Office Supplies,Paper,A4 Paper Pack,1,0.1,315.0,95.66
ORD-15027,2023-12-29,Corporate,North,Office Supplies,Paper,A4 Paper Pack,3,0.2,840.0,203.75
ORD-15028,2023-01-11,Corporate,West,Furniture,Bookcases,Wooden Bookcase,4,0,18000,3010.71
ORD-15029,2024-12-05,Home Office,South,Furniture,Tables,Standing Desk,3,0.05,34200.0,3195.03
ORD-15030,2024-01-31,Home Office,East,Office Supplies,Storage,Storage Box,1,0.2,720.0,109.21
ORD-15031,2023-04-09,Corporate,East,Technology,Accessories,Laptop Bag,1,0.2,1440.0,268.62
ORD-15032,2024-11-06,Corporate,West,Technology,Accessories,Wireless Earbuds,5,0,12500,3692.5
ORD-15033,2023-11-23,Corporate,East,Technology,Accessories,Laptop Bag,5,0.1,8100.0,2107.59
ORD-15034,2023-07-04,Corporate,East,Furniture,Tables,Standing Desk,3,0,36000,3905.94
ORD-15035,2024-03-30,Corporate,North,Office Supplies,Storage,Storage Box,1,0.05,855.0,164.69
ORD-15036,2023-04-23,Home Office,West,Technology,Phones,Smartphone X,5,0.1,81000.0,7419.11
ORD-15037,2023-07-30,Corporate,South,Technology,Accessories,Laptop Bag,2,0,3600,1275.94
ORD-15038,2023-09-27,Consumer,South,Office Supplies,Storage,Storage Box,4,0.1,3240.0,571.53
ORD-15039,2024-08-29,Home Office,West,Furniture,Bookcases,Wooden Bookcase,4,0,18000,3164.46
ORD-15040,2023-02-17,Corporate,West,Office Supplies,Storage,Storage Box,5,0,4500,1020.45
ORD-15041,2024-04-02,Home Office,North,Office Supplies,Paper,A4 Paper Pack,4,0,1400,535.33
ORD-15042,2023-06-09,Corporate,North,Office Supplies,Paper,A4 Paper Pack,3,0.05,997.5,301.34
ORD-15043,2024-04-28,Consumer,East,Technology,Accessories,Wireless Earbuds,4,0,10000,2749.01
ORD-15044,2023-02-03,Corporate,East,Furniture,Chairs,Ergo Office Chair,5,0.2,26000.0,1362.53
ORD-15045,2024-02-09,Consumer,North,Office Supplies,Paper,A4 Paper Pack,5,0.2,1400.0,369.73
ORD-15046,2023-02-01,Consumer,South,Furniture,Tables,Standing Desk,1,0,12000,1220.29
ORD-15047,2023-06-12,Home Office,West,Technology,Machines,Laser Printer,5,0.05,42750.0,4581.6
ORD-15048,2023-01-01,Consumer,North,Furniture,Chairs,Ergo Office Chair,5,0,32500,5370.7
ORD-15049,2023-05-06,Consumer,North,Furniture,Bookcases,Wooden Bookcase,4,0,18000,3117.34
ORD-15050,2024-12-26,Corporate,West,Technology,Phones,Smartphone X,1,0,18000,3032.02
ORD-15051,2023-03-13,Corporate,North,Office Supplies,Storage,Storage Box,1,0,900,229.24
ORD-15052,2024-03-14,Corporate,East,Technology,Accessories,Laptop Bag,5,0.1,8100.0,1857.13
ORD-15053,2023-01-28,Home Office,South,Furniture,Bookcases,Wooden Bookcase,3,0,13500,2106.63
ORD-15054,2024-09-07,Home Office,West,Technology,Accessories,Laptop Bag,4,0.1,6480.0,1652.67
ORD-15055,2024-08-10,Consumer,East,Office Supplies,Binders,Heavy Binder Set,1,0.05,570.0,120.06
ORD-15056,2024-03-24,Home Office,East,Technology,Machines,Laser Printer,5,0,45000,6145.69
ORD-15057,2023-01-13,Home Office,South,Technology,Accessories,Wireless Earbuds,5,0.05,11875.0,2810.79
ORD-15058,2023-06-05,Corporate,South,Technology,Machines,Laser Printer,1,0,9000,921.2
ORD-15059,2024-12-06,Consumer,South,Technology,Phones,Smartphone X,5,0,90000,9297.71
ORD-15060,2023-12-17,Home Office,East,Technology,Accessories,Wireless Earbuds,4,0.05,9500.0,2461.04
ORD-15061,2023-10-15,Corporate,North,Office Supplies,Binders,Heavy Binder Set,3,0.1,1620.0,292.49
ORD-15062,2023-02-21,Consumer,South,Technology,Machines,Laser Printer,4,0.2,28800.0,-849.47
ORD-15063,2024-11-05,Corporate,East,Office Supplies,Paper,A4 Paper Pack,5,0,1750,674.55
ORD-15064,2023-12-25,Corporate,North,Technology,Accessories,Wireless Earbuds,2,0,5000,1347.15
ORD-15065,2024-09-06,Home Office,South,Technology,Accessories,Wireless Earbuds,5,0,12500,4149.22
ORD-15066,2024-09-30,Consumer,North,Furniture,Chairs,Ergo Office Chair,5,0.1,29250.0,4507.23
ORD-15067,2023-05-17,Corporate,South,Furniture,Bookcases,Wooden Bookcase,5,0.2,18000.0,551.47
ORD-15068,2023-02-14,Home Office,East,Technology,Machines,Laser Printer,2,0,18000,2578.63
ORD-15069,2024-03-16,Consumer,North,Office Supplies,Storage,Storage Box,5,0.2,3600.0,498.33
ORD-15070,2024-10-12,Home Office,North,Office Supplies,Paper,A4 Paper Pack,1,0.1,315.0,97.97
ORD-15071,2024-12-09,Consumer,South,Furniture,Bookcases,Wooden Bookcase,1,0,4500,553.78
ORD-15072,2024-07-10,Corporate,East,Furniture,Chairs,Ergo Office Chair,4,0,26000,4719.24
ORD-15073,2024-07-26,Corporate,North,Office Supplies,Storage,Storage Box,1,0,900,207.37
ORD-15074,2024-10-09,Corporate,North,Technology,Accessories,Wireless Earbuds,5,0.05,11875.0,3592.93
ORD-15075,2024-08-17,Corporate,East,Office Supplies,Storage,Storage Box,2,0,1800,439.18
ORD-15076,2023-07-30,Home Office,East,Furniture,Bookcases,Wooden Bookcase,1,0.05,4275.0,345.95
ORD-15077,2024-09-04,Home Office,West,Office Supplies,Storage,Storage Box,1,0.05,855.0,210.51
ORD-15078,2023-07-17,Home Office,East,Office Supplies,Paper,A4 Paper Pack,4,0.1,1260.0,371.2
ORD-15079,2024-02-24,Corporate,North,Technology,Phones,Smartphone X,4,0,72000,8015.96
ORD-15080,2023-08-18,Corporate,West,Technology,Accessories,Laptop Bag,1,0,1800,593.32
ORD-15081,2024-10-30,Home Office,East,Technology,Machines,Laser Printer,3,0,27000,3616.88
ORD-15082,2023-12-01,Corporate,South,Office Supplies,Paper,A4 Paper Pack,5,0,1750,665.44
ORD-15083,2023-02-03,Home Office,West,Office Supplies,Paper,A4 Paper Pack,3,0.05,997.5,290.39
ORD-15084,2023-04-03,Consumer,South,Furniture,Tables,Standing Desk,4,0.1,43200.0,1106.5
ORD-15085,2024-12-09,Corporate,North,Office Supplies,Paper,A4 Paper Pack,2,0.1,630.0,198.15
ORD-15086,2023-04-01,Home Office,West,Office Supplies,Paper,A4 Paper Pack,4,0,1400,520.1
ORD-15087,2023-11-18,Corporate,West,Furniture,Chairs,Ergo Office Chair,3,0.1,17550.0,2137.02
ORD-15088,2024-10-09,Consumer,West,Technology,Accessories,Laptop Bag,4,0.05,6840.0,2065.94
ORD-15089,2023-10-05,Home Office,East,Technology,Machines,Laser Printer,4,0.2,28800.0,-20.57
ORD-15090,2023-02-03,Consumer,North,Technology,Accessories,Wireless Earbuds,3,0.05,7125.0,2181.3
ORD-15091,2024-06-12,Consumer,East,Technology,Machines,Laser Printer,3,0,27000,2750.8
ORD-15092,2023-04-24,Home Office,East,Office Supplies,Paper,A4 Paper Pack,1,0,350,123.09
ORD-15093,2024-03-16,Consumer,East,Technology,Accessories,Wireless Earbuds,4,0,10000,2686.4
ORD-15094,2024-07-24,Corporate,South,Technology,Phones,Smartphone X,3,0.2,43200.0,2236.36
ORD-15095,2024-07-20,Corporate,North,Furniture,Chairs,Ergo Office Chair,1,0.1,5850.0,595.39
ORD-15096,2023-09-05,Consumer,South,Technology,Accessories,Laptop Bag,2,0,3600,1199.2
ORD-15097,2023-04-06,Consumer,East,Technology,Accessories,Wireless Earbuds,1,0.1,2250.0,465.34
ORD-15098,2024-11-05,Home Office,North,Furniture,Chairs,Ergo Office Chair,1,0,6500,1382.56
ORD-15099,2023-07-31,Corporate,South,Technology,Phones,Smartphone X,5,0.05,85500.0,9487.04
ORD-15100,2024-05-16,Consumer,East,Office Supplies,Binders,Heavy Binder Set,4,0.1,2160.0,520.48
ORD-15101,2023-02-03,Home Office,South,Technology,Machines,Laser Printer,1,0,9000,1027.5
ORD-15102,2023-06-21,Home Office,North,Furniture,Chairs,Ergo Office Chair,4,0.1,23400.0,3632.28
ORD-15103,2024-01-03,Consumer,East,Technology,Phones,Smartphone X,1,0.2,14400.0,365.03
ORD-15104,2023-05-03,Home Office,West,Office Supplies,Paper,A4 Paper Pack,3,0.05,997.5,320.74
ORD-15105,2024-08-22,Corporate,East,Furniture,Bookcases,Wooden Bookcase,3,0.1,12150.0,1067.71
ORD-15106,2024-10-02,Home Office,South,Office Supplies,Paper,A4 Paper Pack,2,0.2,560.0,119.86
ORD-15107,2023-05-27,Home Office,South,Office Supplies,Binders,Heavy Binder Set,2,0,1200,317.84
ORD-15108,2023-04-07,Corporate,South,Furniture,Bookcases,Wooden Bookcase,2,0,9000,1074.06
ORD-15109,2024-02-10,Corporate,South,Furniture,Bookcases,Wooden Bookcase,1,0,4500,585.64
ORD-15110,2024-02-11,Consumer,North,Office Supplies,Storage,Storage Box,2,0.1,1620.0,367.7
ORD-15111,2024-12-23,Corporate,North,Office Supplies,Binders,Heavy Binder Set,4,0.05,2280.0,558.17
ORD-15112,2024-01-25,Home Office,West,Office Supplies,Storage,Storage Box,5,0.05,4275.0,871.84
ORD-15113,2023-03-01,Consumer,North,Technology,Machines,Laser Printer,1,0.2,7200.0,-15.76
ORD-15114,2024-05-18,Consumer,North,Furniture,Chairs,Ergo Office Chair,4,0.1,23400.0,2545.75
ORD-15115,2023-10-06,Home Office,North,Technology,Machines,Laser Printer,4,0,36000,3154.41
ORD-15116,2023-12-19,Corporate,South,Furniture,Tables,Standing Desk,1,0,12000,1478.74
ORD-15117,2023-01-03,Corporate,East,Technology,Accessories,Wireless Earbuds,1,0.05,2375.0,561.76
ORD-15118,2023-04-17,Corporate,East,Technology,Accessories,Laptop Bag,4,0,7200,2219.06
ORD-15119,2023-07-23,Home Office,West,Furniture,Chairs,Ergo Office Chair,2,0,13000,2438.97
ORD-15120,2023-03-14,Consumer,East,Technology,Accessories,Wireless Earbuds,3,0,7500,2086.25
ORD-15121,2024-08-03,Home Office,West,Office Supplies,Binders,Heavy Binder Set,2,0.1,1080.0,231.74
ORD-15122,2023-01-22,Home Office,East,Technology,Phones,Smartphone X,1,0.2,14400.0,-50.66
ORD-15123,2023-06-20,Home Office,East,Furniture,Tables,Standing Desk,5,0.1,54000.0,2144.16
ORD-15124,2024-08-24,Home Office,North,Office Supplies,Paper,A4 Paper Pack,1,0.2,280.0,65.09
ORD-15125,2024-09-11,Home Office,South,Office Supplies,Binders,Heavy Binder Set,5,0.05,2850.0,610.74
ORD-15126,2023-03-28,Corporate,South,Technology,Accessories,Laptop Bag,5,0,9000,2879.38
ORD-15127,2023-12-02,Corporate,North,Furniture,Chairs,Ergo Office Chair,5,0,32500,5826.71
ORD-15128,2024-11-29,Consumer,South,Furniture,Chairs,Ergo Office Chair,2,0,13000,1986.59
ORD-15129,2024-10-05,Corporate,North,Furniture,Bookcases,Wooden Bookcase,3,0.1,12150.0,647.31
ORD-15130,2023-08-06,Home Office,South,Furniture,Chairs,Ergo Office Chair,1,0,6500,1290.55
ORD-15131,2024-08-12,Home Office,West,Office Supplies,Storage,Storage Box,4,0,3600,888.43
ORD-15132,2023-07-12,Corporate,East,Office Supplies,Binders,Heavy Binder Set,1,0,600,163.33
ORD-15133,2023-10-27,Consumer,South,Technology,Phones,Smartphone X,4,0.05,68400.0,10054.01
ORD-15134,2024-09-24,Consumer,South,Office Supplies,Storage,Storage Box,2,0,1800,502.63
ORD-15135,2023-04-01,Home Office,South,Furniture,Chairs,Ergo Office Chair,5,0.05,30875.0,5533.32
ORD-15136,2023-12-19,Home Office,South,Furniture,Tables,Standing Desk,4,0,48000,4518.38
ORD-15137,2024-03-15,Corporate,West,Furniture,Chairs,Ergo Office Chair,1,0,6500,1285.4
ORD-15138,2024-02-23,Corporate,North,Technology,Phones,Smartphone X,4,0.05,68400.0,8400.25
ORD-15139,2024-10-16,Consumer,East,Office Supplies,Storage,Storage Box,3,0,2700,587.41
ORD-15140,2024-04-25,Home Office,East,Furniture,Tables,Standing Desk,2,0,24000,2440.42
ORD-15141,2024-02-29,Home Office,East,Office Supplies,Storage,Storage Box,1,0,900,258.59
ORD-15142,2024-12-19,Corporate,South,Office Supplies,Paper,A4 Paper Pack,3,0,1050,338.44
ORD-15143,2023-03-30,Consumer,West,Office Supplies,Paper,A4 Paper Pack,2,0.05,665.0,215.85
ORD-15144,2024-07-12,Consumer,West,Technology,Phones,Smartphone X,3,0.1,48600.0,4705.73
ORD-15145,2023-07-09,Home Office,East,Office Supplies,Storage,Storage Box,1,0,900,238.63
ORD-15146,2024-03-01,Home Office,East,Furniture,Bookcases,Wooden Bookcase,5,0.2,18000.0,842.04
ORD-15147,2023-05-06,Consumer,North,Technology,Accessories,Laptop Bag,2,0.05,3420.0,1011.99
ORD-15148,2023-06-06,Home Office,West,Office Supplies,Paper,A4 Paper Pack,2,0.2,560.0,124.05
ORD-15149,2023-05-14,Corporate,West,Office Supplies,Paper,A4 Paper Pack,4,0.05,1330.0,427.69
ORD-15150,2023-10-02,Consumer,East,Furniture,Chairs,Ergo Office Chair,3,0.1,17550.0,2000.9
ORD-15151,2023-03-09,Consumer,North,Furniture,Tables,Standing Desk,5,0,60000,6407.16
ORD-15152,2024-12-04,Corporate,South,Office Supplies,Storage,Storage Box,3,0,2700,660.39
ORD-15153,2023-05-25,Corporate,West,Technology,Accessories,Laptop Bag,5,0,9000,3009.3
ORD-15154,2023-03-28,Consumer,North,Technology,Phones,Smartphone X,1,0,18000,1907.99
ORD-15155,2023-09-09,Home Office,South,Office Supplies,Storage,Storage Box,1,0,900,209.38
ORD-15156,2023-11-03,Consumer,East,Furniture,Tables,Standing Desk,4,0.1,43200.0,540.12
ORD-15157,2024-12-27,Home Office,West,Technology,Accessories,Laptop Bag,1,0,1800,504.37
ORD-15158,2023-03-15,Consumer,East,Office Supplies,Paper,A4 Paper Pack,3,0.05,997.5,335.48
ORD-15159,2024-09-12,Corporate,South,Technology,Accessories,Laptop Bag,5,0,9000,2766.69
ORD-15160,2024-01-24,Home Office,West,Technology,Phones,Smartphone X,4,0.05,68400.0,8142.87
ORD-15161,2023-12-06,Consumer,West,Furniture,Chairs,Ergo Office Chair,4,0.05,24700.0,3075.66
ORD-15162,2023-03-30,Corporate,South,Technology,Machines,Laser Printer,2,0.05,17100.0,1102.89
ORD-15163,2024-05-11,Home Office,West,Technology,Phones,Smartphone X,3,0.1,48600.0,5048.33
ORD-15164,2024-12-19,Consumer,East,Furniture,Tables,Standing Desk,3,0.1,32400.0,2550.99
ORD-15165,2023-09-29,Corporate,West,Office Supplies,Binders,Heavy Binder Set,5,0,3000,757.67
ORD-15166,2023-01-06,Consumer,West,Technology,Accessories,Wireless Earbuds,3,0,7500,2356.7
ORD-15167,2024-05-12,Corporate,North,Furniture,Chairs,Ergo Office Chair,2,0.2,10400.0,904.13
ORD-15168,2024-08-26,Home Office,West,Technology,Accessories,Laptop Bag,4,0.1,6480.0,1602.03
ORD-15169,2024-07-10,Corporate,South,Technology,Phones,Smartphone X,5,0,90000,13849.56
ORD-15170,2024-11-22,Home Office,East,Office Supplies,Storage,Storage Box,4,0.05,3420.0,851.44
ORD-15171,2024-09-04,Corporate,North,Furniture,Chairs,Ergo Office Chair,4,0,26000,4204.81
ORD-15172,2023-05-07,Corporate,West,Furniture,Chairs,Ergo Office Chair,2,0.05,12350.0,1749.37
ORD-15173,2024-10-15,Corporate,East,Furniture,Bookcases,Wooden Bookcase,5,0.05,21375.0,3092.49
ORD-15174,2024-01-15,Home Office,East,Office Supplies,Paper,A4 Paper Pack,4,0.1,1260.0,341.14
ORD-15175,2024-12-13,Home Office,South,Technology,Accessories,Wireless Earbuds,3,0,7500,2455.18
ORD-15176,2023-07-26,Home Office,South,Office Supplies,Binders,Heavy Binder Set,3,0,1800,525.28
ORD-15177,2023-07-10,Home Office,North,Furniture,Bookcases,Wooden Bookcase,2,0.05,8550.0,1022.69
ORD-15178,2024-02-14,Consumer,East,Furniture,Tables,Standing Desk,5,0.1,54000.0,1720.93
ORD-15179,2023-09-08,Corporate,East,Technology,Phones,Smartphone X,2,0.05,34200.0,4595.74
ORD-15180,2024-02-11,Consumer,South,Technology,Phones,Smartphone X,4,0.1,64800.0,2629.8
ORD-15181,2023-05-30,Consumer,North,Office Supplies,Storage,Storage Box,3,0.05,2565.0,580.79
ORD-15182,2023-07-06,Home Office,North,Technology,Accessories,Laptop Bag,4,0,7200,2578.19
ORD-15183,2024-05-28,Consumer,North,Furniture,Tables,Standing Desk,1,0.05,11400.0,543.93
ORD-15184,2024-12-10,Corporate,South,Furniture,Tables,Standing Desk,1,0,12000,721.26
ORD-15185,2023-05-13,Home Office,South,Furniture,Tables,Standing Desk,1,0,12000,819.23
ORD-15186,2023-10-30,Home Office,West,Office Supplies,Storage,Storage Box,2,0.1,1620.0,301.57
ORD-15187,2023-06-04,Corporate,East,Furniture,Tables,Standing Desk,4,0.05,45600.0,2393.57
ORD-15188,2024-05-24,Consumer,South,Office Supplies,Paper,A4 Paper Pack,4,0.2,1120.0,216.15
ORD-15189,2024-10-27,Consumer,East,Furniture,Chairs,Ergo Office Chair,5,0.1,29250.0,3450.42
ORD-15190,2024-03-12,Consumer,North,Technology,Phones,Smartphone X,5,0,90000,14890.76
ORD-15191,2024-10-09,Consumer,West,Technology,Phones,Smartphone X,2,0.2,28800.0,551.19
ORD-15192,2024-08-17,Corporate,East,Technology,Accessories,Wireless Earbuds,5,0,12500,3364.98
ORD-15193,2024-03-10,Consumer,South,Office Supplies,Binders,Heavy Binder Set,4,0.1,2160.0,498.33
ORD-15194,2024-12-29,Consumer,East,Technology,Phones,Smartphone X,4,0,72000,8718.25
ORD-15195,2023-11-26,Home Office,South,Furniture,Bookcases,Wooden Bookcase,3,0.2,10800.0,709.76
ORD-15196,2024-09-24,Home Office,South,Technology,Phones,Smartphone X,3,0.2,43200.0,1753.58
ORD-15197,2023-11-01,Home Office,West,Technology,Machines,Laser Printer,4,0,36000,4971.45
ORD-15198,2023-09-09,Home Office,North,Office Supplies,Binders,Heavy Binder Set,1,0.05,570.0,123.58
ORD-15199,2024-11-22,Corporate,North,Technology,Accessories,Laptop Bag,2,0,3600,1262.32
ORD-15200,2024-09-30,Corporate,East,Technology,Accessories,Laptop Bag,1,0,1800,531.01
ORD-15201,2023-10-01,Consumer,South,Technology,Accessories,Laptop Bag,5,0,9000,3211.17
ORD-15202,2024-10-31,Corporate,North,Furniture,Chairs,Ergo Office Chair,4,0.05,24700.0,4564.9
ORD-15203,2023-09-09,Consumer,West,Office Supplies,Storage,Storage Box,1,0.05,855.0,193.49
ORD-15204,2024-09-16,Corporate,North,Furniture,Bookcases,Wooden Bookcase,1,0,4500,789.72
ORD-15205,2023-12-29,Home Office,East,Office Supplies,Binders,Heavy Binder Set,5,0,3000,902.72
ORD-15206,2023-11-22,Consumer,East,Furniture,Tables,Standing Desk,5,0,60000,7466.55
ORD-15207,2024-01-14,Corporate,East,Furniture,Bookcases,Wooden Bookcase,4,0,18000,2603.32
ORD-15208,2024-05-23,Corporate,South,Technology,Phones,Smartphone X,3,0,54000,8079.23
ORD-15209,2024-01-12,Corporate,South,Technology,Accessories,Laptop Bag,1,0,1800,520.95
ORD-15210,2024-08-07,Consumer,West,Office Supplies,Paper,A4 Paper Pack,3,0,1050,387.61
ORD-15211,2023-12-27,Corporate,East,Office Supplies,Storage,Storage Box,3,0.2,2160.0,302.26
ORD-15212,2024-12-27,Corporate,South,Technology,Phones,Smartphone X,5,0.1,81000.0,7510.25
ORD-15213,2023-01-19,Corporate,West,Technology,Machines,Laser Printer,1,0.05,8550.0,855.91
ORD-15214,2023-01-04,Consumer,North,Furniture,Bookcases,Wooden Bookcase,2,0.05,8550.0,1107.61
ORD-15215,2024-07-02,Consumer,West,Technology,Machines,Laser Printer,2,0.2,14400.0,-532.5
ORD-15216,2023-10-13,Consumer,South,Furniture,Chairs,Ergo Office Chair,1,0.1,5850.0,852.94
ORD-15217,2023-09-27,Consumer,North,Office Supplies,Paper,A4 Paper Pack,3,0,1050,406.9
ORD-15218,2023-11-21,Consumer,South,Technology,Accessories,Laptop Bag,1,0,1800,543.63
ORD-15219,2024-05-17,Home Office,East,Furniture,Chairs,Ergo Office Chair,2,0,13000,1942.17
ORD-15220,2023-06-11,Consumer,South,Office Supplies,Storage,Storage Box,3,0,2700,571.75
ORD-15221,2023-02-28,Home Office,West,Office Supplies,Storage,Storage Box,2,0.2,1440.0,134.09
ORD-15222,2024-11-16,Consumer,North,Technology,Machines,Laser Printer,1,0,9000,1100.41
ORD-15223,2024-02-20,Home Office,West,Technology,Phones,Smartphone X,3,0,54000,7692.57
ORD-15224,2023-06-13,Corporate,West,Office Supplies,Storage,Storage Box,3,0.05,2565.0,616.93
ORD-15225,2024-10-15,Home Office,East,Technology,Accessories,Laptop Bag,5,0.2,7200.0,1238.61
ORD-15226,2024-04-14,Corporate,North,Furniture,Bookcases,Wooden Bookcase,2,0.1,8100.0,942.75
ORD-15227,2024-01-28,Home Office,South,Office Supplies,Binders,Heavy Binder Set,2,0.2,960.0,129.62
ORD-15228,2023-11-19,Consumer,East,Furniture,Tables,Standing Desk,2,0.1,21600.0,613.5
ORD-15229,2023-05-19,Corporate,North,Furniture,Bookcases,Wooden Bookcase,3,0.2,10800.0,295.52
ORD-15230,2023-09-10,Home Office,North,Furniture,Bookcases,Wooden Bookcase,5,0,22500,2913.62
ORD-15231,2024-02-26,Home Office,West,Technology,Accessories,Laptop Bag,3,0,5400,1625.1
ORD-15232,2023-10-17,Home Office,East,Furniture,Bookcases,Wooden Bookcase,1,0.2,3600.0,183.52
ORD-15233,2024-03-05,Home Office,South,Technology,Accessories,Wireless Earbuds,3,0.2,6000.0,854.62
ORD-15234,2024-04-26,Consumer,East,Furniture,Tables,Standing Desk,4,0.2,38400.0,-1411.64
ORD-15235,2023-01-21,Corporate,South,Office Supplies,Paper,A4 Paper Pack,5,0,1750,591.03
ORD-15236,2023-10-04,Consumer,South,Furniture,Bookcases,Wooden Bookcase,5,0.1,20250.0,1138.54
ORD-15237,2024-05-03,Corporate,West,Office Supplies,Binders,Heavy Binder Set,4,0,2400,633.6
ORD-15238,2024-11-17,Corporate,East,Furniture,Tables,Standing Desk,3,0.1,32400.0,2265.1
ORD-15239,2024-10-11,Consumer,East,Technology,Accessories,Wireless Earbuds,2,0,5000,1505.73
ORD-15240,2024-06-27,Consumer,North,Furniture,Chairs,Ergo Office Chair,4,0.1,23400.0,2751.72
ORD-15241,2023-12-28,Corporate,East,Furniture,Tables,Standing Desk,3,0,36000,3887.55
ORD-15242,2024-02-22,Consumer,West,Office Supplies,Paper,A4 Paper Pack,4,0,1400,537.27
ORD-15243,2023-11-12,Home Office,West,Furniture,Chairs,Ergo Office Chair,5,0,32500,6599.04
ORD-15244,2023-03-30,Consumer,South,Furniture,Bookcases,Wooden Bookcase,3,0.1,12150.0,822.31
ORD-15245,2024-07-27,Consumer,West,Office Supplies,Paper,A4 Paper Pack,4,0,1400,503.9
ORD-15246,2023-08-15,Corporate,West,Technology,Machines,Laser Printer,2,0.05,17100.0,1056.81
ORD-15247,2023-09-28,Home Office,South,Technology,Accessories,Wireless Earbuds,3,0,7500,2519.06
ORD-15248,2023-07-27,Corporate,East,Office Supplies,Binders,Heavy Binder Set,1,0,600,160.27
ORD-15249,2024-02-12,Corporate,East,Furniture,Tables,Standing Desk,3,0,36000,3952.76
ORD-15250,2024-11-10,Home Office,South,Technology,Machines,Laser Printer,1,0.05,8550.0,1106.1
ORD-15251,2023-06-02,Home Office,East,Office Supplies,Binders,Heavy Binder Set,4,0.05,2280.0,571.64
ORD-15252,2024-07-13,Corporate,North,Furniture,Tables,Standing Desk,5,0,60000,3743.85
ORD-15253,2023-08-09,Corporate,West,Technology,Accessories,Wireless Earbuds,4,0,10000,2896.45
ORD-15254,2024-02-14,Corporate,South,Technology,Machines,Laser Printer,1,0.2,7200.0,125.68
ORD-15255,2023-06-17,Home Office,South,Office Supplies,Storage,Storage Box,4,0,3600,980.19
ORD-15256,2024-10-05,Home Office,East,Office Supplies,Paper,A4 Paper Pack,1,0.1,315.0,93.26
ORD-15257,2024-04-20,Home Office,South,Technology,Phones,Smartphone X,1,0,18000,2330.72
ORD-15258,2024-03-14,Consumer,North,Technology,Accessories,Wireless Earbuds,1,0,2500,818.24
ORD-15259,2023-05-02,Consumer,South,Furniture,Tables,Standing Desk,1,0,12000,1306.65
ORD-15260,2024-06-05,Consumer,South,Technology,Accessories,Laptop Bag,4,0,7200,2303.87
ORD-15261,2024-10-31,Home Office,South,Furniture,Chairs,Ergo Office Chair,5,0.1,29250.0,3828.9
ORD-15262,2024-11-23,Home Office,East,Technology,Accessories,Wireless Earbuds,5,0.1,11250.0,2803.44
ORD-15263,2023-08-01,Corporate,West,Office Supplies,Binders,Heavy Binder Set,5,0,3000,900.65
ORD-15264,2023-11-16,Home Office,South,Furniture,Chairs,Ergo Office Chair,3,0,19500,3883.07
ORD-15265,2023-08-13,Corporate,West,Technology,Accessories,Wireless Earbuds,2,0,5000,1374.54
ORD-15266,2023-08-08,Corporate,East,Furniture,Tables,Standing Desk,2,0.2,19200.0,101.64
ORD-15267,2024-09-19,Home Office,South,Furniture,Tables,Standing Desk,4,0.2,38400.0,-587.35
ORD-15268,2024-07-16,Home Office,East,Technology,Accessories,Laptop Bag,4,0.05,6840.0,1841.12
ORD-15269,2024-01-15,Corporate,East,Office Supplies,Storage,Storage Box,4,0.05,3420.0,841.26
ORD-15270,2024-03-23,Home Office,North,Technology,Machines,Laser Printer,3,0.05,25650.0,2362.83
ORD-15271,2023-08-18,Home Office,East,Furniture,Tables,Standing Desk,4,0.1,43200.0,750.74
ORD-15272,2023-07-07,Home Office,South,Furniture,Bookcases,Wooden Bookcase,3,0.05,12825.0,1439.86
ORD-15273,2023-05-28,Home Office,North,Furniture,Tables,Standing Desk,1,0,12000,1321.54
ORD-15274,2024-09-18,Home Office,West,Technology,Accessories,Laptop Bag,4,0,7200,2457.03
ORD-15275,2023-10-19,Home Office,South,Office Supplies,Storage,Storage Box,1,0,900,236.61
ORD-15276,2024-09-12,Home Office,South,Technology,Accessories,Laptop Bag,2,0,3600,1199.52
ORD-15277,2023-07-20,Consumer,South,Office Supplies,Storage,Storage Box,4,0,3600,809.49
ORD-15278,2023-12-10,Corporate,North,Furniture,Chairs,Ergo Office Chair,4,0.2,20800.0,1344.51
ORD-15279,2024-12-19,Corporate,East,Technology,Accessories,Wireless Earbuds,2,0.1,4500.0,1048.92
ORD-15280,2023-12-29,Corporate,West,Furniture,Chairs,Ergo Office Chair,1,0,6500,1319.36
ORD-15281,2024-05-20,Home Office,East,Furniture,Bookcases,Wooden Bookcase,4,0.2,14400.0,316.1
ORD-15282,2024-09-02,Consumer,North,Office Supplies,Binders,Heavy Binder Set,5,0.05,2850.0,726.55
ORD-15283,2024-10-16,Corporate,West,Furniture,Bookcases,Wooden Bookcase,1,0.2,3600.0,1.95
ORD-15284,2024-04-24,Corporate,South,Furniture,Tables,Standing Desk,3,0.1,32400.0,684.2
ORD-15285,2023-05-05,Corporate,East,Technology,Phones,Smartphone X,3,0.05,51300.0,4031.65
ORD-15286,2023-05-25,Corporate,South,Furniture,Tables,Standing Desk,3,0,36000,2281.86
ORD-15287,2023-03-07,Home Office,North,Office Supplies,Storage,Storage Box,4,0.05,3420.0,684.02
ORD-15288,2024-10-02,Home Office,North,Technology,Machines,Laser Printer,1,0,9000,954.57
ORD-15289,2024-02-24,Consumer,East,Office Supplies,Storage,Storage Box,3,0.2,2160.0,357.53
ORD-15290,2023-10-31,Home Office,East,Technology,Accessories,Wireless Earbuds,2,0,5000,1426.64
ORD-15291,2023-02-07,Consumer,West,Technology,Accessories,Wireless Earbuds,3,0,7500,2497.46
ORD-15292,2024-10-24,Home Office,North,Office Supplies,Paper,A4 Paper Pack,2,0,700,264.84
ORD-15293,2024-07-29,Consumer,West,Technology,Machines,Laser Printer,2,0,18000,2229.07
ORD-15294,2023-01-31,Corporate,North,Office Supplies,Storage,Storage Box,5,0,4500,1210.2
ORD-15295,2023-01-29,Corporate,East,Technology,Machines,Laser Printer,2,0.1,16200.0,429.65
ORD-15296,2023-12-04,Home Office,North,Furniture,Tables,Standing Desk,5,0.05,57000.0,3360.03
ORD-15297,2023-09-08,Corporate,West,Technology,Machines,Laser Printer,4,0,36000,4905.48
ORD-15298,2023-03-13,Home Office,South,Technology,Accessories,Wireless Earbuds,3,0,7500,2139.92
ORD-15299,2023-02-03,Home Office,East,Technology,Phones,Smartphone X,4,0.05,68400.0,8791.17
ORD-15300,2023-04-03,Consumer,South,Technology,Phones,Smartphone X,4,0,72000,7262.44
ORD-15301,2023-03-23,Consumer,West,Office Supplies,Storage,Storage Box,5,0.05,4275.0,867.83
ORD-15302,2023-03-24,Consumer,North,Office Supplies,Binders,Heavy Binder Set,2,0,1200,292.2
ORD-15303,2024-03-23,Consumer,West,Office Supplies,Binders,Heavy Binder Set,3,0,1800,547.18
ORD-15304,2023-11-11,Consumer,West,Furniture,Bookcases,Wooden Bookcase,4,0,18000,2232.77
ORD-15305,2023-03-06,Corporate,South,Office Supplies,Paper,A4 Paper Pack,3,0,1050,368.36
ORD-15306,2023-07-08,Corporate,South,Furniture,Bookcases,Wooden Bookcase,3,0,13500,1646.77
ORD-15307,2024-10-21,Home Office,North,Furniture,Chairs,Ergo Office Chair,4,0.2,20800.0,1899.7
ORD-15308,2023-04-19,Corporate,West,Furniture,Bookcases,Wooden Bookcase,1,0,4500,497.77
ORD-15309,2024-02-07,Corporate,North,Technology,Phones,Smartphone X,4,0.1,64800.0,2606.21
ORD-15310,2024-07-24,Corporate,West,Technology,Machines,Laser Printer,1,0.2,7200.0,12.99
ORD-15311,2024-10-04,Corporate,South,Technology,Accessories,Laptop Bag,2,0,3600,1287.89
ORD-15312,2024-02-26,Corporate,East,Furniture,Chairs,Ergo Office Chair,2,0,13000,2474.83
ORD-15313,2024-01-23,Corporate,East,Technology,Accessories,Laptop Bag,3,0,5400,1888.22
ORD-15314,2023-12-14,Consumer,North,Technology,Phones,Smartphone X,4,0.1,64800.0,4130.61
ORD-15315,2024-06-04,Corporate,East,Furniture,Chairs,Ergo Office Chair,1,0,6500,1051.13
ORD-15316,2023-11-03,Corporate,North,Office Supplies,Storage,Storage Box,3,0.2,2160.0,354.91
ORD-15317,2024-02-25,Home Office,North,Technology,Machines,Laser Printer,1,0,9000,769.55
ORD-15318,2023-08-31,Corporate,North,Furniture,Tables,Standing Desk,5,0.1,54000.0,141.6
ORD-15319,2023-02-07,Corporate,South,Furniture,Chairs,Ergo Office Chair,2,0,13000,2227.0
ORD-15320,2023-06-18,Corporate,East,Office Supplies,Paper,A4 Paper Pack,2,0,700,217.36
ORD-15321,2024-05-30,Consumer,East,Furniture,Chairs,Ergo Office Chair,4,0.2,20800.0,1864.53
ORD-15322,2023-03-31,Consumer,South,Furniture,Tables,Standing Desk,2,0.05,22800.0,2378.63
ORD-15323,2023-03-14,Consumer,North,Office Supplies,Binders,Heavy Binder Set,1,0.2,480.0,67.95
ORD-15324,2024-08-28,Home Office,South,Furniture,Bookcases,Wooden Bookcase,5,0,22500,3468.24
ORD-15325,2024-09-29,Home Office,East,Technology,Accessories,Laptop Bag,4,0,7200,2274.67
ORD-15326,2023-10-12,Corporate,North,Technology,Accessories,Wireless Earbuds,4,0.05,9500.0,2644.9
ORD-15327,2023-09-24,Home Office,South,Technology,Accessories,Wireless Earbuds,4,0.2,8000.0,1271.52
ORD-15328,2023-01-23,Corporate,North,Technology,Accessories,Wireless Earbuds,1,0.2,2000.0,335.55
ORD-15329,2024-07-25,Home Office,North,Technology,Accessories,Laptop Bag,5,0,9000,2698.09
ORD-15330,2023-12-24,Consumer,East,Furniture,Chairs,Ergo Office Chair,4,0,26000,4978.65
ORD-15331,2024-06-16,Home Office,East,Technology,Phones,Smartphone X,4,0,72000,11256.23
ORD-15332,2024-11-13,Consumer,East,Furniture,Bookcases,Wooden Bookcase,2,0.2,7200.0,120.41
ORD-15333,2023-12-10,Corporate,West,Office Supplies,Binders,Heavy Binder Set,4,0,2400,577.29
ORD-15334,2023-05-16,Corporate,West,Technology,Phones,Smartphone X,4,0.1,64800.0,7157.74
ORD-15335,2023-04-21,Consumer,West,Technology,Machines,Laser Printer,4,0,36000,4553.18
ORD-15336,2023-01-20,Consumer,North,Technology,Machines,Laser Printer,4,0.2,28800.0,735.17
ORD-15337,2024-02-16,Home Office,South,Office Supplies,Storage,Storage Box,1,0.2,720.0,71.57
ORD-15338,2023-11-19,Corporate,North,Technology,Phones,Smartphone X,5,0.2,72000.0,-1048.3
ORD-15339,2024-08-24,Consumer,South,Technology,Accessories,Wireless Earbuds,4,0,10000,2639.19
ORD-15340,2024-01-01,Home Office,West,Office Supplies,Paper,A4 Paper Pack,2,0.1,630.0,158.72
ORD-15341,2023-12-08,Home Office,West,Office Supplies,Binders,Heavy Binder Set,4,0,2400,592.25
ORD-15342,2023-04-11,Consumer,North,Office Supplies,Paper,A4 Paper Pack,5,0,1750,665.83
ORD-15343,2024-02-17,Consumer,West,Office Supplies,Paper,A4 Paper Pack,5,0.05,1662.5,506.19
ORD-15344,2023-11-28,Home Office,North,Furniture,Bookcases,Wooden Bookcase,5,0,22500,3177.62
ORD-15345,2024-12-25,Consumer,South,Technology,Machines,Laser Printer,2,0,18000,1949.91
ORD-15346,2023-10-04,Corporate,South,Furniture,Chairs,Ergo Office Chair,5,0.2,26000.0,1898.82
ORD-15347,2023-09-22,Corporate,East,Technology,Phones,Smartphone X,4,0,72000,7809.64
ORD-15348,2024-10-11,Corporate,North,Office Supplies,Storage,Storage Box,4,0.2,2880.0,368.15
ORD-15349,2024-02-08,Home Office,West,Technology,Accessories,Wireless Earbuds,4,0.2,8000.0,1437.85
ORD-15350,2024-11-24,Corporate,East,Furniture,Tables,Standing Desk,4,0.05,45600.0,3583.11
ORD-15351,2024-04-26,Corporate,West,Furniture,Tables,Standing Desk,2,0.1,21600.0,406.42
ORD-15352,2024-07-08,Consumer,South,Technology,Machines,Laser Printer,3,0,27000,3829.73
ORD-15353,2023-02-16,Consumer,South,Office Supplies,Paper,A4 Paper Pack,3,0.05,997.5,330.4
ORD-15354,2023-10-13,Corporate,South,Office Supplies,Binders,Heavy Binder Set,1,0.1,540.0,101.05
ORD-15355,2023-06-08,Consumer,West,Furniture,Chairs,Ergo Office Chair,1,0,6500,1236.1
ORD-15356,2024-02-13,Consumer,West,Technology,Phones,Smartphone X,3,0.2,43200.0,495.3
ORD-15357,2023-10-08,Home Office,South,Furniture,Chairs,Ergo Office Chair,3,0,19500,3007.58
ORD-15358,2023-02-10,Corporate,West,Technology,Accessories,Laptop Bag,3,0.1,4860.0,1440.93
ORD-15359,2024-01-04,Home Office,South,Technology,Accessories,Wireless Earbuds,2,0.1,4500.0,956.75
ORD-15360,2023-08-07,Consumer,South,Furniture,Bookcases,Wooden Bookcase,1,0.05,4275.0,420.92
ORD-15361,2023-04-14,Home Office,West,Furniture,Chairs,Ergo Office Chair,1,0.05,6175.0,997.78
ORD-15362,2023-09-10,Home Office,West,Technology,Phones,Smartphone X,2,0.1,32400.0,2983.45
ORD-15363,2023-10-07,Home Office,West,Technology,Phones,Smartphone X,3,0,54000,9570.68
ORD-15364,2024-06-18,Consumer,South,Technology,Accessories,Laptop Bag,1,0.05,1710.0,468.63
ORD-15365,2024-05-07,Corporate,South,Furniture,Chairs,Ergo Office Chair,3,0.2,15600.0,710.44
ORD-15366,2024-01-03,Corporate,North,Technology,Accessories,Wireless Earbuds,1,0.2,2000.0,332.87
ORD-15367,2024-09-25,Corporate,North,Technology,Machines,Laser Printer,4,0,36000,3024.47
ORD-15368,2024-06-24,Corporate,West,Furniture,Chairs,Ergo Office Chair,4,0.1,23400.0,3185.82
ORD-15369,2024-04-18,Consumer,North,Office Supplies,Paper,A4 Paper Pack,2,0.1,630.0,170.43
ORD-15370,2023-10-30,Home Office,East,Office Supplies,Paper,A4 Paper Pack,4,0,1400,524.34
ORD-15371,2023-09-01,Home Office,East,Office Supplies,Paper,A4 Paper Pack,5,0,1750,574.4
ORD-15372,2023-07-19,Corporate,South,Technology,Accessories,Wireless Earbuds,1,0.2,2000.0,290.79
ORD-15373,2024-09-26,Corporate,East,Technology,Accessories,Laptop Bag,4,0,7200,2374.41
ORD-15374,2024-09-14,Home Office,North,Technology,Machines,Laser Printer,1,0,9000,796.9
ORD-15375,2024-01-05,Home Office,North,Technology,Accessories,Laptop Bag,4,0.1,6480.0,1888.87
ORD-15376,2023-06-10,Corporate,South,Technology,Machines,Laser Printer,5,0,45000,4930.96
ORD-15377,2024-01-23,Home Office,West,Office Supplies,Storage,Storage Box,1,0,900,195.42
ORD-15378,2023-01-29,Consumer,North,Furniture,Chairs,Ergo Office Chair,3,0.05,18525.0,2585.25
ORD-15379,2024-10-05,Consumer,East,Office Supplies,Paper,A4 Paper Pack,3,0.2,840.0,170.44
ORD-15380,2024-09-07,Consumer,North,Furniture,Bookcases,Wooden Bookcase,3,0,13500,1934.52
ORD-15381,2024-11-02,Corporate,South,Technology,Accessories,Wireless Earbuds,2,0,5000,1583.62
ORD-15382,2023-04-19,Consumer,West,Furniture,Chairs,Ergo Office Chair,5,0,32500,4560.31
ORD-15383,2023-07-04,Consumer,East,Furniture,Tables,Standing Desk,2,0,24000,2179.05
ORD-15384,2024-09-07,Home Office,North,Furniture,Tables,Standing Desk,4,0.2,38400.0,-2151.67
ORD-15385,2023-11-06,Consumer,North,Furniture,Chairs,Ergo Office Chair,5,0.1,29250.0,4336.57
ORD-15386,2023-11-22,Consumer,North,Furniture,Bookcases,Wooden Bookcase,1,0.05,4275.0,406.94
ORD-15387,2023-07-15,Consumer,East,Technology,Accessories,Wireless Earbuds,2,0,5000,1665.05
ORD-15388,2024-04-10,Home Office,North,Office Supplies,Binders,Heavy Binder Set,3,0.05,1710.0,368.32
ORD-15389,2024-10-29,Consumer,East,Furniture,Bookcases,Wooden Bookcase,4,0,18000,2936.82
ORD-15390,2023-07-22,Corporate,East,Furniture,Chairs,Ergo Office Chair,2,0.2,10400.0,371.95
ORD-15391,2024-06-22,Home Office,North,Technology,Phones,Smartphone X,2,0.1,32400.0,2178.69
ORD-15392,2023-09-05,Home Office,North,Office Supplies,Paper,A4 Paper Pack,3,0.1,945.0,245.06
ORD-15393,2024-05-05,Home Office,East,Office Supplies,Binders,Heavy Binder Set,5,0,3000,855.8
ORD-15394,2023-05-14,Home Office,North,Furniture,Tables,Standing Desk,5,0,60000,4416.88
ORD-15395,2024-04-18,Home Office,East,Technology,Accessories,Wireless Earbuds,3,0,7500,2292.26
ORD-15396,2024-01-04,Consumer,South,Furniture,Tables,Standing Desk,1,0,12000,726.57
ORD-15397,2024-08-25,Home Office,North,Furniture,Bookcases,Wooden Bookcase,4,0.1,16200.0,1563.08
ORD-15398,2023-08-02,Consumer,South,Technology,Machines,Laser Printer,4,0,36000,3323.05
ORD-15399,2024-08-29,Consumer,South,Technology,Phones,Smartphone X,1,0.05,17100.0,1610.1
ORD-15400,2023-02-08,Home Office,West,Office Supplies,Storage,Storage Box,3,0.2,2160.0,247.49
ORD-15401,2023-10-28,Home Office,South,Technology,Accessories,Laptop Bag,3,0.1,4860.0,1098.01
ORD-15402,2023-12-07,Corporate,East,Technology,Accessories,Laptop Bag,1,0,1800,599.34
ORD-15403,2024-11-27,Home Office,North,Technology,Accessories,Wireless Earbuds,4,0,10000,3365.27
ORD-15404,2024-12-29,Home Office,North,Furniture,Bookcases,Wooden Bookcase,2,0,9000,1507.91
ORD-15405,2024-10-20,Consumer,South,Technology,Accessories,Wireless Earbuds,2,0,5000,1506.95
ORD-15406,2023-03-18,Consumer,East,Office Supplies,Paper,A4 Paper Pack,5,0,1750,666.71
ORD-15407,2023-05-18,Home Office,East,Furniture,Tables,Standing Desk,1,0.2,9600.0,-479.7
ORD-15408,2023-10-22,Consumer,North,Office Supplies,Paper,A4 Paper Pack,4,0,1400,504.53
ORD-15409,2024-12-28,Home Office,West,Furniture,Bookcases,Wooden Bookcase,2,0,9000,1104.43
ORD-15410,2023-11-22,Corporate,South,Technology,Phones,Smartphone X,4,0.05,68400.0,6893.98
ORD-15411,2024-03-30,Home Office,West,Furniture,Chairs,Ergo Office Chair,5,0.1,29250.0,3494.77
ORD-15412,2024-06-06,Home Office,West,Office Supplies,Binders,Heavy Binder Set,3,0,1800,571.87
ORD-15413,2023-12-23,Corporate,South,Technology,Machines,Laser Printer,1,0,9000,1043.15
ORD-15414,2024-08-09,Home Office,North,Technology,Phones,Smartphone X,1,0,18000,2998.89
ORD-15415,2024-10-13,Home Office,West,Furniture,Bookcases,Wooden Bookcase,1,0,4500,742.65
ORD-15416,2024-12-09,Consumer,East,Technology,Machines,Laser Printer,3,0.05,25650.0,2932.98
ORD-15417,2023-07-27,Corporate,South,Office Supplies,Paper,A4 Paper Pack,3,0,1050,399.87
ORD-15418,2024-03-11,Home Office,South,Office Supplies,Binders,Heavy Binder Set,4,0.2,1920.0,376.86
ORD-15419,2024-03-02,Consumer,South,Furniture,Bookcases,Wooden Bookcase,2,0,9000,1390.0
ORD-15420,2024-08-10,Home Office,South,Office Supplies,Storage,Storage Box,5,0,4500,1271.82
ORD-15421,2024-12-11,Home Office,North,Technology,Machines,Laser Printer,4,0.1,32400.0,2335.16
ORD-15422,2023-12-17,Consumer,East,Technology,Phones,Smartphone X,3,0,54000,8211.08
ORD-15423,2024-10-27,Home Office,East,Office Supplies,Binders,Heavy Binder Set,2,0,1200,338.02
ORD-15424,2024-02-29,Home Office,South,Technology,Accessories,Wireless Earbuds,1,0.2,2000.0,348.22
ORD-15425,2024-05-11,Corporate,North,Furniture,Chairs,Ergo Office Chair,3,0,19500,3217.44
ORD-15426,2023-09-18,Consumer,East,Office Supplies,Binders,Heavy Binder Set,1,0.05,570.0,141.56
ORD-15427,2024-02-20,Corporate,South,Technology,Accessories,Laptop Bag,5,0.1,8100.0,2295.45
ORD-15428,2024-07-31,Corporate,South,Office Supplies,Binders,Heavy Binder Set,4,0.1,2160.0,460.71
ORD-15429,2024-07-21,Home Office,East,Furniture,Chairs,Ergo Office Chair,5,0,32500,6660.85
ORD-15430,2023-02-24,Corporate,South,Furniture,Tables,Standing Desk,5,0,60000,7151.27
ORD-15431,2023-05-03,Consumer,South,Furniture,Bookcases,Wooden Bookcase,5,0,22500,3080.96
ORD-15432,2024-06-05,Consumer,West,Furniture,Bookcases,Wooden Bookcase,5,0,22500,3106.83
ORD-15433,2023-06-06,Consumer,North,Furniture,Bookcases,Wooden Bookcase,1,0.2,3600.0,166.75
ORD-15434,2024-03-14,Consumer,West,Office Supplies,Binders,Heavy Binder Set,3,0,1800,447.44
ORD-15435,2023-06-22,Corporate,North,Furniture,Bookcases,Wooden Bookcase,5,0,22500,4172.01
ORD-15436,2023-07-09,Consumer,South,Office Supplies,Binders,Heavy Binder Set,2,0.05,1140.0,319.92
ORD-15437,2023-06-28,Home Office,West,Technology,Machines,Laser Printer,4,0.2,28800.0,-30.26
ORD-15438,2024-10-03,Home Office,North,Technology,Phones,Smartphone X,2,0.2,28800.0,-178.58
ORD-15439,2023-04-16,Home Office,South,Technology,Accessories,Wireless Earbuds,4,0,10000,3309.47
ORD-15440,2023-09-23,Home Office,East,Furniture,Tables,Standing Desk,4,0.2,38400.0,-208.93
ORD-15441,2024-10-10,Corporate,West,Technology,Accessories,Wireless Earbuds,1,0,2500,738.25
ORD-15442,2023-07-03,Home Office,South,Office Supplies,Binders,Heavy Binder Set,2,0,1200,296.42
ORD-15443,2023-06-29,Consumer,South,Technology,Accessories,Wireless Earbuds,1,0.1,2250.0,540.7
ORD-15444,2023-02-10,Home Office,North,Office Supplies,Paper,A4 Paper Pack,3,0.1,945.0,303.43
ORD-15445,2023-01-21,Consumer,West,Office Supplies,Storage,Storage Box,1,0.1,810.0,173.42
ORD-15446,2023-08-12,Consumer,South,Furniture,Bookcases,Wooden Bookcase,1,0.2,3600.0,-25.22
ORD-15447,2023-02-20,Consumer,North,Technology,Machines,Laser Printer,3,0,27000,3685.87
ORD-15448,2023-11-27,Consumer,West,Technology,Machines,Laser Printer,5,0,45000,7101.05
ORD-15449,2024-04-11,Home Office,South,Office Supplies,Binders,Heavy Binder Set,5,0.05,2850.0,744.77
ORD-15450,2023-05-19,Corporate,North,Technology,Accessories,Wireless Earbuds,3,0.1,6750.0,1677.55
ORD-15451,2023-06-07,Corporate,West,Technology,Machines,Laser Printer,1,0,9000,855.15
ORD-15452,2023-07-12,Consumer,West,Furniture,Chairs,Ergo Office Chair,3,0,19500,2932.35
ORD-15453,2023-09-29,Consumer,North,Technology,Phones,Smartphone X,1,0,18000,3014.58
ORD-15454,2023-01-10,Corporate,East,Furniture,Tables,Standing Desk,1,0,12000,837.08
ORD-15455,2023-09-08,Home Office,West,Office Supplies,Binders,Heavy Binder Set,5,0,3000,751.96
ORD-15456,2024-07-14,Corporate,West,Technology,Machines,Laser Printer,2,0.2,14400.0,-308.71
ORD-15457,2024-07-11,Corporate,North,Office Supplies,Binders,Heavy Binder Set,2,0.2,960.0,121.73
ORD-15458,2024-06-07,Home Office,West,Technology,Accessories,Laptop Bag,5,0.1,8100.0,2141.2
ORD-15459,2023-12-26,Consumer,West,Office Supplies,Binders,Heavy Binder Set,4,0,2400,742.04
ORD-15460,2023-12-08,Consumer,South,Technology,Accessories,Wireless Earbuds,2,0,5000,1542.59
ORD-15461,2024-03-27,Consumer,North,Technology,Machines,Laser Printer,1,0,9000,1084.81
ORD-15462,2023-07-26,Home Office,West,Technology,Accessories,Wireless Earbuds,5,0,12500,3569.09
ORD-15463,2024-11-14,Consumer,North,Technology,Accessories,Wireless Earbuds,4,0.2,8000.0,1262.94
ORD-15464,2023-12-31,Consumer,South,Technology,Accessories,Laptop Bag,4,0,7200,2435.28
ORD-15465,2024-04-05,Home Office,East,Technology,Accessories,Wireless Earbuds,3,0.05,7125.0,2097.52
ORD-15466,2024-03-31,Consumer,West,Technology,Accessories,Laptop Bag,1,0.1,1620.0,439.03
ORD-15467,2024-06-15,Home Office,South,Technology,Phones,Smartphone X,3,0,54000,8973.67
ORD-15468,2024-07-20,Home Office,East,Technology,Accessories,Laptop Bag,2,0.05,3420.0,877.2
ORD-15469,2023-07-09,Corporate,West,Office Supplies,Paper,A4 Paper Pack,2,0.1,630.0,173.33
ORD-15470,2023-01-07,Corporate,South,Technology,Phones,Smartphone X,4,0.2,57600.0,-807.77
ORD-15471,2023-12-04,Corporate,East,Furniture,Tables,Standing Desk,2,0,24000,2758.62
ORD-15472,2024-05-17,Corporate,East,Furniture,Bookcases,Wooden Bookcase,3,0,13500,2212.67
ORD-15473,2024-11-19,Home Office,West,Technology,Phones,Smartphone X,4,0.1,64800.0,6263.34
ORD-15474,2023-12-02,Home Office,South,Office Supplies,Storage,Storage Box,5,0.1,4050.0,922.44
ORD-15475,2024-04-18,Corporate,South,Technology,Machines,Laser Printer,1,0,9000,1252.99
ORD-15476,2024-05-15,Home Office,East,Technology,Phones,Smartphone X,3,0,54000,8722.2
ORD-15477,2023-12-28,Consumer,West,Technology,Accessories,Wireless Earbuds,1,0,2500,709.01
ORD-15478,2023-10-03,Corporate,North,Office Supplies,Binders,Heavy Binder Set,5,0.2,2400.0,291.0
ORD-15479,2024-11-23,Corporate,North,Technology,Phones,Smartphone X,3,0.1,48600.0,3606.21
ORD-15480,2024-01-17,Consumer,East,Furniture,Tables,Standing Desk,3,0,36000,4924.6
ORD-15481,2023-08-14,Home Office,West,Office Supplies,Binders,Heavy Binder Set,1,0.2,480.0,67.54
ORD-15482,2023-12-12,Corporate,North,Technology,Accessories,Wireless Earbuds,1,0,2500,750.42
ORD-15483,2023-06-23,Home Office,East,Technology,Machines,Laser Printer,3,0.05,25650.0,2876.0
ORD-15484,2024-04-30,Corporate,West,Furniture,Chairs,Ergo Office Chair,1,0.05,6175.0,799.92
ORD-15485,2024-04-30,Home Office,East,Office Supplies,Storage,Storage Box,5,0.1,4050.0,890.96
ORD-15486,2024-03-17,Corporate,South,Technology,Phones,Smartphone X,2,0.2,28800.0,1211.44
ORD-15487,2024-01-11,Home Office,South,Technology,Accessories,Wireless Earbuds,4,0.05,9500.0,2659.49
ORD-15488,2023-07-16,Corporate,North,Technology,Accessories,Laptop Bag,2,0,3600,1142.53
ORD-15489,2023-03-21,Corporate,South,Furniture,Chairs,Ergo Office Chair,1,0,6500,1176.06
ORD-15490,2023-04-13,Corporate,North,Technology,Accessories,Wireless Earbuds,3,0,7500,2363.6
ORD-15491,2024-01-09,Consumer,West,Technology,Accessories,Wireless Earbuds,2,0.05,4750.0,1232.04
ORD-15492,2023-02-12,Corporate,East,Furniture,Chairs,Ergo Office Chair,3,0,19500,4139.5
ORD-15493,2023-05-29,Corporate,East,Technology,Machines,Laser Printer,3,0.05,25650.0,2936.55
ORD-15494,2023-01-22,Consumer,South,Furniture,Bookcases,Wooden Bookcase,2,0.05,8550.0,778.44
ORD-15495,2023-06-04,Consumer,North,Technology,Accessories,Wireless Earbuds,3,0,7500,2015.53
ORD-15496,2024-03-10,Corporate,North,Technology,Phones,Smartphone X,2,0,36000,4692.04
ORD-15497,2023-07-06,Consumer,East,Office Supplies,Paper,A4 Paper Pack,5,0,1750,549.89
ORD-15498,2024-10-05,Consumer,West,Technology,Machines,Laser Printer,1,0.2,7200.0,-109.85
ORD-15499,2024-08-02,Consumer,East,Office Supplies,Binders,Heavy Binder Set,2,0.2,960.0,173.12
ORD-15500,2024-05-08,Corporate,North,Furniture,Bookcases,Wooden Bookcase,4,0,18000,2158.12
ORD-15501,2024-12-07,Corporate,East,Furniture,Bookcases,Wooden Bookcase,5,0.1,20250.0,2171.48
ORD-15502,2024-06-25,Corporate,East,Office Supplies,Paper,A4 Paper Pack,1,0.1,315.0,85.69
ORD-15503,2023-06-07,Consumer,East,Furniture,Bookcases,Wooden Bookcase,5,0,22500,3197.66
ORD-15504,2023-02-15,Home Office,East,Technology,Accessories,Wireless Earbuds,3,0.1,6750.0,1663.49
ORD-15505,2024-12-10,Home Office,East,Technology,Machines,Laser Printer,2,0,18000,1720.59
ORD-15506,2024-03-11,Home Office,East,Furniture,Bookcases,Wooden Bookcase,5,0,22500,3723.6
ORD-15507,2024-10-09,Consumer,West,Technology,Machines,Laser Printer,5,0.1,40500.0,908.04
ORD-15508,2023-08-26,Home Office,West,Office Supplies,Binders,Heavy Binder Set,5,0,3000,860.62
ORD-15509,2024-08-20,Corporate,South,Furniture,Bookcases,Wooden Bookcase,3,0,13500,2470.03
ORD-15510,2023-07-30,Corporate,East,Office Supplies,Binders,Heavy Binder Set,4,0.05,2280.0,566.79
ORD-15511,2024-02-19,Corporate,East,Furniture,Tables,Standing Desk,5,0,60000,3762.83
ORD-15512,2024-08-18,Home Office,South,Technology,Phones,Smartphone X,4,0,72000,9426.42
ORD-15513,2023-10-19,Home Office,West,Office Supplies,Storage,Storage Box,4,0,3600,1032.56
ORD-15514,2023-10-01,Consumer,East,Furniture,Bookcases,Wooden Bookcase,2,0.05,8550.0,1000.44
ORD-15515,2024-10-27,Consumer,North,Furniture,Tables,Standing Desk,4,0,48000,5117.99
ORD-15516,2023-01-17,Corporate,East,Furniture,Tables,Standing Desk,1,0.05,11400.0,485.33
ORD-15517,2024-08-21,Consumer,West,Furniture,Bookcases,Wooden Bookcase,2,0.1,8100.0,686.92
ORD-15518,2023-02-15,Home Office,East,Technology,Accessories,Laptop Bag,2,0,3600,1250.61
ORD-15519,2023-12-11,Consumer,East,Office Supplies,Binders,Heavy Binder Set,5,0,3000,815.31
ORD-15520,2024-05-07,Home Office,West,Technology,Accessories,Wireless Earbuds,4,0,10000,2761.03
ORD-15521,2024-07-25,Consumer,East,Furniture,Chairs,Ergo Office Chair,2,0,13000,1881.07
ORD-15522,2023-07-05,Corporate,South,Technology,Accessories,Laptop Bag,5,0.1,8100.0,1949.61
ORD-15523,2023-12-05,Consumer,West,Technology,Accessories,Laptop Bag,3,0,5400,1808.21
ORD-15524,2023-03-10,Home Office,East,Office Supplies,Binders,Heavy Binder Set,5,0,3000,856.78
ORD-15525,2023-09-10,Corporate,East,Furniture,Tables,Standing Desk,5,0.2,48000.0,-5.93
ORD-15526,2024-09-15,Consumer,North,Office Supplies,Storage,Storage Box,1,0,900,221.3
ORD-15527,2023-12-27,Home Office,South,Furniture,Tables,Standing Desk,2,0.05,22800.0,2014.33
ORD-15528,2023-04-10,Home Office,South,Technology,Machines,Laser Printer,3,0,27000,2508.63
ORD-15529,2023-10-21,Corporate,East,Technology,Machines,Laser Printer,4,0.05,34200.0,1990.06
ORD-15530,2024-06-07,Corporate,East,Furniture,Tables,Standing Desk,1,0,12000,1419.26
ORD-15531,2024-05-03,Consumer,North,Technology,Accessories,Wireless Earbuds,1,0,2500,760.49
ORD-15532,2024-12-02,Home Office,South,Technology,Phones,Smartphone X,3,0,54000,9450.96
ORD-15533,2024-01-25,Home Office,East,Technology,Accessories,Laptop Bag,2,0,3600,1145.33
ORD-15534,2024-05-15,Home Office,South,Furniture,Bookcases,Wooden Bookcase,5,0,22500,2780.47
ORD-15535,2023-11-23,Consumer,South,Office Supplies,Paper,A4 Paper Pack,4,0.05,1330.0,456.94
ORD-15536,2024-04-04,Consumer,West,Furniture,Bookcases,Wooden Bookcase,3,0,13500,2468.51
ORD-15537,2023-05-26,Home Office,West,Technology,Machines,Laser Printer,4,0.1,32400.0,3145.11
ORD-15538,2024-07-22,Corporate,North,Technology,Accessories,Laptop Bag,2,0,3600,1245.56
ORD-15539,2023-01-31,Consumer,North,Technology,Machines,Laser Printer,4,0,36000,4290.39
ORD-15540,2023-07-13,Home Office,West,Furniture,Tables,Standing Desk,5,0.05,57000.0,6071.24
ORD-15541,2024-12-12,Corporate,West,Furniture,Bookcases,Wooden Bookcase,2,0.05,8550.0,730.71
ORD-15542,2023-07-06,Home Office,South,Technology,Phones,Smartphone X,3,0,54000,5418.58
ORD-15543,2023-02-19,Home Office,East,Office Supplies,Binders,Heavy Binder Set,2,0,1200,351.87
ORD-15544,2023-02-08,Consumer,North,Technology,Accessories,Laptop Bag,2,0,3600,1142.52
ORD-15545,2024-12-20,Corporate,North,Technology,Accessories,Laptop Bag,4,0,7200,2528.11
ORD-15546,2024-07-01,Consumer,West,Office Supplies,Storage,Storage Box,3,0,2700,760.04
ORD-15547,2024-05-08,Home Office,North,Furniture,Bookcases,Wooden Bookcase,5,0.2,18000.0,1014.42
ORD-15548,2024-01-20,Home Office,North,Office Supplies,Paper,A4 Paper Pack,5,0.2,1400.0,268.08
ORD-15549,2023-12-13,Corporate,North,Technology,Machines,Laser Printer,1,0.1,8100.0,586.58
ORD-15550,2024-10-06,Corporate,East,Technology,Accessories,Wireless Earbuds,5,0.1,11250.0,3010.74
ORD-15551,2023-05-16,Consumer,South,Technology,Accessories,Laptop Bag,3,0.1,4860.0,1229.98
ORD-15552,2023-06-26,Home Office,West,Technology,Accessories,Wireless Earbuds,3,0.1,6750.0,1839.74
ORD-15553,2024-11-25,Home Office,North,Technology,Accessories,Wireless Earbuds,4,0,10000,2956.38
ORD-15554,2023-05-29,Consumer,West,Furniture,Chairs,Ergo Office Chair,1,0.1,5850.0,714.06
ORD-15555,2024-09-30,Consumer,South,Technology,Accessories,Laptop Bag,3,0,5400,1712.82
ORD-15556,2024-12-01,Consumer,West,Furniture,Tables,Standing Desk,1,0,12000,1615.44
ORD-15557,2024-01-11,Home Office,West,Office Supplies,Storage,Storage Box,4,0.05,3420.0,793.34
ORD-15558,2023-09-01,Home Office,North,Office Supplies,Storage,Storage Box,3,0,2700,693.94
ORD-15559,2023-08-17,Corporate,South,Technology,Phones,Smartphone X,3,0.1,48600.0,5166.55
ORD-15560,2024-10-26,Corporate,South,Office Supplies,Paper,A4 Paper Pack,4,0.1,1260.0,344.36
ORD-15561,2023-11-25,Consumer,East,Office Supplies,Storage,Storage Box,4,0,3600,786.06
ORD-15562,2024-07-20,Consumer,East,Technology,Machines,Laser Printer,1,0,9000,1291.13
ORD-15563,2024-07-18,Corporate,West,Furniture,Bookcases,Wooden Bookcase,1,0.2,3600.0,238.88
ORD-15564,2023-04-20,Corporate,South,Office Supplies,Binders,Heavy Binder Set,4,0,2400,703.18
ORD-15565,2024-09-26,Home Office,West,Furniture,Tables,Standing Desk,1,0.05,11400.0,1057.11
ORD-15566,2023-11-28,Home Office,West,Technology,Phones,Smartphone X,4,0.1,64800.0,7228.6
ORD-15567,2024-02-18,Home Office,North,Furniture,Bookcases,Wooden Bookcase,5,0,22500,3278.73
ORD-15568,2024-12-03,Corporate,West,Technology,Accessories,Wireless Earbuds,1,0.05,2375.0,668.92
ORD-15569,2024-04-16,Home Office,South,Office Supplies,Paper,A4 Paper Pack,3,0,1050,367.84
ORD-15570,2024-04-25,Consumer,West,Office Supplies,Binders,Heavy Binder Set,5,0.1,2700.0,678.84
ORD-15571,2023-12-13,Consumer,West,Technology,Accessories,Wireless Earbuds,2,0,5000,1530.0
ORD-15572,2024-06-30,Corporate,South,Furniture,Bookcases,Wooden Bookcase,5,0.1,20250.0,2629.81
ORD-15573,2024-12-22,Consumer,East,Office Supplies,Binders,Heavy Binder Set,5,0,3000,784.9
ORD-15574,2023-01-30,Home Office,West,Technology,Accessories,Laptop Bag,2,0.05,3420.0,949.27
ORD-15575,2023-10-07,Home Office,South,Technology,Accessories,Laptop Bag,2,0.05,3420.0,1101.22
ORD-15576,2024-07-12,Corporate,West,Furniture,Chairs,Ergo Office Chair,2,0.05,12350.0,2299.9
ORD-15577,2023-03-30,Consumer,South,Furniture,Bookcases,Wooden Bookcase,4,0.05,17100.0,2722.63
ORD-15578,2024-09-22,Corporate,East,Technology,Phones,Smartphone X,1,0.1,16200.0,1659.44
ORD-15579,2024-08-04,Corporate,South,Technology,Accessories,Wireless Earbuds,3,0,7500,2035.12
ORD-15580,2023-09-13,Home Office,North,Office Supplies,Paper,A4 Paper Pack,4,0,1400,434.77
ORD-15581,2024-10-08,Home Office,North,Furniture,Bookcases,Wooden Bookcase,4,0.1,16200.0,1085.86
ORD-15582,2024-05-29,Corporate,North,Furniture,Chairs,Ergo Office Chair,1,0,6500,1378.97
ORD-15583,2024-08-29,Consumer,East,Furniture,Chairs,Ergo Office Chair,4,0,26000,5000.81
ORD-15584,2023-11-17,Home Office,West,Office Supplies,Storage,Storage Box,3,0.1,2430.0,537.52
ORD-15585,2024-10-02,Consumer,West,Office Supplies,Binders,Heavy Binder Set,1,0.2,480.0,76.74
ORD-15586,2023-02-03,Corporate,South,Office Supplies,Binders,Heavy Binder Set,3,0.05,1710.0,372.69
ORD-15587,2023-07-05,Home Office,North,Office Supplies,Binders,Heavy Binder Set,1,0,600,181.63
ORD-15588,2024-06-22,Home Office,West,Office Supplies,Binders,Heavy Binder Set,3,0,1800,460.36
ORD-15589,2023-03-03,Corporate,West,Office Supplies,Paper,A4 Paper Pack,2,0.1,630.0,203.39
ORD-15590,2023-05-21,Corporate,North,Technology,Accessories,Wireless Earbuds,3,0.05,7125.0,2042.24
ORD-15591,2024-06-29,Consumer,South,Furniture,Tables,Standing Desk,3,0.1,32400.0,1133.03
ORD-15592,2023-08-07,Consumer,West,Office Supplies,Storage,Storage Box,4,0,3600,775.32
ORD-15593,2024-01-05,Home Office,West,Furniture,Chairs,Ergo Office Chair,1,0,6500,966.59
ORD-15594,2023-05-11,Consumer,South,Furniture,Chairs,Ergo Office Chair,3,0.2,15600.0,1025.8
ORD-15595,2023-04-13,Home Office,South,Furniture,Chairs,Ergo Office Chair,5,0.1,29250.0,4292.73
ORD-15596,2023-04-03,Consumer,South,Technology,Accessories,Laptop Bag,1,0,1800,570.39
ORD-15597,2024-09-28,Home Office,East,Technology,Machines,Laser Printer,1,0,9000,1237.23
ORD-15598,2024-11-09,Corporate,North,Furniture,Bookcases,Wooden Bookcase,4,0.05,17100.0,2631.57
ORD-15599,2023-10-01,Home Office,West,Furniture,Tables,Standing Desk,1,0.2,9600.0,154.07
ORD-15600,2023-10-19,Consumer,North,Furniture,Tables,Standing Desk,3,0.05,34200.0,2525.48
ORD-15601,2024-10-19,Corporate,West,Office Supplies,Paper,A4 Paper Pack,3,0,1050,362.47
ORD-15602,2024-11-08,Home Office,West,Office Supplies,Binders,Heavy Binder Set,4,0,2400,732.75
ORD-15603,2023-10-15,Corporate,South,Furniture,Tables,Standing Desk,4,0.05,45600.0,1538.98
ORD-15604,2023-01-07,Corporate,East,Furniture,Bookcases,Wooden Bookcase,2,0.1,8100.0,687.39
ORD-15605,2024-11-12,Home Office,West,Technology,Accessories,Wireless Earbuds,4,0,10000,2649.62
ORD-15606,2024-01-23,Consumer,West,Technology,Accessories,Laptop Bag,5,0.1,8100.0,2098.0
ORD-15607,2023-09-28,Consumer,East,Furniture,Tables,Standing Desk,2,0,24000,1449.5
ORD-15608,2024-05-25,Home Office,West,Office Supplies,Paper,A4 Paper Pack,5,0,1750,625.79
ORD-15609,2024-08-01,Corporate,North,Furniture,Chairs,Ergo Office Chair,5,0.05,30875.0,5335.5
ORD-15610,2023-02-16,Corporate,South,Office Supplies,Binders,Heavy Binder Set,2,0,1200,327.83
ORD-15611,2024-03-04,Consumer,South,Furniture,Chairs,Ergo Office Chair,2,0,13000,2087.22
ORD-15612,2023-03-08,Consumer,North,Furniture,Chairs,Ergo Office Chair,5,0,32500,5178.72
ORD-15613,2023-03-23,Corporate,East,Technology,Accessories,Wireless Earbuds,5,0,12500,3918.58
ORD-15614,2023-07-09,Corporate,East,Office Supplies,Storage,Storage Box,3,0,2700,679.98
ORD-15615,2023-04-11,Consumer,East,Furniture,Tables,Standing Desk,3,0,36000,3800.2
ORD-15616,2023-02-26,Corporate,East,Furniture,Chairs,Ergo Office Chair,4,0.1,23400.0,2728.36
ORD-15617,2023-12-01,Corporate,South,Office Supplies,Storage,Storage Box,2,0,1800,388.49
ORD-15618,2024-04-23,Corporate,West,Office Supplies,Binders,Heavy Binder Set,1,0.2,480.0,66.87
ORD-15619,2024-12-01,Consumer,East,Technology,Accessories,Laptop Bag,4,0,7200,2394.46
ORD-15620,2024-06-07,Corporate,South,Office Supplies,Storage,Storage Box,4,0.2,2880.0,316.88
ORD-15621,2023-09-03,Home Office,North,Office Supplies,Paper,A4 Paper Pack,1,0.2,280.0,55.95
ORD-15622,2024-07-26,Home Office,East,Office Supplies,Paper,A4 Paper Pack,2,0,700,265.2
ORD-15623,2024-04-11,Home Office,East,Office Supplies,Paper,A4 Paper Pack,2,0.1,630.0,167.37
ORD-15624,2023-04-14,Home Office,West,Office Supplies,Storage,Storage Box,3,0,2700,671.81
ORD-15625,2023-05-24,Consumer,North,Office Supplies,Binders,Heavy Binder Set,5,0.2,2400.0,448.98
ORD-15626,2024-08-23,Corporate,North,Technology,Phones,Smartphone X,2,0.2,28800.0,1700.47
ORD-15627,2024-03-21,Home Office,South,Technology,Phones,Smartphone X,5,0,90000,15163.64
ORD-15628,2024-09-10,Consumer,South,Furniture,Chairs,Ergo Office Chair,5,0.2,26000.0,1464.73
ORD-15629,2023-04-04,Corporate,East,Furniture,Bookcases,Wooden Bookcase,1,0.1,4050.0,215.93
ORD-15630,2024-06-23,Home Office,East,Office Supplies,Paper,A4 Paper Pack,2,0,700,262.67
ORD-15631,2023-11-06,Corporate,West,Technology,Machines,Laser Printer,2,0,18000,1575.14
ORD-15632,2023-10-31,Corporate,North,Furniture,Chairs,Ergo Office Chair,5,0,32500,7112.07
ORD-15633,2024-01-17,Consumer,East,Furniture,Tables,Standing Desk,2,0.2,19200.0,-950.05
ORD-15634,2023-06-30,Consumer,West,Office Supplies,Storage,Storage Box,1,0,900,190.04
ORD-15635,2023-08-24,Corporate,South,Technology,Accessories,Laptop Bag,5,0,9000,2567.19
ORD-15636,2023-02-16,Corporate,North,Furniture,Tables,Standing Desk,5,0,60000,4510.21
ORD-15637,2023-12-24,Home Office,South,Furniture,Bookcases,Wooden Bookcase,1,0.2,3600.0,136.87
ORD-15638,2024-11-22,Home Office,West,Office Supplies,Storage,Storage Box,1,0.1,810.0,162.95
ORD-15639,2023-01-19,Consumer,North,Furniture,Tables,Standing Desk,3,0,36000,3030.57
ORD-15640,2023-01-19,Home Office,South,Technology,Accessories,Laptop Bag,1,0.05,1710.0,493.74
ORD-15641,2023-06-27,Corporate,West,Furniture,Bookcases,Wooden Bookcase,2,0,9000,1534.67
ORD-15642,2024-04-07,Corporate,West,Furniture,Chairs,Ergo Office Chair,4,0.05,24700.0,3417.69
ORD-15643,2023-10-24,Consumer,East,Office Supplies,Binders,Heavy Binder Set,2,0.05,1140.0,271.96
ORD-15644,2023-08-29,Consumer,South,Office Supplies,Storage,Storage Box,1,0,900,222.71
ORD-15645,2024-10-31,Home Office,South,Office Supplies,Paper,A4 Paper Pack,4,0,1400,472.03
ORD-15646,2024-03-01,Corporate,North,Technology,Accessories,Laptop Bag,2,0.1,3240.0,781.81
ORD-15647,2024-09-07,Consumer,South,Technology,Accessories,Wireless Earbuds,3,0,7500,2510.24
ORD-15648,2024-10-15,Consumer,West,Furniture,Chairs,Ergo Office Chair,2,0.1,11700.0,983.3
ORD-15649,2024-03-30,Home Office,South,Office Supplies,Storage,Storage Box,5,0.2,3600.0,578.97
ORD-15650,2024-10-19,Home Office,North,Office Supplies,Binders,Heavy Binder Set,4,0,2400,617.32
ORD-15651,2024-09-06,Consumer,North,Technology,Accessories,Laptop Bag,5,0,9000,2679.15
ORD-15652,2023-04-22,Home Office,East,Office Supplies,Binders,Heavy Binder Set,3,0.1,1620.0,323.02
ORD-15653,2023-08-25,Home Office,North,Technology,Accessories,Wireless Earbuds,3,0,7500,2000.57
ORD-15654,2023-11-09,Home Office,West,Technology,Machines,Laser Printer,2,0,18000,2639.86
ORD-15655,2024-09-25,Home Office,East,Furniture,Bookcases,Wooden Bookcase,5,0,22500,2557.54
ORD-15656,2024-09-08,Corporate,East,Furniture,Chairs,Ergo Office Chair,4,0,26000,5463.23
ORD-15657,2023-08-06,Corporate,North,Furniture,Chairs,Ergo Office Chair,2,0.2,10400.0,855.41
ORD-15658,2023-07-10,Home Office,South,Technology,Machines,Laser Printer,1,0.2,7200.0,-255.53
ORD-15659,2023-05-05,Corporate,South,Office Supplies,Binders,Heavy Binder Set,4,0.2,1920.0,307.23
ORD-15660,2023-12-06,Corporate,West,Technology,Phones,Smartphone X,5,0.05,85500.0,12289.71
ORD-15661,2023-03-21,Corporate,South,Technology,Accessories,Laptop Bag,2,0,3600,1163.64
ORD-15662,2023-01-30,Home Office,West,Technology,Phones,Smartphone X,5,0,90000,15476.49
ORD-15663,2023-06-09,Corporate,West,Technology,Machines,Laser Printer,3,0.1,24300.0,1906.84
ORD-15664,2024-11-15,Corporate,North,Furniture,Bookcases,Wooden Bookcase,3,0.05,12825.0,1405.29
ORD-15665,2023-12-18,Consumer,East,Office Supplies,Storage,Storage Box,3,0.05,2565.0,595.95
ORD-15666,2023-07-26,Corporate,West,Office Supplies,Paper,A4 Paper Pack,2,0,700,227.29
ORD-15667,2023-09-23,Consumer,East,Office Supplies,Paper,A4 Paper Pack,5,0,1750,673.86
ORD-15668,2023-08-11,Corporate,West,Office Supplies,Paper,A4 Paper Pack,2,0,700,223.78
ORD-15669,2023-06-03,Home Office,West,Technology,Accessories,Wireless Earbuds,5,0,12500,3358.23
ORD-15670,2023-10-23,Corporate,West,Office Supplies,Paper,A4 Paper Pack,3,0.2,840.0,214.5
ORD-15671,2023-09-03,Home Office,South,Office Supplies,Paper,A4 Paper Pack,1,0,350,130.5
ORD-15672,2024-06-03,Corporate,East,Office Supplies,Binders,Heavy Binder Set,3,0,1800,458.26
ORD-15673,2024-01-13,Consumer,South,Technology,Machines,Laser Printer,1,0,9000,1126.05
ORD-15674,2023-09-03,Home Office,East,Furniture,Tables,Standing Desk,3,0,36000,3542.28
ORD-15675,2024-09-12,Corporate,West,Furniture,Chairs,Ergo Office Chair,4,0.2,20800.0,633.09
ORD-15676,2023-11-03,Corporate,East,Furniture,Tables,Standing Desk,1,0,12000,858.16
ORD-15677,2023-06-10,Consumer,South,Technology,Machines,Laser Printer,5,0.05,42750.0,2295.64
ORD-15678,2024-08-06,Consumer,North,Technology,Machines,Laser Printer,2,0.1,16200.0,1049.2
ORD-15679,2024-03-31,Corporate,South,Furniture,Chairs,Ergo Office Chair,3,0.2,15600.0,1257.0
ORD-15680,2024-03-21,Consumer,East,Technology,Machines,Laser Printer,5,0.2,36000.0,-376.47
ORD-15681,2024-02-21,Corporate,East,Technology,Machines,Laser Printer,5,0,45000,3692.08
ORD-15682,2023-05-29,Consumer,East,Technology,Phones,Smartphone X,5,0.05,85500.0,9668.32
ORD-15683,2024-07-08,Consumer,West,Office Supplies,Paper,A4 Paper Pack,4,0.2,1120.0,268.68
ORD-15684,2024-01-05,Corporate,West,Furniture,Tables,Standing Desk,3,0.05,34200.0,2205.06
ORD-15685,2024-03-22,Consumer,East,Office Supplies,Storage,Storage Box,2,0.05,1710.0,434.93
ORD-15686,2023-06-08,Home Office,East,Office Supplies,Paper,A4 Paper Pack,5,0,1750,665.53
ORD-15687,2024-10-29,Consumer,East,Technology,Phones,Smartphone X,5,0,90000,11414.81
ORD-15688,2024-08-04,Consumer,West,Office Supplies,Paper,A4 Paper Pack,2,0.1,630.0,181.53
ORD-15689,2023-10-12,Home Office,South,Technology,Machines,Laser Printer,2,0,18000,1911.45
ORD-15690,2023-12-24,Home Office,South,Furniture,Tables,Standing Desk,4,0.1,43200.0,2834.05
ORD-15691,2023-12-14,Home Office,South,Technology,Phones,Smartphone X,3,0.05,51300.0,4316.73
ORD-15692,2023-07-10,Consumer,East,Furniture,Tables,Standing Desk,4,0.05,45600.0,2819.02
ORD-15693,2023-03-17,Consumer,North,Furniture,Tables,Standing Desk,5,0.2,48000.0,-24.4
ORD-15694,2024-12-18,Home Office,West,Office Supplies,Storage,Storage Box,4,0,3600,900.62
ORD-15695,2024-07-13,Home Office,South,Office Supplies,Storage,Storage Box,5,0.05,4275.0,1091.89
ORD-15696,2023-07-24,Consumer,East,Furniture,Tables,Standing Desk,5,0,60000,7869.57
ORD-15697,2023-03-04,Consumer,South,Office Supplies,Paper,A4 Paper Pack,5,0.2,1400.0,302.29
ORD-15698,2024-05-06,Consumer,South,Furniture,Tables,Standing Desk,1,0.1,10800.0,842.41
ORD-15699,2024-10-04,Corporate,South,Office Supplies,Storage,Storage Box,2,0.1,1620.0,246.58
ORD-15700,2023-07-21,Home Office,South,Office Supplies,Paper,A4 Paper Pack,5,0,1750,655.13
ORD-15701,2023-12-28,Home Office,North,Office Supplies,Binders,Heavy Binder Set,5,0,3000,871.59
ORD-15702,2023-03-10,Consumer,North,Technology,Machines,Laser Printer,2,0,18000,1550.56
ORD-15703,2024-01-02,Consumer,South,Furniture,Bookcases,Wooden Bookcase,2,0,9000,994.25
ORD-15704,2024-03-01,Consumer,South,Furniture,Bookcases,Wooden Bookcase,2,0,9000,1042.7
ORD-15705,2024-08-24,Consumer,South,Office Supplies,Paper,A4 Paper Pack,2,0.2,560.0,109.38
ORD-15706,2023-03-01,Home Office,West,Office Supplies,Binders,Heavy Binder Set,1,0,600,155.73
ORD-15707,2023-12-21,Home Office,North,Technology,Phones,Smartphone X,1,0,18000,2696.29
ORD-15708,2024-10-23,Corporate,East,Furniture,Chairs,Ergo Office Chair,1,0.2,5200.0,425.69
ORD-15709,2023-10-25,Home Office,North,Technology,Accessories,Laptop Bag,1,0,1800,604.68
ORD-15710,2024-04-27,Consumer,South,Technology,Accessories,Wireless Earbuds,4,0.05,9500.0,2845.3
ORD-15711,2024-11-20,Consumer,West,Furniture,Tables,Standing Desk,5,0,60000,4834.46
ORD-15712,2023-03-27,Corporate,West,Technology,Accessories,Wireless Earbuds,3,0,7500,2381.27
ORD-15713,2024-03-30,Home Office,West,Technology,Accessories,Wireless Earbuds,4,0.2,8000.0,1157.49
ORD-15714,2023-01-09,Consumer,East,Office Supplies,Binders,Heavy Binder Set,2,0.1,1080.0,277.98
ORD-15715,2023-02-09,Home Office,North,Technology,Accessories,Laptop Bag,2,0.2,2880.0,689.19
ORD-15716,2024-09-28,Home Office,North,Office Supplies,Storage,Storage Box,2,0,1800,468.3
ORD-15717,2023-05-15,Home Office,North,Furniture,Chairs,Ergo Office Chair,2,0,13000,2215.66
ORD-15718,2023-01-19,Consumer,South,Technology,Accessories,Laptop Bag,2,0,3600,1084.41
ORD-15719,2023-04-15,Consumer,East,Furniture,Bookcases,Wooden Bookcase,2,0.2,7200.0,187.7
ORD-15720,2023-04-21,Consumer,West,Technology,Phones,Smartphone X,2,0,36000,4234.3
ORD-15721,2023-12-10,Home Office,South,Furniture,Bookcases,Wooden Bookcase,3,0,13500,2056.46
ORD-15722,2023-05-06,Home Office,North,Office Supplies,Paper,A4 Paper Pack,4,0.2,1120.0,215.18
ORD-15723,2023-10-26,Corporate,West,Office Supplies,Storage,Storage Box,1,0,900,246.83
ORD-15724,2024-06-27,Corporate,South,Technology,Accessories,Laptop Bag,1,0,1800,550.06
ORD-15725,2024-01-06,Consumer,South,Furniture,Tables,Standing Desk,2,0.05,22800.0,1490.98
ORD-15726,2023-05-09,Home Office,East,Technology,Accessories,Laptop Bag,5,0,9000,2580.24
ORD-15727,2023-06-06,Consumer,North,Technology,Phones,Smartphone X,3,0.2,43200.0,-822.79
ORD-15728,2024-03-22,Consumer,West,Furniture,Tables,Standing Desk,1,0,12000,1358.15
ORD-15729,2023-08-31,Corporate,South,Furniture,Bookcases,Wooden Bookcase,1,0.1,4050.0,286.56
ORD-15730,2024-02-06,Corporate,East,Office Supplies,Paper,A4 Paper Pack,4,0.05,1330.0,379.03
ORD-15731,2023-11-19,Home Office,South,Technology,Accessories,Laptop Bag,4,0,7200,2438.69
ORD-15732,2024-12-29,Consumer,East,Office Supplies,Binders,Heavy Binder Set,4,0,2400,702.7
ORD-15733,2024-11-17,Consumer,North,Furniture,Chairs,Ergo Office Chair,3,0,19500,3849.9
ORD-15734,2023-12-30,Home Office,West,Technology,Machines,Laser Printer,4,0,36000,4189.14
ORD-15735,2023-07-02,Consumer,South,Technology,Machines,Laser Printer,5,0,45000,5632.95
ORD-15736,2023-04-09,Consumer,South,Furniture,Bookcases,Wooden Bookcase,1,0,4500,765.51
ORD-15737,2023-07-12,Consumer,North,Office Supplies,Paper,A4 Paper Pack,2,0.05,665.0,214.62
ORD-15738,2023-10-01,Consumer,North,Technology,Machines,Laser Printer,3,0,27000,3026.66
ORD-15739,2024-05-11,Corporate,North,Furniture,Tables,Standing Desk,4,0,48000,5641.02
ORD-15740,2024-05-06,Corporate,West,Furniture,Tables,Standing Desk,5,0,60000,8107.97
ORD-15741,2024-11-02,Consumer,South,Office Supplies,Storage,Storage Box,4,0,3600,937.66
ORD-15742,2024-10-21,Home Office,North,Furniture,Tables,Standing Desk,1,0.05,11400.0,1015.31
ORD-15743,2023-08-20,Consumer,North,Furniture,Tables,Standing Desk,5,0.2,48000.0,-2571.84
ORD-15744,2024-02-28,Corporate,West,Technology,Accessories,Wireless Earbuds,1,0,2500,814.19
ORD-15745,2024-01-01,Consumer,East,Office Supplies,Paper,A4 Paper Pack,4,0.05,1330.0,416.67
ORD-15746,2023-04-08,Corporate,North,Technology,Accessories,Laptop Bag,4,0.2,5760.0,934.96
ORD-15747,2024-02-21,Consumer,West,Technology,Accessories,Wireless Earbuds,4,0.05,9500.0,2417.88
ORD-15748,2024-10-05,Home Office,South,Office Supplies,Binders,Heavy Binder Set,1,0,600,186.45
ORD-15749,2024-02-11,Home Office,South,Furniture,Tables,Standing Desk,3,0,36000,3039.36
ORD-15750,2023-11-22,Consumer,East,Technology,Machines,Laser Printer,3,0,27000,3733.62
ORD-15751,2024-04-12,Home Office,West,Technology,Machines,Laser Printer,5,0,45000,5486.88
ORD-15752,2024-08-01,Corporate,South,Furniture,Bookcases,Wooden Bookcase,5,0.05,21375.0,2008.65
ORD-15753,2024-03-31,Home Office,West,Furniture,Chairs,Ergo Office Chair,2,0.2,10400.0,810.99
ORD-15754,2024-10-19,Consumer,South,Technology,Phones,Smartphone X,2,0.2,28800.0,1500.23
ORD-15755,2024-02-27,Home Office,East,Office Supplies,Paper,A4 Paper Pack,4,0,1400,513.95
ORD-15756,2024-07-19,Home Office,West,Furniture,Tables,Standing Desk,5,0,60000,4879.52
ORD-15757,2023-07-06,Corporate,East,Office Supplies,Storage,Storage Box,2,0,1800,482.09
ORD-15758,2023-04-09,Home Office,West,Furniture,Chairs,Ergo Office Chair,5,0,32500,5987.99
ORD-15759,2024-05-01,Corporate,South,Office Supplies,Paper,A4 Paper Pack,2,0,700,243.51
ORD-15760,2024-09-05,Consumer,North,Furniture,Tables,Standing Desk,1,0.05,11400.0,917.26
ORD-15761,2023-11-02,Consumer,East,Furniture,Chairs,Ergo Office Chair,2,0,13000,2630.73
ORD-15762,2024-05-24,Consumer,East,Technology,Machines,Laser Printer,1,0,9000,1006.82
ORD-15763,2024-10-13,Consumer,West,Furniture,Bookcases,Wooden Bookcase,2,0.05,8550.0,828.86
ORD-15764,2023-05-17,Corporate,East,Furniture,Chairs,Ergo Office Chair,2,0,13000,2297.74
ORD-15765,2023-07-20,Home Office,East,Furniture,Bookcases,Wooden Bookcase,1,0.2,3600.0,225.43
ORD-15766,2023-06-02,Corporate,East,Furniture,Tables,Standing Desk,2,0,24000,1588.79
ORD-15767,2023-07-19,Corporate,West,Technology,Accessories,Laptop Bag,3,0,5400,1940.38
ORD-15768,2024-04-16,Home Office,East,Technology,Machines,Laser Printer,1,0.2,7200.0,31.23
ORD-15769,2023-05-15,Corporate,North,Furniture,Tables,Standing Desk,4,0,48000,4821.76
ORD-15770,2023-05-02,Corporate,South,Technology,Accessories,Wireless Earbuds,1,0.05,2375.0,598.14
ORD-15771,2024-10-26,Home Office,West,Office Supplies,Paper,A4 Paper Pack,3,0,1050,374.78
ORD-15772,2023-05-11,Home Office,West,Office Supplies,Binders,Heavy Binder Set,2,0,1200,308.58
ORD-15773,2023-10-08,Consumer,North,Technology,Accessories,Laptop Bag,1,0,1800,538.54
ORD-15774,2023-12-08,Home Office,North,Technology,Accessories,Wireless Earbuds,3,0,7500,2538.94
ORD-15775,2024-08-11,Consumer,South,Furniture,Chairs,Ergo Office Chair,3,0.05,18525.0,3347.01
ORD-15776,2023-02-06,Home Office,South,Office Supplies,Binders,Heavy Binder Set,5,0,3000,782.42
ORD-15777,2024-12-30,Corporate,East,Technology,Phones,Smartphone X,5,0,90000,10010.26
ORD-15778,2024-10-28,Corporate,South,Furniture,Chairs,Ergo Office Chair,4,0.1,23400.0,3069.99
ORD-15779,2023-08-20,Consumer,West,Technology,Phones,Smartphone X,1,0,18000,2709.94
ORD-15780,2023-11-08,Corporate,West,Technology,Accessories,Laptop Bag,4,0,7200,2433.83
ORD-15781,2023-07-02,Consumer,North,Office Supplies,Binders,Heavy Binder Set,3,0.1,1620.0,304.88
ORD-15782,2024-01-15,Corporate,East,Office Supplies,Binders,Heavy Binder Set,5,0.2,2400.0,408.73
ORD-15783,2023-01-07,Home Office,North,Technology,Accessories,Wireless Earbuds,3,0.05,7125.0,1686.36
ORD-15784,2023-03-18,Consumer,North,Technology,Machines,Laser Printer,3,0,27000,2459.79
ORD-15785,2023-11-05,Corporate,South,Technology,Phones,Smartphone X,3,0,54000,6208.9
ORD-15786,2024-02-14,Home Office,South,Technology,Accessories,Laptop Bag,5,0.05,8550.0,2677.31
ORD-15787,2024-04-14,Consumer,East,Technology,Accessories,Wireless Earbuds,2,0,5000,1521.67
ORD-15788,2024-07-05,Consumer,West,Technology,Accessories,Laptop Bag,5,0,9000,2621.53
ORD-15789,2024-03-30,Corporate,East,Office Supplies,Paper,A4 Paper Pack,5,0.1,1575.0,496.37
ORD-15790,2023-05-04,Corporate,South,Technology,Phones,Smartphone X,1,0,18000,1922.08
ORD-15791,2023-07-13,Consumer,South,Technology,Phones,Smartphone X,4,0,72000,12051.01
ORD-15792,2024-06-03,Corporate,East,Office Supplies,Storage,Storage Box,4,0,3600,962.9
ORD-15793,2023-05-08,Corporate,West,Furniture,Bookcases,Wooden Bookcase,5,0.2,18000.0,1068.68
ORD-15794,2024-12-15,Corporate,South,Office Supplies,Binders,Heavy Binder Set,4,0,2400,747.92
ORD-15795,2024-03-11,Home Office,West,Technology,Phones,Smartphone X,3,0,54000,7555.3
ORD-15796,2024-04-30,Corporate,North,Technology,Accessories,Laptop Bag,5,0,9000,2800.77
ORD-15797,2023-12-11,Home Office,East,Technology,Accessories,Wireless Earbuds,1,0,2500,767.33
ORD-15798,2024-06-22,Corporate,South,Office Supplies,Storage,Storage Box,1,0,900,189.32
ORD-15799,2024-02-22,Consumer,East,Furniture,Chairs,Ergo Office Chair,3,0.05,18525.0,3137.5
ORD-15800,2024-07-20,Corporate,North,Office Supplies,Paper,A4 Paper Pack,5,0.2,1400.0,373.95
ORD-15801,2024-09-23,Corporate,West,Office Supplies,Paper,A4 Paper Pack,2,0,700,234.21
ORD-15802,2023-01-13,Consumer,North,Office Supplies,Binders,Heavy Binder Set,3,0,1800,546.8
ORD-15803,2023-03-08,Consumer,West,Furniture,Tables,Standing Desk,2,0.05,22800.0,985.31
ORD-15804,2023-08-22,Consumer,East,Furniture,Tables,Standing Desk,1,0.1,10800.0,20.17
ORD-15805,2023-09-17,Home Office,South,Furniture,Tables,Standing Desk,1,0.1,10800.0,301.57
ORD-15806,2023-08-30,Corporate,South,Furniture,Bookcases,Wooden Bookcase,2,0,9000,1103.38
ORD-15807,2023-12-12,Corporate,West,Office Supplies,Binders,Heavy Binder Set,5,0,3000,729.14
ORD-15808,2024-11-08,Corporate,East,Furniture,Bookcases,Wooden Bookcase,3,0.05,12825.0,1945.35
ORD-15809,2024-02-15,Consumer,East,Furniture,Bookcases,Wooden Bookcase,2,0,9000,1044.75
ORD-15810,2024-11-20,Home Office,North,Office Supplies,Storage,Storage Box,3,0.05,2565.0,555.67
ORD-15811,2023-03-03,Corporate,South,Office Supplies,Binders,Heavy Binder Set,3,0,1800,554.7
ORD-15812,2024-04-01,Consumer,West,Technology,Accessories,Laptop Bag,4,0,7200,2521.37
ORD-15813,2023-12-29,Consumer,South,Technology,Accessories,Laptop Bag,5,0.1,8100.0,1816.17
ORD-15814,2024-05-04,Consumer,East,Furniture,Bookcases,Wooden Bookcase,3,0,13500,1957.67
ORD-15815,2024-07-14,Consumer,East,Furniture,Bookcases,Wooden Bookcase,5,0.2,18000.0,-61.71
ORD-15816,2023-04-18,Consumer,East,Technology,Accessories,Laptop Bag,3,0.05,5130.0,1647.32
ORD-15817,2023-02-21,Consumer,East,Furniture,Chairs,Ergo Office Chair,5,0.05,30875.0,4322.79
ORD-15818,2023-05-02,Home Office,West,Furniture,Tables,Standing Desk,4,0,48000,4079.2
ORD-15819,2024-07-05,Consumer,North,Technology,Phones,Smartphone X,3,0,54000,7608.05
ORD-15820,2023-10-24,Consumer,North,Furniture,Chairs,Ergo Office Chair,2,0,13000,2740.55
ORD-15821,2024-01-21,Consumer,South,Office Supplies,Binders,Heavy Binder Set,5,0.05,2850.0,641.56
ORD-15822,2024-04-23,Home Office,North,Furniture,Bookcases,Wooden Bookcase,5,0,22500,3661.22
ORD-15823,2023-08-04,Corporate,North,Technology,Accessories,Laptop Bag,1,0.05,1710.0,439.13
ORD-15824,2024-12-26,Corporate,East,Furniture,Chairs,Ergo Office Chair,2,0,13000,2344.79
ORD-15825,2023-07-31,Corporate,North,Office Supplies,Storage,Storage Box,3,0,2700,657.64
ORD-15826,2024-05-04,Corporate,North,Technology,Phones,Smartphone X,5,0,90000,9627.57
ORD-15827,2024-06-23,Corporate,West,Technology,Accessories,Wireless Earbuds,1,0.1,2250.0,493.25
ORD-15828,2024-06-18,Corporate,South,Office Supplies,Paper,A4 Paper Pack,4,0.05,1330.0,455.72
ORD-15829,2024-09-22,Corporate,East,Furniture,Bookcases,Wooden Bookcase,4,0.05,17100.0,1793.66
ORD-15830,2023-09-06,Home Office,North,Technology,Phones,Smartphone X,2,0,36000,6190.6
ORD-15831,2024-03-26,Home Office,North,Furniture,Tables,Standing Desk,2,0,24000,2921.31
ORD-15832,2023-03-23,Home Office,East,Technology,Phones,Smartphone X,2,0.05,34200.0,4101.98
ORD-15833,2023-10-06,Consumer,South,Furniture,Chairs,Ergo Office Chair,1,0.1,5850.0,757.35
ORD-15834,2024-05-24,Home Office,North,Furniture,Chairs,Ergo Office Chair,1,0,6500,1099.92
ORD-15835,2023-08-22,Consumer,West,Office Supplies,Storage,Storage Box,3,0,2700,728.29
ORD-15836,2023-01-18,Corporate,North,Office Supplies,Paper,A4 Paper Pack,3,0,1050,361.8
ORD-15837,2023-10-16,Consumer,East,Furniture,Tables,Standing Desk,1,0,12000,1326.95
ORD-15838,2023-08-18,Corporate,East,Office Supplies,Storage,Storage Box,4,0.05,3420.0,658.61
ORD-15839,2024-02-17,Home Office,West,Furniture,Chairs,Ergo Office Chair,3,0.2,15600.0,481.49
ORD-15840,2023-07-07,Home Office,East,Technology,Machines,Laser Printer,5,0,45000,3793.25
ORD-15841,2024-09-01,Consumer,South,Technology,Machines,Laser Printer,3,0,27000,3600.06
ORD-15842,2024-06-30,Corporate,North,Furniture,Bookcases,Wooden Bookcase,5,0.1,20250.0,1346.62
ORD-15843,2023-05-01,Home Office,North,Office Supplies,Storage,Storage Box,2,0.1,1620.0,277.27
ORD-15844,2024-03-10,Consumer,West,Technology,Accessories,Laptop Bag,3,0.1,4860.0,1208.48
ORD-15845,2024-05-14,Home Office,East,Furniture,Bookcases,Wooden Bookcase,5,0.1,20250.0,1121.4
ORD-15846,2023-08-24,Corporate,South,Office Supplies,Paper,A4 Paper Pack,3,0,1050,361.83
ORD-15847,2023-06-29,Corporate,South,Technology,Accessories,Laptop Bag,1,0,1800,541.13
ORD-15848,2023-08-16,Corporate,East,Technology,Machines,Laser Printer,5,0.05,42750.0,3832.16
ORD-15849,2023-07-12,Corporate,East,Technology,Phones,Smartphone X,1,0.1,16200.0,1409.95
ORD-15850,2024-07-18,Consumer,South,Technology,Accessories,Wireless Earbuds,3,0.05,7125.0,1896.06
ORD-15851,2023-11-10,Home Office,North,Technology,Machines,Laser Printer,3,0,27000,3764.67
ORD-15852,2023-02-13,Home Office,North,Furniture,Tables,Standing Desk,1,0.05,11400.0,783.0
ORD-15853,2024-09-04,Corporate,North,Office Supplies,Binders,Heavy Binder Set,2,0,1200,355.3
ORD-15854,2024-05-10,Corporate,North,Technology,Accessories,Wireless Earbuds,4,0,10000,2777.25
ORD-15855,2024-07-04,Home Office,North,Technology,Accessories,Laptop Bag,5,0,9000,3097.36
ORD-15856,2023-10-15,Consumer,West,Furniture,Tables,Standing Desk,3,0.05,34200.0,1911.41
ORD-15857,2023-09-17,Consumer,South,Technology,Machines,Laser Printer,5,0.2,36000.0,1214.18
ORD-15858,2024-07-15,Corporate,North,Office Supplies,Paper,A4 Paper Pack,4,0.2,1120.0,293.36
ORD-15859,2024-12-04,Home Office,North,Technology,Phones,Smartphone X,4,0.05,68400.0,7639.29
ORD-15860,2023-09-19,Corporate,West,Office Supplies,Binders,Heavy Binder Set,1,0.2,480.0,70.08
ORD-15861,2023-03-02,Corporate,North,Office Supplies,Paper,A4 Paper Pack,4,0.1,1260.0,414.36
ORD-15862,2024-02-19,Home Office,North,Office Supplies,Paper,A4 Paper Pack,2,0.05,665.0,199.55
ORD-15863,2023-09-14,Consumer,North,Furniture,Bookcases,Wooden Bookcase,3,0,13500,2236.25
ORD-15864,2023-06-14,Consumer,South,Technology,Accessories,Laptop Bag,3,0.05,5130.0,1686.4
ORD-15865,2023-07-15,Corporate,West,Furniture,Bookcases,Wooden Bookcase,1,0.1,4050.0,250.64
ORD-15866,2023-02-20,Corporate,West,Technology,Machines,Laser Printer,1,0,9000,1181.69
ORD-15867,2024-09-17,Home Office,West,Furniture,Tables,Standing Desk,5,0.2,48000.0,489.04
ORD-15868,2024-02-10,Home Office,West,Office Supplies,Storage,Storage Box,4,0.1,3240.0,681.35
ORD-15869,2024-06-29,Consumer,East,Technology,Accessories,Wireless Earbuds,5,0.05,11875.0,3614.48
ORD-15870,2023-05-02,Home Office,South,Technology,Phones,Smartphone X,3,0.2,43200.0,-155.98
ORD-15871,2023-05-16,Corporate,South,Furniture,Bookcases,Wooden Bookcase,5,0.2,18000.0,-66.84
ORD-15872,2023-06-26,Home Office,North,Technology,Accessories,Wireless Earbuds,2,0.05,4750.0,1199.5
ORD-15873,2023-03-25,Consumer,West,Office Supplies,Paper,A4 Paper Pack,2,0,700,259.18
ORD-15874,2023-07-03,Consumer,West,Technology,Phones,Smartphone X,5,0,90000,13804.97
ORD-15875,2023-01-04,Consumer,East,Technology,Machines,Laser Printer,2,0,18000,1457.38
ORD-15876,2023-11-06,Corporate,East,Furniture,Chairs,Ergo Office Chair,3,0.05,18525.0,2711.72
ORD-15877,2023-05-05,Consumer,East,Technology,Accessories,Laptop Bag,5,0,9000,3096.28
ORD-15878,2024-10-11,Consumer,North,Technology,Phones,Smartphone X,2,0.2,28800.0,-208.86
ORD-15879,2023-06-13,Corporate,East,Technology,Machines,Laser Printer,3,0.1,24300.0,824.48
ORD-15880,2024-10-01,Consumer,South,Office Supplies,Paper,A4 Paper Pack,2,0.2,560.0,141.96
ORD-15881,2024-08-04,Home Office,South,Office Supplies,Paper,A4 Paper Pack,1,0,350,124.09
ORD-15882,2023-01-10,Corporate,East,Furniture,Chairs,Ergo Office Chair,5,0,32500,6335.5
ORD-15883,2024-01-05,Corporate,South,Office Supplies,Paper,A4 Paper Pack,2,0.2,560.0,109.41
ORD-15884,2024-11-06,Consumer,North,Technology,Accessories,Wireless Earbuds,1,0,2500,781.17
ORD-15885,2023-12-09,Corporate,West,Technology,Accessories,Laptop Bag,1,0,1800,595.81
ORD-15886,2023-10-21,Home Office,North,Office Supplies,Paper,A4 Paper Pack,5,0,1750,609.72
ORD-15887,2024-04-23,Corporate,East,Technology,Machines,Laser Printer,4,0,36000,4554.76
ORD-15888,2023-01-08,Consumer,East,Furniture,Chairs,Ergo Office Chair,4,0.1,23400.0,1964.19
ORD-15889,2024-12-23,Corporate,South,Technology,Phones,Smartphone X,2,0.05,34200.0,3382.32
ORD-15890,2024-05-05,Home Office,East,Technology,Accessories,Wireless Earbuds,2,0,5000,1584.2
ORD-15891,2023-04-05,Consumer,East,Office Supplies,Binders,Heavy Binder Set,3,0.05,1710.0,420.88
ORD-15892,2023-02-05,Corporate,North,Furniture,Chairs,Ergo Office Chair,1,0,6500,1119.46
ORD-15893,2023-12-02,Corporate,East,Technology,Accessories,Wireless Earbuds,2,0.2,4000.0,834.6
ORD-15894,2023-04-25,Home Office,East,Technology,Accessories,Laptop Bag,3,0.1,4860.0,1303.89
ORD-15895,2023-05-01,Consumer,North,Technology,Accessories,Laptop Bag,5,0,9000,2885.53
ORD-15896,2024-10-30,Corporate,West,Technology,Accessories,Wireless Earbuds,3,0,7500,2115.92
ORD-15897,2023-12-30,Home Office,North,Furniture,Tables,Standing Desk,5,0,60000,4781.24
ORD-15898,2023-10-31,Consumer,South,Furniture,Bookcases,Wooden Bookcase,4,0.05,17100.0,2515.95
ORD-15899,2024-12-04,Home Office,East,Office Supplies,Paper,A4 Paper Pack,1,0.1,315.0,95.27
ORD-15900,2024-06-06,Home Office,East,Technology,Accessories,Laptop Bag,1,0,1800,585.03
ORD-15901,2024-03-01,Corporate,East,Furniture,Tables,Standing Desk,2,0.2,19200.0,157.37
ORD-15902,2023-12-04,Consumer,West,Office Supplies,Paper,A4 Paper Pack,4,0,1400,514.84
ORD-15903,2023-09-15,Consumer,North,Furniture,Bookcases,Wooden Bookcase,1,0.2,3600.0,239.51
ORD-15904,2024-05-28,Corporate,South,Technology,Accessories,Laptop Bag,3,0.2,4320.0,829.54
ORD-15905,2023-04-17,Home Office,East,Furniture,Chairs,Ergo Office Chair,5,0.2,26000.0,1874.44
ORD-15906,2024-12-04,Consumer,East,Technology,Accessories,Laptop Bag,2,0.05,3420.0,1075.81
ORD-15907,2023-03-07,Home Office,East,Office Supplies,Binders,Heavy Binder Set,1,0.05,570.0,137.16
ORD-15908,2024-05-09,Home Office,North,Office Supplies,Paper,A4 Paper Pack,1,0.2,280.0,65.1
ORD-15909,2024-12-28,Consumer,South,Office Supplies,Binders,Heavy Binder Set,2,0,1200,352.22
ORD-15910,2024-11-12,Consumer,South,Furniture,Chairs,Ergo Office Chair,5,0.1,29250.0,2574.46
ORD-15911,2023-01-09,Corporate,West,Technology,Accessories,Laptop Bag,5,0.05,8550.0,2408.38
ORD-15912,2024-12-17,Corporate,South,Office Supplies,Binders,Heavy Binder Set,2,0,1200,307.14
ORD-15913,2023-08-10,Corporate,East,Furniture,Tables,Standing Desk,5,0,60000,8337.25
ORD-15914,2023-11-08,Home Office,North,Technology,Phones,Smartphone X,4,0.2,57600.0,-688.25
ORD-15915,2023-09-19,Consumer,West,Furniture,Bookcases,Wooden Bookcase,4,0,18000,3188.15
ORD-15916,2023-12-25,Corporate,South,Technology,Phones,Smartphone X,3,0,54000,7089.52
ORD-15917,2024-03-17,Consumer,East,Technology,Accessories,Wireless Earbuds,4,0,10000,3180.64
ORD-15918,2023-07-23,Home Office,South,Office Supplies,Paper,A4 Paper Pack,5,0.2,1400.0,325.66
ORD-15919,2024-06-13,Corporate,North,Technology,Phones,Smartphone X,3,0.1,48600.0,5708.0
ORD-15920,2023-02-13,Consumer,South,Technology,Machines,Laser Printer,3,0,27000,4279.0
ORD-15921,2023-11-09,Corporate,North,Office Supplies,Paper,A4 Paper Pack,2,0,700,232.24
ORD-15922,2024-05-20,Consumer,North,Technology,Accessories,Laptop Bag,3,0.1,4860.0,1089.32
ORD-15923,2024-07-29,Corporate,North,Office Supplies,Paper,A4 Paper Pack,1,0,350,125.54
ORD-15924,2023-01-31,Consumer,West,Technology,Accessories,Wireless Earbuds,5,0.2,10000.0,1444.48
ORD-15925,2023-06-07,Home Office,South,Office Supplies,Storage,Storage Box,3,0,2700,651.78
ORD-15926,2024-04-08,Home Office,South,Office Supplies,Binders,Heavy Binder Set,3,0,1800,553.62
ORD-15927,2024-08-29,Consumer,North,Technology,Phones,Smartphone X,5,0.1,81000.0,5030.39
ORD-15928,2024-02-26,Home Office,South,Furniture,Bookcases,Wooden Bookcase,5,0.05,21375.0,2561.26
ORD-15929,2023-04-18,Home Office,East,Furniture,Chairs,Ergo Office Chair,1,0,6500,1062.77
ORD-15930,2024-04-26,Consumer,North,Technology,Machines,Laser Printer,3,0.2,21600.0,-746.9
ORD-15931,2023-05-28,Consumer,East,Furniture,Bookcases,Wooden Bookcase,5,0,22500,4022.67
ORD-15932,2023-05-05,Corporate,West,Technology,Accessories,Laptop Bag,3,0,5400,1868.7
ORD-15933,2024-04-01,Consumer,South,Technology,Accessories,Laptop Bag,1,0.2,1440.0,309.11
ORD-15934,2024-02-13,Corporate,North,Office Supplies,Binders,Heavy Binder Set,4,0.05,2280.0,549.79
ORD-15935,2024-12-27,Corporate,North,Office Supplies,Paper,A4 Paper Pack,2,0.2,560.0,129.86
ORD-15936,2024-10-21,Home Office,West,Furniture,Tables,Standing Desk,1,0.2,9600.0,-412.84
ORD-15937,2024-02-08,Home Office,South,Office Supplies,Storage,Storage Box,4,0,3600,839.58
ORD-15938,2023-01-17,Consumer,South,Technology,Accessories,Wireless Earbuds,5,0,12500,3657.47
ORD-15939,2024-04-10,Corporate,South,Office Supplies,Binders,Heavy Binder Set,1,0,600,162.47
ORD-15940,2024-01-08,Corporate,North,Technology,Phones,Smartphone X,4,0,72000,9205.93
ORD-15941,2024-02-08,Consumer,North,Technology,Accessories,Wireless Earbuds,2,0,5000,1629.96
ORD-15942,2024-08-23,Corporate,West,Office Supplies,Storage,Storage Box,4,0,3600,854.24
ORD-15943,2024-09-14,Home Office,South,Office Supplies,Binders,Heavy Binder Set,1,0.1,540.0,103.1
ORD-15944,2024-07-17,Corporate,East,Furniture,Chairs,Ergo Office Chair,1,0,6500,1185.95
ORD-15945,2024-08-16,Consumer,South,Furniture,Tables,Standing Desk,1,0,12000,1203.34
ORD-15946,2024-05-15,Corporate,West,Technology,Phones,Smartphone X,2,0.05,34200.0,2429.46
ORD-15947,2024-01-23,Home Office,West,Technology,Accessories,Wireless Earbuds,5,0.2,10000.0,1535.8
ORD-15948,2024-05-02,Corporate,North,Technology,Machines,Laser Printer,4,0,36000,3863.82
ORD-15949,2023-05-23,Corporate,East,Office Supplies,Paper,A4 Paper Pack,3,0.1,945.0,299.87
ORD-15950,2024-05-29,Corporate,South,Technology,Accessories,Wireless Earbuds,3,0,7500,2087.33
ORD-15951,2023-09-25,Home Office,South,Furniture,Tables,Standing Desk,3,0.2,28800.0,140.26
ORD-15952,2024-12-20,Home Office,North,Furniture,Bookcases,Wooden Bookcase,2,0.2,7200.0,169.49
ORD-15953,2024-06-05,Consumer,North,Office Supplies,Storage,Storage Box,3,0,2700,731.57
ORD-15954,2023-08-25,Home Office,East,Office Supplies,Paper,A4 Paper Pack,4,0,1400,522.18
ORD-15955,2023-02-26,Corporate,North,Office Supplies,Binders,Heavy Binder Set,4,0,2400,717.32
ORD-15956,2024-04-22,Home Office,South,Technology,Phones,Smartphone X,4,0.1,64800.0,2639.93
ORD-15957,2024-01-04,Corporate,East,Furniture,Chairs,Ergo Office Chair,1,0.1,5850.0,572.52
ORD-15958,2024-06-01,Corporate,North,Technology,Machines,Laser Printer,4,0,36000,4346.34
ORD-15959,2023-07-06,Consumer,South,Furniture,Tables,Standing Desk,3,0.05,34200.0,1580.73
ORD-15960,2024-07-27,Corporate,South,Technology,Accessories,Laptop Bag,2,0,3600,1094.59
ORD-15961,2023-07-29,Corporate,East,Furniture,Bookcases,Wooden Bookcase,4,0,18000,2468.16
ORD-15962,2024-06-16,Home Office,North,Office Supplies,Storage,Storage Box,2,0.05,1710.0,334.12
ORD-15963,2024-08-31,Home Office,South,Furniture,Chairs,Ergo Office Chair,2,0,13000,2855.19
ORD-15964,2023-12-08,Home Office,West,Office Supplies,Paper,A4 Paper Pack,1,0.2,280.0,64.97
ORD-15965,2024-07-24,Home Office,East,Office Supplies,Storage,Storage Box,4,0.1,3240.0,728.49
ORD-15966,2023-12-19,Consumer,East,Technology,Machines,Laser Printer,2,0.2,14400.0,-35.26
ORD-15967,2024-04-24,Home Office,South,Furniture,Tables,Standing Desk,4,0.1,43200.0,2617.66
ORD-15968,2023-11-03,Home Office,South,Technology,Accessories,Wireless Earbuds,5,0,12500,4168.01
ORD-15969,2023-05-15,Home Office,South,Technology,Accessories,Laptop Bag,3,0,5400,1845.46
ORD-15970,2024-11-16,Consumer,West,Furniture,Chairs,Ergo Office Chair,2,0.1,11700.0,1641.43
ORD-15971,2023-05-20,Consumer,East,Furniture,Chairs,Ergo Office Chair,5,0,32500,6805.61
ORD-15972,2023-07-26,Home Office,South,Furniture,Bookcases,Wooden Bookcase,3,0,13500,2395.78
ORD-15973,2023-08-28,Consumer,North,Office Supplies,Storage,Storage Box,2,0,1800,415.62
ORD-15974,2024-10-18,Consumer,South,Furniture,Bookcases,Wooden Bookcase,4,0,18000,2020.31
ORD-15975,2023-11-15,Home Office,North,Furniture,Chairs,Ergo Office Chair,3,0.2,15600.0,689.85
ORD-15976,2023-08-20,Corporate,West,Office Supplies,Binders,Heavy Binder Set,5,0.1,2700.0,691.46
ORD-15977,2023-03-17,Consumer,North,Office Supplies,Storage,Storage Box,5,0.2,3600.0,449.77
ORD-15978,2023-05-27,Home Office,West,Furniture,Bookcases,Wooden Bookcase,1,0.1,4050.0,337.88
ORD-15979,2024-10-30,Consumer,East,Furniture,Bookcases,Wooden Bookcase,4,0,18000,3363.0
ORD-15980,2023-11-20,Consumer,South,Technology,Phones,Smartphone X,5,0.1,81000.0,4372.96
ORD-15981,2024-09-21,Home Office,East,Office Supplies,Storage,Storage Box,4,0,3600,905.95
ORD-15982,2023-10-22,Consumer,South,Furniture,Chairs,Ergo Office Chair,4,0,26000,3802.31
ORD-15983,2023-01-13,Corporate,South,Office Supplies,Storage,Storage Box,3,0.05,2565.0,470.29
ORD-15984,2024-07-03,Consumer,West,Technology,Machines,Laser Printer,5,0,45000,4448.22
ORD-15985,2023-08-23,Home Office,West,Technology,Phones,Smartphone X,5,0,90000,14636.8
ORD-15986,2023-07-31,Consumer,East,Technology,Accessories,Wireless Earbuds,1,0.05,2375.0,699.58
ORD-15987,2024-09-22,Consumer,North,Furniture,Chairs,Ergo Office Chair,1,0,6500,1400.25
ORD-15988,2023-10-17,Consumer,East,Furniture,Chairs,Ergo Office Chair,4,0.05,24700.0,3070.55
ORD-15989,2023-09-30,Consumer,East,Furniture,Bookcases,Wooden Bookcase,3,0,13500,1798.31
ORD-15990,2023-12-01,Corporate,North,Office Supplies,Paper,A4 Paper Pack,2,0,700,267.12
ORD-15991,2024-07-17,Corporate,North,Technology,Accessories,Wireless Earbuds,1,0.1,2250.0,506.2
ORD-15992,2023-01-28,Consumer,South,Office Supplies,Paper,A4 Paper Pack,1,0.2,280.0,67.98
ORD-15993,2024-10-02,Home Office,North,Technology,Phones,Smartphone X,3,0.05,51300.0,6017.03
ORD-15994,2023-11-23,Home Office,North,Technology,Accessories,Laptop Bag,3,0,5400,1732.8
ORD-15995,2024-10-31,Consumer,West,Office Supplies,Paper,A4 Paper Pack,2,0,700,232.54
ORD-15996,2023-10-18,Corporate,South,Office Supplies,Binders,Heavy Binder Set,5,0.1,2700.0,548.18
ORD-15997,2024-09-19,Consumer,East,Technology,Machines,Laser Printer,1,0.05,8550.0,666.32
ORD-15998,2023-04-25,Corporate,East,Furniture,Chairs,Ergo Office Chair,5,0.1,29250.0,2796.4
ORD-15999,2024-09-18,Home Office,North,Technology,Phones,Smartphone X,4,0,72000,11809.46
ORD-16000,2024-05-21,Consumer,South,Technology,Machines,Laser Printer,5,0.1,40500.0,2024.55
ORD-16001,2024-05-01,Consumer,West,Technology,Phones,Smartphone X,3,0.2,43200.0,2350.53
ORD-16002,2023-11-17,Consumer,South,Technology,Accessories,Wireless Earbuds,3,0.1,6750.0,1533.5
ORD-16003,2024-07-27,Corporate,East,Office Supplies,Binders,Heavy Binder Set,1,0,600,165.84
ORD-16004,2023-07-11,Home Office,South,Technology,Accessories,Wireless Earbuds,2,0.1,4500.0,1230.88
ORD-16005,2023-08-08,Consumer,North,Technology,Accessories,Laptop Bag,2,0,3600,1009.67
ORD-16006,2023-09-25,Home Office,East,Technology,Machines,Laser Printer,1,0.1,8100.0,542.06
ORD-16007,2023-04-15,Consumer,West,Office Supplies,Binders,Heavy Binder Set,4,0.1,2160.0,389.42
ORD-16008,2024-03-22,Consumer,West,Technology,Machines,Laser Printer,3,0,27000,3998.24
ORD-16009,2024-06-27,Consumer,South,Technology,Machines,Laser Printer,3,0.2,21600.0,722.37
ORD-16010,2024-10-16,Home Office,South,Furniture,Tables,Standing Desk,2,0,24000,1914.36
ORD-16011,2023-10-02,Consumer,South,Technology,Machines,Laser Printer,4,0,36000,4609.02
ORD-16012,2024-02-16,Home Office,South,Office Supplies,Storage,Storage Box,3,0,2700,577.21
ORD-16013,2023-12-20,Home Office,East,Office Supplies,Paper,A4 Paper Pack,3,0,1050,343.18
ORD-16014,2023-04-26,Consumer,South,Office Supplies,Storage,Storage Box,3,0.2,2160.0,285.04
ORD-16015,2024-12-22,Consumer,East,Office Supplies,Storage,Storage Box,4,0.2,2880.0,317.87
ORD-16016,2024-02-13,Home Office,East,Furniture,Chairs,Ergo Office Chair,2,0.1,11700.0,1543.32
ORD-16017,2024-08-23,Home Office,West,Furniture,Bookcases,Wooden Bookcase,1,0,4500,832.45
ORD-16018,2024-05-01,Consumer,South,Furniture,Bookcases,Wooden Bookcase,5,0,22500,3980.28
ORD-16019,2024-11-02,Home Office,North,Office Supplies,Binders,Heavy Binder Set,4,0,2400,596.12
ORD-16020,2023-12-21,Consumer,North,Furniture,Tables,Standing Desk,3,0.05,34200.0,2592.05
ORD-16021,2024-05-24,Home Office,North,Office Supplies,Binders,Heavy Binder Set,1,0.05,570.0,162.55
ORD-16022,2023-01-23,Home Office,East,Furniture,Tables,Standing Desk,3,0.05,34200.0,2470.26
ORD-16023,2024-11-04,Corporate,South,Office Supplies,Storage,Storage Box,4,0,3600,950.17
ORD-16024,2023-12-18,Consumer,West,Furniture,Tables,Standing Desk,5,0.05,57000.0,3556.17
ORD-16025,2023-04-12,Corporate,West,Office Supplies,Paper,A4 Paper Pack,4,0.2,1120.0,218.0
ORD-16026,2023-07-17,Consumer,South,Technology,Machines,Laser Printer,1,0.1,8100.0,230.44
ORD-16027,2023-11-19,Corporate,South,Technology,Accessories,Laptop Bag,2,0.1,3240.0,878.53
ORD-16028,2024-08-06,Home Office,South,Technology,Accessories,Laptop Bag,3,0,5400,1644.25
ORD-16029,2024-07-25,Home Office,East,Technology,Accessories,Wireless Earbuds,4,0,10000,2709.39
ORD-16030,2023-12-21,Corporate,West,Office Supplies,Binders,Heavy Binder Set,3,0,1800,531.35
ORD-16031,2024-02-16,Consumer,West,Office Supplies,Storage,Storage Box,1,0,900,236.98
ORD-16032,2023-05-28,Consumer,East,Office Supplies,Binders,Heavy Binder Set,5,0,3000,830.38
ORD-16033,2024-09-08,Corporate,West,Office Supplies,Storage,Storage Box,1,0,900,213.36
ORD-16034,2024-10-16,Home Office,South,Technology,Machines,Laser Printer,5,0.1,40500.0,1555.32
ORD-16035,2023-01-09,Consumer,West,Technology,Accessories,Laptop Bag,3,0,5400,1770.95
ORD-16036,2023-02-01,Home Office,West,Office Supplies,Storage,Storage Box,3,0,2700,606.06
ORD-16037,2024-10-11,Home Office,West,Furniture,Tables,Standing Desk,1,0,12000,800.72
ORD-16038,2024-09-09,Corporate,South,Furniture,Tables,Standing Desk,4,0,48000,3925.76
ORD-16039,2024-05-09,Home Office,North,Office Supplies,Binders,Heavy Binder Set,4,0,2400,628.89
ORD-16040,2024-02-27,Corporate,East,Office Supplies,Paper,A4 Paper Pack,4,0.1,1260.0,321.84
ORD-16041,2024-08-31,Corporate,South,Office Supplies,Paper,A4 Paper Pack,3,0.1,945.0,272.48
ORD-16042,2024-03-23,Home Office,East,Technology,Accessories,Wireless Earbuds,1,0.2,2000.0,312.09
ORD-16043,2023-01-16,Home Office,North,Office Supplies,Binders,Heavy Binder Set,2,0.05,1140.0,288.78
ORD-16044,2024-11-09,Home Office,West,Office Supplies,Storage,Storage Box,1,0,900,247.35
ORD-16045,2024-12-09,Consumer,North,Furniture,Bookcases,Wooden Bookcase,4,0.1,16200.0,1638.31
ORD-16046,2023-12-14,Home Office,West,Technology,Machines,Laser Printer,1,0.2,7200.0,1.65
ORD-16047,2024-05-02,Corporate,East,Technology,Accessories,Wireless Earbuds,4,0.1,9000.0,2223.5
ORD-16048,2024-01-06,Consumer,North,Technology,Machines,Laser Printer,2,0.05,17100.0,1193.23
ORD-16049,2023-01-25,Home Office,West,Office Supplies,Storage,Storage Box,3,0.05,2565.0,666.23
ORD-16050,2023-11-28,Corporate,South,Technology,Accessories,Wireless Earbuds,2,0.05,4750.0,1217.02
ORD-16051,2024-02-07,Home Office,North,Technology,Accessories,Wireless Earbuds,5,0,12500,4091.02
ORD-16052,2023-05-05,Home Office,East,Office Supplies,Binders,Heavy Binder Set,5,0.1,2700.0,624.53
ORD-16053,2024-11-02,Home Office,North,Technology,Machines,Laser Printer,3,0.1,24300.0,2343.07
ORD-16054,2024-04-04,Consumer,East,Office Supplies,Paper,A4 Paper Pack,1,0.2,280.0,65.07
ORD-16055,2024-05-13,Home Office,South,Office Supplies,Storage,Storage Box,3,0,2700,608.75
ORD-16056,2023-02-16,Consumer,North,Furniture,Tables,Standing Desk,2,0.05,22800.0,2324.14
ORD-16057,2024-01-23,Consumer,West,Furniture,Bookcases,Wooden Bookcase,5,0.05,21375.0,3370.31
ORD-16058,2024-08-30,Home Office,North,Office Supplies,Paper,A4 Paper Pack,5,0,1750,578.24
ORD-16059,2023-07-23,Home Office,East,Furniture,Tables,Standing Desk,1,0,12000,776.75
ORD-16060,2023-01-28,Consumer,North,Office Supplies,Binders,Heavy Binder Set,3,0.05,1710.0,365.27
ORD-16061,2023-02-08,Home Office,West,Office Supplies,Paper,A4 Paper Pack,3,0,1050,362.84
ORD-16062,2023-04-30,Home Office,East,Office Supplies,Paper,A4 Paper Pack,5,0.2,1400.0,284.07
ORD-16063,2024-07-06,Home Office,East,Furniture,Tables,Standing Desk,2,0.05,22800.0,2369.25
ORD-16064,2023-07-14,Home Office,South,Technology,Accessories,Laptop Bag,4,0.1,6480.0,1852.16
ORD-16065,2024-10-22,Corporate,South,Furniture,Bookcases,Wooden Bookcase,1,0.2,3600.0,228.87
ORD-16066,2024-08-23,Corporate,West,Office Supplies,Paper,A4 Paper Pack,3,0,1050,362.91
ORD-16067,2024-09-10,Home Office,East,Furniture,Chairs,Ergo Office Chair,4,0,26000,5533.34
ORD-16068,2023-05-21,Home Office,North,Technology,Accessories,Laptop Bag,2,0,3600,1194.5
ORD-16069,2024-08-10,Consumer,West,Office Supplies,Binders,Heavy Binder Set,4,0,2400,683.18
ORD-16070,2023-01-02,Home Office,North,Technology,Accessories,Wireless Earbuds,4,0,10000,3342.71
ORD-16071,2023-07-13,Consumer,North,Technology,Machines,Laser Printer,3,0.05,25650.0,3240.29
ORD-16072,2023-08-09,Corporate,West,Furniture,Chairs,Ergo Office Chair,1,0.05,6175.0,1016.2
ORD-16073,2023-09-22,Consumer,West,Office Supplies,Binders,Heavy Binder Set,1,0.05,570.0,124.74
ORD-16074,2024-02-27,Home Office,East,Office Supplies,Binders,Heavy Binder Set,1,0.05,570.0,139.31
ORD-16075,2023-01-07,Home Office,North,Furniture,Tables,Standing Desk,2,0.2,19200.0,-447.71
ORD-16076,2024-05-21,Corporate,West,Furniture,Chairs,Ergo Office Chair,5,0.1,29250.0,3812.03
ORD-16077,2023-12-06,Home Office,East,Technology,Machines,Laser Printer,2,0.05,17100.0,902.4
ORD-16078,2023-08-23,Consumer,North,Technology,Accessories,Wireless Earbuds,4,0.2,8000.0,1749.77
ORD-16079,2023-08-28,Consumer,East,Furniture,Tables,Standing Desk,4,0,48000,6281.43
ORD-16080,2023-11-07,Home Office,South,Furniture,Tables,Standing Desk,4,0.05,45600.0,4975.25
ORD-16081,2024-12-19,Corporate,North,Technology,Phones,Smartphone X,2,0.05,34200.0,4091.29
ORD-16082,2023-08-29,Corporate,North,Furniture,Bookcases,Wooden Bookcase,1,0.2,3600.0,198.18
ORD-16083,2023-06-28,Consumer,South,Technology,Phones,Smartphone X,5,0.05,85500.0,7533.82
ORD-16084,2024-08-08,Corporate,East,Technology,Phones,Smartphone X,4,0.05,68400.0,7190.5
ORD-16085,2023-08-04,Consumer,East,Technology,Phones,Smartphone X,3,0,54000,8579.02
ORD-16086,2023-04-28,Corporate,South,Technology,Accessories,Wireless Earbuds,4,0.1,9000.0,1999.83
ORD-16087,2024-05-31,Home Office,North,Office Supplies,Storage,Storage Box,4,0,3600,890.31
ORD-16088,2023-10-02,Corporate,West,Technology,Accessories,Wireless Earbuds,2,0.1,4500.0,911.53
ORD-16089,2023-06-18,Corporate,West,Technology,Accessories,Wireless Earbuds,2,0.05,4750.0,1387.29
ORD-16090,2023-08-11,Corporate,North,Furniture,Bookcases,Wooden Bookcase,3,0,13500,1926.46
ORD-16091,2023-01-23,Corporate,North,Technology,Phones,Smartphone X,3,0.2,43200.0,398.81
ORD-16092,2023-10-01,Corporate,West,Technology,Machines,Laser Printer,5,0,45000,3730.02
ORD-16093,2024-10-18,Consumer,East,Furniture,Tables,Standing Desk,3,0,36000,2524.92
ORD-16094,2024-11-13,Corporate,South,Technology,Accessories,Laptop Bag,5,0.2,7200.0,1466.59
ORD-16095,2024-11-16,Corporate,South,Furniture,Bookcases,Wooden Bookcase,5,0.05,21375.0,2730.36
ORD-16096,2023-08-24,Corporate,East,Technology,Phones,Smartphone X,1,0.05,17100.0,2083.68
ORD-16097,2023-02-17,Corporate,East,Technology,Accessories,Wireless Earbuds,4,0.1,9000.0,2428.24
ORD-16098,2023-02-26,Corporate,East,Technology,Accessories,Laptop Bag,2,0.05,3420.0,1095.08
ORD-16099,2023-06-13,Corporate,East,Technology,Machines,Laser Printer,4,0,36000,3649.3
ORD-16100,2024-01-24,Corporate,South,Technology,Phones,Smartphone X,1,0.1,16200.0,1935.69
ORD-16101,2023-03-26,Home Office,West,Furniture,Tables,Standing Desk,4,0,48000,4403.37
ORD-16102,2023-02-27,Consumer,South,Technology,Machines,Laser Printer,4,0,36000,3594.99
ORD-16103,2024-09-18,Home Office,North,Furniture,Tables,Standing Desk,4,0,48000,5727.21
ORD-16104,2024-12-18,Consumer,South,Technology,Phones,Smartphone X,1,0,18000,2560.36
ORD-16105,2024-03-03,Corporate,North,Office Supplies,Binders,Heavy Binder Set,1,0.1,540.0,121.32
ORD-16106,2024-07-25,Corporate,East,Office Supplies,Storage,Storage Box,5,0.2,3600.0,396.31
ORD-16107,2024-02-10,Corporate,South,Technology,Accessories,Wireless Earbuds,2,0.05,4750.0,1288.32
ORD-16108,2023-01-07,Home Office,North,Technology,Phones,Smartphone X,5,0,90000,11330.14
ORD-16109,2023-09-05,Consumer,South,Office Supplies,Storage,Storage Box,1,0.1,810.0,129.32
ORD-16110,2023-06-12,Home Office,North,Technology,Phones,Smartphone X,3,0,54000,7788.38
ORD-16111,2024-05-26,Home Office,South,Technology,Phones,Smartphone X,3,0.05,51300.0,7616.73
ORD-16112,2023-09-14,Home Office,South,Office Supplies,Storage,Storage Box,4,0.1,3240.0,639.01
ORD-16113,2024-12-05,Corporate,East,Furniture,Chairs,Ergo Office Chair,1,0,6500,1123.68
ORD-16114,2023-11-07,Corporate,West,Technology,Machines,Laser Printer,1,0,9000,1377.06
ORD-16115,2024-12-06,Consumer,East,Office Supplies,Paper,A4 Paper Pack,3,0,1050,367.98
ORD-16116,2024-02-20,Corporate,East,Furniture,Chairs,Ergo Office Chair,4,0,26000,3747.28
ORD-16117,2024-03-05,Corporate,North,Furniture,Bookcases,Wooden Bookcase,5,0,22500,4000.02
ORD-16118,2024-09-29,Home Office,East,Technology,Machines,Laser Printer,1,0,9000,881.35
ORD-16119,2024-07-03,Home Office,North,Furniture,Bookcases,Wooden Bookcase,4,0.2,14400.0,263.75
ORD-16120,2024-07-14,Home Office,North,Office Supplies,Paper,A4 Paper Pack,3,0.05,997.5,347.18
ORD-16121,2023-06-08,Consumer,East,Furniture,Tables,Standing Desk,5,0.1,54000.0,1491.97
ORD-16122,2023-06-26,Corporate,North,Office Supplies,Storage,Storage Box,5,0.2,3600.0,541.09
ORD-16123,2023-10-24,Home Office,East,Furniture,Bookcases,Wooden Bookcase,1,0.1,4050.0,327.44
ORD-16124,2023-05-23,Consumer,East,Technology,Machines,Laser Printer,2,0,18000,1473.07
ORD-16125,2024-10-20,Consumer,West,Office Supplies,Storage,Storage Box,4,0.05,3420.0,685.28
ORD-16126,2023-03-16,Corporate,West,Furniture,Chairs,Ergo Office Chair,5,0,32500,6668.33
ORD-16127,2023-07-08,Consumer,East,Office Supplies,Storage,Storage Box,4,0,3600,901.15
ORD-16128,2024-09-24,Consumer,South,Furniture,Chairs,Ergo Office Chair,5,0,32500,5361.96
ORD-16129,2023-10-04,Home Office,East,Furniture,Tables,Standing Desk,2,0.2,19200.0,-170.39
ORD-16130,2024-02-19,Corporate,West,Office Supplies,Storage,Storage Box,1,0.1,810.0,132.64
ORD-16131,2023-10-07,Home Office,West,Technology,Accessories,Laptop Bag,2,0,3600,1114.69
ORD-16132,2024-08-21,Consumer,West,Office Supplies,Binders,Heavy Binder Set,4,0.2,1920.0,255.47
ORD-16133,2024-01-30,Corporate,North,Technology,Accessories,Wireless Earbuds,2,0.05,4750.0,1221.87
ORD-16134,2024-01-25,Corporate,East,Technology,Accessories,Laptop Bag,5,0.2,7200.0,1585.49
ORD-16135,2024-04-11,Consumer,South,Office Supplies,Binders,Heavy Binder Set,5,0.2,2400.0,437.58
ORD-16136,2024-10-28,Corporate,West,Technology,Machines,Laser Printer,5,0,45000,3916.55
ORD-16137,2023-03-02,Corporate,North,Technology,Phones,Smartphone X,4,0,72000,10448.8
ORD-16138,2023-04-11,Consumer,East,Office Supplies,Paper,A4 Paper Pack,5,0,1750,579.94
ORD-16139,2024-05-05,Consumer,North,Furniture,Tables,Standing Desk,1,0.2,9600.0,-359.52
ORD-16140,2023-01-24,Consumer,West,Furniture,Chairs,Ergo Office Chair,2,0,13000,2585.39
ORD-16141,2024-09-11,Corporate,West,Office Supplies,Paper,A4 Paper Pack,4,0.1,1260.0,379.22
ORD-16142,2024-04-15,Consumer,North,Furniture,Tables,Standing Desk,4,0.05,45600.0,3724.24
ORD-16143,2024-06-09,Corporate,North,Technology,Accessories,Wireless Earbuds,1,0.2,2000.0,419.6
ORD-16144,2024-02-09,Home Office,South,Office Supplies,Storage,Storage Box,3,0,2700,727.2
ORD-16145,2023-10-21,Corporate,East,Technology,Accessories,Wireless Earbuds,5,0.05,11875.0,3176.59
ORD-16146,2024-04-18,Consumer,South,Furniture,Chairs,Ergo Office Chair,3,0,19500,2937.87
ORD-16147,2024-11-22,Corporate,West,Technology,Machines,Laser Printer,2,0,18000,1624.53
ORD-16148,2023-11-29,Corporate,East,Technology,Machines,Laser Printer,4,0.05,34200.0,2400.17
ORD-16149,2023-02-05,Consumer,North,Technology,Accessories,Wireless Earbuds,5,0.1,11250.0,3039.54
ORD-16150,2023-03-16,Consumer,South,Furniture,Tables,Standing Desk,5,0,60000,5673.48
ORD-16151,2024-06-08,Corporate,West,Furniture,Chairs,Ergo Office Chair,5,0,32500,6064.33
ORD-16152,2024-02-02,Consumer,East,Office Supplies,Storage,Storage Box,3,0,2700,742.25
ORD-16153,2023-12-06,Home Office,East,Technology,Accessories,Laptop Bag,5,0,9000,2785.32
ORD-16154,2023-11-26,Home Office,South,Office Supplies,Binders,Heavy Binder Set,1,0.05,570.0,145.98
ORD-16155,2024-05-17,Home Office,North,Technology,Machines,Laser Printer,5,0,45000,4468.85
ORD-16156,2023-04-23,Corporate,West,Furniture,Bookcases,Wooden Bookcase,3,0.05,12825.0,1109.33
ORD-16157,2024-03-10,Home Office,West,Furniture,Tables,Standing Desk,4,0.2,38400.0,728.55
ORD-16158,2024-01-20,Corporate,South,Technology,Accessories,Wireless Earbuds,5,0.1,11250.0,2715.1
ORD-16159,2024-06-12,Home Office,East,Technology,Accessories,Wireless Earbuds,2,0.1,4500.0,1017.2
ORD-16160,2024-07-30,Consumer,North,Furniture,Bookcases,Wooden Bookcase,5,0,22500,3742.67
ORD-16161,2024-06-09,Home Office,East,Furniture,Bookcases,Wooden Bookcase,4,0,18000,2310.71
ORD-16162,2024-12-05,Consumer,West,Technology,Phones,Smartphone X,1,0.1,16200.0,1011.9
ORD-16163,2023-12-23,Home Office,West,Office Supplies,Paper,A4 Paper Pack,2,0.05,665.0,222.09
ORD-16164,2024-10-14,Corporate,West,Furniture,Bookcases,Wooden Bookcase,3,0.1,12150.0,1524.73
ORD-16165,2024-02-23,Consumer,North,Office Supplies,Binders,Heavy Binder Set,5,0.2,2400.0,409.28
ORD-16166,2023-02-03,Corporate,South,Technology,Accessories,Wireless Earbuds,1,0,2500,669.48
ORD-16167,2024-01-04,Consumer,East,Office Supplies,Paper,A4 Paper Pack,4,0.1,1260.0,320.82
ORD-16168,2023-03-06,Corporate,North,Office Supplies,Binders,Heavy Binder Set,3,0.1,1620.0,335.69
ORD-16169,2024-02-19,Home Office,North,Office Supplies,Paper,A4 Paper Pack,4,0,1400,504.84
ORD-16170,2024-05-03,Corporate,West,Technology,Phones,Smartphone X,1,0.2,14400.0,17.47
ORD-16171,2024-10-25,Home Office,East,Furniture,Tables,Standing Desk,2,0.2,19200.0,-883.97
ORD-16172,2024-10-09,Home Office,South,Technology,Accessories,Laptop Bag,4,0.05,6840.0,1901.29
ORD-16173,2024-03-31,Corporate,North,Office Supplies,Storage,Storage Box,2,0,1800,514.78
ORD-16174,2023-12-03,Consumer,South,Technology,Accessories,Laptop Bag,4,0,7200,2443.93
ORD-16175,2024-04-25,Corporate,West,Furniture,Tables,Standing Desk,2,0,24000,2068.89
ORD-16176,2023-10-07,Corporate,South,Office Supplies,Binders,Heavy Binder Set,4,0.05,2280.0,559.84
ORD-16177,2023-10-17,Consumer,North,Furniture,Bookcases,Wooden Bookcase,5,0.05,21375.0,2261.77
ORD-16178,2023-01-07,Consumer,West,Technology,Accessories,Laptop Bag,4,0.1,6480.0,1473.37
ORD-16179,2024-11-02,Corporate,North,Technology,Accessories,Wireless Earbuds,2,0.1,4500.0,910.74
ORD-16180,2024-11-21,Corporate,West,Technology,Accessories,Laptop Bag,5,0,9000,2866.59
ORD-16181,2023-10-21,Corporate,West,Office Supplies,Paper,A4 Paper Pack,5,0.05,1662.5,576.23
ORD-16182,2023-04-24,Consumer,East,Technology,Accessories,Wireless Earbuds,4,0,10000,3200.56
ORD-16183,2024-07-20,Consumer,North,Furniture,Bookcases,Wooden Bookcase,4,0.05,17100.0,2052.62
ORD-16184,2023-06-13,Home Office,East,Furniture,Bookcases,Wooden Bookcase,2,0.05,8550.0,1320.28
ORD-16185,2024-06-11,Home Office,West,Furniture,Bookcases,Wooden Bookcase,3,0.1,12150.0,1040.52
ORD-16186,2023-12-25,Consumer,North,Furniture,Bookcases,Wooden Bookcase,1,0.05,4275.0,673.6
ORD-16187,2024-05-01,Home Office,East,Technology,Machines,Laser Printer,5,0.2,36000.0,-794.89
ORD-16188,2024-08-22,Home Office,North,Office Supplies,Paper,A4 Paper Pack,3,0.2,840.0,187.5
ORD-16189,2023-05-18,Home Office,South,Office Supplies,Paper,A4 Paper Pack,1,0,350,125.56
ORD-16190,2024-04-27,Corporate,East,Furniture,Chairs,Ergo Office Chair,1,0.1,5850.0,652.79
ORD-16191,2023-10-22,Consumer,East,Furniture,Tables,Standing Desk,3,0,36000,3830.67
ORD-16192,2023-02-17,Corporate,South,Technology,Accessories,Laptop Bag,3,0.05,5130.0,1647.21
ORD-16193,2024-12-31,Home Office,North,Technology,Phones,Smartphone X,4,0,72000,9446.79
ORD-16194,2024-08-08,Corporate,North,Technology,Phones,Smartphone X,3,0.2,43200.0,-597.13
ORD-16195,2023-11-25,Home Office,North,Office Supplies,Binders,Heavy Binder Set,1,0,600,184.29
ORD-16196,2023-03-09,Home Office,South,Furniture,Bookcases,Wooden Bookcase,2,0.2,7200.0,348.17
ORD-16197,2024-03-19,Consumer,East,Furniture,Bookcases,Wooden Bookcase,2,0.05,8550.0,1314.59
ORD-16198,2024-03-02,Home Office,North,Office Supplies,Storage,Storage Box,4,0.05,3420.0,741.68
ORD-16199,2023-09-09,Consumer,West,Furniture,Tables,Standing Desk,5,0.1,54000.0,2526.21
ORD-16200,2023-03-09,Home Office,North,Technology,Machines,Laser Printer,5,0.1,40500.0,2054.75
ORD-16201,2023-09-02,Home Office,South,Office Supplies,Storage,Storage Box,2,0.05,1710.0,309.09
ORD-16202,2024-02-26,Corporate,South,Furniture,Chairs,Ergo Office Chair,1,0,6500,1419.92
ORD-16203,2023-12-12,Consumer,West,Furniture,Tables,Standing Desk,4,0,48000,3481.36
ORD-16204,2024-07-13,Corporate,North,Office Supplies,Storage,Storage Box,3,0,2700,644.7
ORD-16205,2024-05-25,Home Office,East,Technology,Accessories,Laptop Bag,1,0.1,1620.0,390.86
ORD-16206,2023-02-17,Corporate,West,Technology,Accessories,Laptop Bag,3,0.05,5130.0,1591.49
ORD-16207,2024-05-05,Consumer,South,Furniture,Bookcases,Wooden Bookcase,3,0.1,12150.0,1190.73
ORD-16208,2024-05-25,Home Office,West,Furniture,Bookcases,Wooden Bookcase,2,0.2,7200.0,242.95
ORD-16209,2024-05-06,Consumer,South,Office Supplies,Paper,A4 Paper Pack,2,0,700,260.89
ORD-16210,2024-02-05,Corporate,South,Technology,Machines,Laser Printer,5,0,45000,6470.56
ORD-16211,2024-02-02,Corporate,South,Office Supplies,Binders,Heavy Binder Set,5,0.1,2700.0,593.54
ORD-16212,2023-09-21,Consumer,West,Technology,Accessories,Laptop Bag,4,0,7200,2295.03
ORD-16213,2024-01-21,Home Office,East,Furniture,Tables,Standing Desk,4,0,48000,4463.46
ORD-16214,2023-08-30,Consumer,North,Office Supplies,Binders,Heavy Binder Set,2,0.1,1080.0,215.6
ORD-16215,2024-12-31,Home Office,West,Furniture,Bookcases,Wooden Bookcase,1,0.1,4050.0,379.51
ORD-16216,2023-08-26,Corporate,North,Furniture,Tables,Standing Desk,3,0,36000,4311.86
ORD-16217,2024-04-23,Home Office,West,Furniture,Bookcases,Wooden Bookcase,5,0,22500,2670.97
ORD-16218,2023-12-23,Consumer,South,Office Supplies,Binders,Heavy Binder Set,3,0,1800,503.93
ORD-16219,2023-11-26,Corporate,East,Office Supplies,Storage,Storage Box,4,0.05,3420.0,668.64
ORD-16220,2023-10-18,Corporate,West,Furniture,Bookcases,Wooden Bookcase,2,0,9000,1158.46
ORD-16221,2023-07-27,Corporate,South,Technology,Accessories,Laptop Bag,4,0,7200,2130.41
ORD-16222,2023-04-28,Consumer,East,Office Supplies,Paper,A4 Paper Pack,2,0.1,630.0,163.27
ORD-16223,2023-01-01,Home Office,West,Furniture,Chairs,Ergo Office Chair,4,0,26000,4070.01
ORD-16224,2023-07-04,Consumer,East,Furniture,Bookcases,Wooden Bookcase,1,0,4500,841.91
ORD-16225,2023-01-07,Corporate,North,Technology,Phones,Smartphone X,3,0.05,51300.0,4126.84
ORD-16226,2024-04-03,Corporate,East,Technology,Accessories,Laptop Bag,4,0,7200,2358.82
ORD-16227,2024-11-27,Corporate,West,Office Supplies,Binders,Heavy Binder Set,4,0,2400,763.49
ORD-16228,2023-01-13,Home Office,North,Office Supplies,Storage,Storage Box,3,0.1,2430.0,386.83
ORD-16229,2023-11-21,Corporate,East,Furniture,Tables,Standing Desk,4,0.2,38400.0,-1591.77
ORD-16230,2023-06-04,Corporate,East,Office Supplies,Binders,Heavy Binder Set,5,0.1,2700.0,561.62
ORD-16231,2024-01-05,Corporate,North,Technology,Accessories,Laptop Bag,3,0.2,4320.0,992.59
ORD-16232,2023-07-03,Corporate,West,Technology,Accessories,Laptop Bag,5,0,9000,3210.62
ORD-16233,2023-02-18,Corporate,West,Office Supplies,Paper,A4 Paper Pack,2,0.1,630.0,173.63
ORD-16234,2023-07-08,Home Office,South,Office Supplies,Binders,Heavy Binder Set,4,0,2400,621.5
ORD-16235,2023-03-01,Corporate,East,Furniture,Chairs,Ergo Office Chair,5,0,32500,5889.55
ORD-16236,2023-10-14,Home Office,West,Technology,Accessories,Wireless Earbuds,5,0,12500,4177.77
ORD-16237,2023-09-07,Consumer,South,Office Supplies,Binders,Heavy Binder Set,5,0.2,2400.0,391.27
ORD-16238,2024-06-22,Consumer,East,Technology,Accessories,Laptop Bag,1,0.2,1440.0,320.14
ORD-16239,2024-03-08,Corporate,South,Furniture,Bookcases,Wooden Bookcase,3,0,13500,2283.59
ORD-16240,2023-10-12,Home Office,North,Office Supplies,Storage,Storage Box,3,0,2700,574.0
ORD-16241,2024-02-24,Consumer,West,Furniture,Tables,Standing Desk,3,0,36000,2996.5
ORD-16242,2023-03-19,Consumer,West,Technology,Machines,Laser Printer,2,0.1,16200.0,627.64
ORD-16243,2023-09-10,Corporate,West,Furniture,Chairs,Ergo Office Chair,3,0,19500,4097.78
ORD-16244,2023-08-24,Consumer,South,Technology,Accessories,Laptop Bag,5,0,9000,2930.63
ORD-16245,2024-06-22,Home Office,West,Technology,Accessories,Wireless Earbuds,5,0.05,11875.0,3601.67
ORD-16246,2024-02-15,Home Office,South,Furniture,Bookcases,Wooden Bookcase,4,0.1,16200.0,1654.53
ORD-16247,2024-07-28,Corporate,South,Office Supplies,Binders,Heavy Binder Set,2,0.05,1140.0,317.1
ORD-16248,2023-02-05,Home Office,South,Office Supplies,Binders,Heavy Binder Set,4,0,2400,687.56
ORD-16249,2024-10-03,Home Office,West,Office Supplies,Paper,A4 Paper Pack,4,0,1400,497.75
ORD-16250,2024-01-03,Consumer,East,Furniture,Bookcases,Wooden Bookcase,3,0,13500,2339.24
ORD-16251,2023-07-28,Home Office,West,Furniture,Bookcases,Wooden Bookcase,1,0.05,4275.0,582.86
ORD-16252,2023-04-29,Corporate,South,Technology,Accessories,Laptop Bag,1,0.2,1440.0,239.81
ORD-16253,2024-06-07,Home Office,South,Technology,Machines,Laser Printer,4,0,36000,3305.42
ORD-16254,2023-09-17,Corporate,North,Office Supplies,Paper,A4 Paper Pack,2,0,700,235.62
ORD-16255,2024-06-28,Corporate,East,Office Supplies,Paper,A4 Paper Pack,4,0,1400,441.58
ORD-16256,2023-06-02,Home Office,East,Office Supplies,Storage,Storage Box,4,0,3600,836.05
ORD-16257,2024-02-10,Home Office,East,Technology,Accessories,Laptop Bag,5,0.05,8550.0,2596.19
ORD-16258,2023-01-06,Consumer,East,Furniture,Bookcases,Wooden Bookcase,3,0,13500,2230.94
ORD-16259,2023-05-28,Consumer,West,Office Supplies,Paper,A4 Paper Pack,3,0.1,945.0,283.63
ORD-16260,2024-01-17,Home Office,North,Technology,Accessories,Laptop Bag,3,0,5400,1844.39
ORD-16261,2023-09-20,Corporate,South,Furniture,Chairs,Ergo Office Chair,1,0.05,6175.0,978.62
ORD-16262,2023-02-18,Home Office,South,Technology,Machines,Laser Printer,5,0,45000,4743.26
ORD-16263,2024-02-10,Home Office,East,Technology,Phones,Smartphone X,2,0.05,34200.0,4760.78
ORD-16264,2023-06-18,Home Office,South,Technology,Accessories,Laptop Bag,5,0,9000,2600.38
ORD-16265,2023-08-22,Consumer,West,Furniture,Chairs,Ergo Office Chair,4,0,26000,4637.24
ORD-16266,2024-05-22,Consumer,North,Technology,Accessories,Laptop Bag,1,0.1,1620.0,404.61
ORD-16267,2023-10-31,Corporate,North,Furniture,Tables,Standing Desk,5,0,60000,8293.33
ORD-16268,2023-11-10,Corporate,West,Technology,Machines,Laser Printer,2,0.1,16200.0,835.49
ORD-16269,2023-02-04,Corporate,East,Office Supplies,Paper,A4 Paper Pack,4,0.05,1330.0,411.92
ORD-16270,2023-11-27,Consumer,East,Furniture,Chairs,Ergo Office Chair,3,0,19500,2886.75
ORD-16271,2024-11-23,Consumer,East,Office Supplies,Binders,Heavy Binder Set,4,0.2,1920.0,250.5
ORD-16272,2023-01-30,Home Office,North,Furniture,Bookcases,Wooden Bookcase,5,0.2,18000.0,705.38
ORD-16273,2023-01-20,Consumer,South,Office Supplies,Storage,Storage Box,3,0,2700,681.18
ORD-16274,2023-09-15,Home Office,South,Office Supplies,Storage,Storage Box,3,0,2700,736.38
ORD-16275,2023-02-04,Consumer,East,Technology,Phones,Smartphone X,2,0,36000,6310.65
ORD-16276,2023-03-06,Corporate,South,Technology,Phones,Smartphone X,4,0.2,57600.0,3225.51
ORD-16277,2023-03-29,Corporate,North,Office Supplies,Paper,A4 Paper Pack,1,0.1,315.0,95.66
ORD-16278,2023-03-06,Home Office,East,Furniture,Bookcases,Wooden Bookcase,4,0.05,17100.0,1490.21
ORD-16279,2023-01-13,Consumer,North,Furniture,Tables,Standing Desk,4,0.2,38400.0,-293.67
ORD-16280,2023-02-01,Home Office,South,Furniture,Tables,Standing Desk,3,0.1,32400.0,779.85
ORD-16281,2023-04-08,Home Office,North,Office Supplies,Binders,Heavy Binder Set,1,0.05,570.0,159.56
ORD-16282,2024-11-12,Home Office,South,Office Supplies,Paper,A4 Paper Pack,3,0.1,945.0,295.95
ORD-16283,2023-09-07,Consumer,West,Furniture,Bookcases,Wooden Bookcase,5,0,22500,4131.57
ORD-16284,2023-06-08,Consumer,East,Furniture,Chairs,Ergo Office Chair,4,0,26000,4653.46
ORD-16285,2023-09-30,Home Office,South,Office Supplies,Storage,Storage Box,1,0.05,855.0,156.53
ORD-16286,2023-06-27,Corporate,East,Technology,Accessories,Wireless Earbuds,3,0.2,6000.0,1160.58
ORD-16287,2024-04-20,Home Office,North,Technology,Accessories,Laptop Bag,4,0.05,6840.0,2094.32
ORD-16288,2024-07-22,Home Office,North,Technology,Phones,Smartphone X,3,0,54000,6314.63
ORD-16289,2023-07-25,Home Office,South,Office Supplies,Storage,Storage Box,5,0.2,3600.0,444.13
ORD-16290,2024-09-14,Corporate,North,Technology,Accessories,Wireless Earbuds,3,0,7500,2362.45
ORD-16291,2024-06-28,Corporate,South,Technology,Phones,Smartphone X,5,0.1,81000.0,6492.71
ORD-16292,2023-02-25,Corporate,West,Technology,Phones,Smartphone X,5,0.1,81000.0,9516.56
ORD-16293,2024-12-04,Consumer,East,Office Supplies,Storage,Storage Box,1,0,900,253.32
ORD-16294,2023-10-12,Consumer,North,Technology,Accessories,Wireless Earbuds,2,0.1,4500.0,934.53
ORD-16295,2023-10-12,Consumer,East,Furniture,Bookcases,Wooden Bookcase,3,0.05,12825.0,1421.07
ORD-16296,2023-11-21,Consumer,South,Technology,Accessories,Wireless Earbuds,2,0,5000,1387.61
ORD-16297,2023-11-22,Consumer,East,Technology,Accessories,Laptop Bag,5,0.05,8550.0,2407.45
ORD-16298,2024-11-13,Consumer,North,Technology,Accessories,Laptop Bag,3,0.05,5130.0,1397.45
ORD-16299,2024-04-08,Consumer,South,Office Supplies,Storage,Storage Box,5,0.05,4275.0,810.45
ORD-16300,2023-03-09,Consumer,East,Furniture,Bookcases,Wooden Bookcase,4,0,18000,3323.28
ORD-16301,2023-05-10,Corporate,East,Technology,Accessories,Wireless Earbuds,3,0,7500,2218.68
ORD-16302,2023-01-28,Corporate,East,Furniture,Tables,Standing Desk,3,0,36000,3225.54
ORD-16303,2023-08-02,Home Office,West,Furniture,Bookcases,Wooden Bookcase,5,0.2,18000.0,731.34
ORD-16304,2024-06-28,Home Office,North,Furniture,Tables,Standing Desk,3,0,36000,2408.58
ORD-16305,2024-09-09,Home Office,West,Office Supplies,Binders,Heavy Binder Set,5,0,3000,781.03
ORD-16306,2024-09-04,Home Office,South,Technology,Machines,Laser Printer,1,0.1,8100.0,284.7
ORD-16307,2023-11-24,Corporate,South,Technology,Accessories,Laptop Bag,4,0,7200,2439.9
ORD-16308,2024-08-26,Corporate,North,Office Supplies,Paper,A4 Paper Pack,1,0.2,280.0,71.16
ORD-16309,2023-08-22,Corporate,North,Furniture,Tables,Standing Desk,3,0,36000,4454.66
ORD-16310,2023-05-24,Corporate,West,Furniture,Chairs,Ergo Office Chair,3,0,19500,3237.86
ORD-16311,2023-03-06,Consumer,South,Furniture,Chairs,Ergo Office Chair,2,0.05,12350.0,2069.73
ORD-16312,2024-01-26,Consumer,East,Technology,Accessories,Wireless Earbuds,3,0,7500,1993.44
ORD-16313,2023-07-25,Corporate,North,Technology,Machines,Laser Printer,3,0,27000,4031.15
ORD-16314,2023-10-04,Corporate,South,Office Supplies,Storage,Storage Box,5,0.2,3600.0,341.79
ORD-16315,2024-05-28,Corporate,South,Office Supplies,Binders,Heavy Binder Set,2,0.05,1140.0,245.95
ORD-16316,2023-06-04,Corporate,North,Technology,Phones,Smartphone X,2,0.2,28800.0,848.57
ORD-16317,2024-06-24,Corporate,South,Furniture,Chairs,Ergo Office Chair,2,0.05,12350.0,1822.72
ORD-16318,2023-07-03,Home Office,West,Office Supplies,Paper,A4 Paper Pack,2,0.05,665.0,209.99
ORD-16319,2023-11-21,Home Office,North,Office Supplies,Paper,A4 Paper Pack,5,0,1750,670.11
ORD-16320,2024-03-02,Home Office,West,Furniture,Tables,Standing Desk,4,0.1,43200.0,3350.7
ORD-16321,2024-07-09,Home Office,South,Technology,Accessories,Laptop Bag,2,0.1,3240.0,787.85
ORD-16322,2024-08-04,Corporate,South,Furniture,Chairs,Ergo Office Chair,4,0.05,24700.0,3401.84
ORD-16323,2024-12-24,Home Office,North,Office Supplies,Paper,A4 Paper Pack,4,0.1,1260.0,341.27
ORD-16324,2024-11-01,Corporate,South,Furniture,Bookcases,Wooden Bookcase,2,0.05,8550.0,1128.01
ORD-16325,2024-07-17,Home Office,South,Technology,Phones,Smartphone X,2,0,36000,4742.88
ORD-16326,2024-10-07,Consumer,East,Office Supplies,Binders,Heavy Binder Set,4,0.1,2160.0,391.36
ORD-16327,2023-01-31,Consumer,South,Furniture,Chairs,Ergo Office Chair,5,0.2,26000.0,1630.74
ORD-16328,2023-03-18,Corporate,West,Furniture,Bookcases,Wooden Bookcase,1,0.1,4050.0,207.59
ORD-16329,2023-07-30,Home Office,North,Technology,Phones,Smartphone X,2,0,36000,4819.32
ORD-16330,2024-10-04,Home Office,East,Technology,Accessories,Laptop Bag,2,0.1,3240.0,849.79
ORD-16331,2024-12-01,Home Office,South,Technology,Accessories,Wireless Earbuds,1,0,2500,705.21
ORD-16332,2024-02-18,Corporate,North,Office Supplies,Storage,Storage Box,1,0,900,223.9
ORD-16333,2024-09-28,Corporate,North,Technology,Accessories,Laptop Bag,1,0,1800,601.02
ORD-16334,2024-01-01,Consumer,East,Technology,Machines,Laser Printer,2,0.2,14400.0,-138.18
ORD-16335,2023-10-23,Consumer,East,Technology,Machines,Laser Printer,4,0.2,28800.0,-749.75
ORD-16336,2024-09-30,Consumer,East,Office Supplies,Binders,Heavy Binder Set,5,0.2,2400.0,404.18
ORD-16337,2023-03-20,Consumer,South,Office Supplies,Storage,Storage Box,2,0.05,1710.0,439.36
ORD-16338,2023-09-11,Corporate,North,Office Supplies,Paper,A4 Paper Pack,2,0,700,220.38
ORD-16339,2023-02-28,Home Office,North,Office Supplies,Binders,Heavy Binder Set,5,0.1,2700.0,593.23
ORD-16340,2023-10-22,Home Office,West,Technology,Accessories,Laptop Bag,5,0,9000,2546.76
ORD-16341,2024-04-17,Corporate,North,Technology,Machines,Laser Printer,4,0.1,32400.0,1673.55
ORD-16342,2024-12-18,Corporate,South,Furniture,Chairs,Ergo Office Chair,4,0.1,23400.0,2045.99
ORD-16343,2023-03-27,Consumer,North,Technology,Phones,Smartphone X,4,0,72000,9913.22
ORD-16344,2024-01-20,Home Office,North,Office Supplies,Binders,Heavy Binder Set,1,0,600,180.21
ORD-16345,2023-05-27,Consumer,East,Technology,Phones,Smartphone X,5,0,90000,9188.4
ORD-16346,2024-09-17,Corporate,North,Office Supplies,Paper,A4 Paper Pack,2,0.05,665.0,228.55
ORD-16347,2024-04-10,Corporate,West,Furniture,Tables,Standing Desk,4,0,48000,4852.48
ORD-16348,2024-04-03,Consumer,South,Office Supplies,Storage,Storage Box,5,0.1,4050.0,663.16
ORD-16349,2023-12-06,Consumer,South,Office Supplies,Storage,Storage Box,1,0,900,256.63
ORD-16350,2023-05-10,Corporate,East,Technology,Accessories,Laptop Bag,4,0.2,5760.0,1234.48
ORD-16351,2023-01-28,Consumer,East,Furniture,Tables,Standing Desk,5,0.2,48000.0,397.41
ORD-16352,2023-12-25,Home Office,West,Furniture,Bookcases,Wooden Bookcase,3,0,13500,2177.15
ORD-16353,2024-08-04,Consumer,North,Furniture,Bookcases,Wooden Bookcase,5,0,22500,3293.14
ORD-16354,2023-12-15,Corporate,South,Technology,Accessories,Laptop Bag,2,0.2,2880.0,687.13
ORD-16355,2023-10-25,Corporate,East,Technology,Accessories,Laptop Bag,5,0,9000,2864.19
ORD-16356,2024-12-17,Corporate,South,Furniture,Bookcases,Wooden Bookcase,1,0,4500,794.37
ORD-16357,2024-01-31,Corporate,West,Furniture,Bookcases,Wooden Bookcase,1,0,4500,809.82
ORD-16358,2024-12-11,Consumer,West,Technology,Accessories,Laptop Bag,5,0,9000,3046.86
ORD-16359,2024-08-06,Home Office,North,Technology,Accessories,Wireless Earbuds,1,0,2500,803.18
ORD-16360,2023-08-01,Corporate,West,Furniture,Chairs,Ergo Office Chair,2,0,13000,2658.43
ORD-16361,2024-03-02,Corporate,West,Furniture,Tables,Standing Desk,1,0,12000,766.81
ORD-16362,2023-01-24,Consumer,West,Technology,Accessories,Laptop Bag,2,0,3600,1102.14
ORD-16363,2023-05-06,Consumer,North,Technology,Machines,Laser Printer,4,0,36000,4857.34
ORD-16364,2024-12-25,Consumer,South,Furniture,Tables,Standing Desk,2,0.05,22800.0,1411.06
ORD-16365,2023-03-29,Consumer,South,Technology,Accessories,Wireless Earbuds,3,0,7500,2492.48
ORD-16366,2023-03-21,Consumer,East,Technology,Accessories,Wireless Earbuds,4,0,10000,3152.88
ORD-16367,2023-08-26,Home Office,East,Furniture,Tables,Standing Desk,1,0,12000,1451.91
ORD-16368,2023-01-22,Corporate,West,Technology,Accessories,Wireless Earbuds,5,0.2,10000.0,1409.29
ORD-16369,2024-07-23,Consumer,East,Furniture,Chairs,Ergo Office Chair,3,0,19500,3982.01
ORD-16370,2024-03-15,Consumer,East,Technology,Accessories,Wireless Earbuds,4,0.05,9500.0,2366.36
ORD-16371,2023-03-24,Home Office,West,Technology,Phones,Smartphone X,2,0.2,28800.0,-148.1
ORD-16372,2023-12-18,Home Office,West,Technology,Accessories,Wireless Earbuds,1,0.05,2375.0,624.95
ORD-16373,2023-01-17,Corporate,West,Furniture,Tables,Standing Desk,5,0,60000,8240.94
ORD-16374,2023-11-22,Consumer,East,Furniture,Tables,Standing Desk,1,0.2,9600.0,-344.82
ORD-16375,2023-12-12,Home Office,West,Office Supplies,Binders,Heavy Binder Set,3,0,1800,453.77
ORD-16376,2024-09-30,Home Office,East,Technology,Accessories,Laptop Bag,5,0.05,8550.0,2612.26
ORD-16377,2023-05-03,Home Office,North,Technology,Accessories,Wireless Earbuds,3,0.1,6750.0,1600.88
ORD-16378,2023-10-26,Consumer,East,Office Supplies,Storage,Storage Box,2,0,1800,446.74
ORD-16379,2024-10-02,Home Office,East,Technology,Accessories,Wireless Earbuds,1,0,2500,701.61
ORD-16380,2023-03-29,Corporate,West,Furniture,Tables,Standing Desk,5,0,60000,8371.2
ORD-16381,2023-11-21,Home Office,West,Technology,Accessories,Wireless Earbuds,2,0.05,4750.0,1120.75
ORD-16382,2024-10-22,Consumer,West,Furniture,Tables,Standing Desk,1,0.1,10800.0,770.13
ORD-16383,2023-10-27,Home Office,East,Furniture,Bookcases,Wooden Bookcase,3,0,13500,2192.03
ORD-16384,2023-12-15,Consumer,North,Technology,Phones,Smartphone X,2,0,36000,3621.43
ORD-16385,2024-11-16,Consumer,South,Office Supplies,Paper,A4 Paper Pack,1,0.05,332.5,93.87
ORD-16386,2024-04-23,Corporate,South,Technology,Phones,Smartphone X,1,0,18000,2767.83
ORD-16387,2024-01-25,Consumer,West,Technology,Accessories,Wireless Earbuds,5,0.2,10000.0,2062.6
ORD-16388,2023-05-02,Corporate,West,Furniture,Chairs,Ergo Office Chair,3,0.05,18525.0,2907.88
ORD-16389,2023-07-15,Home Office,East,Technology,Phones,Smartphone X,1,0.1,16200.0,730.72
ORD-16390,2023-08-07,Corporate,South,Technology,Machines,Laser Printer,4,0.2,28800.0,-1020.09
ORD-16391,2024-09-21,Consumer,East,Technology,Accessories,Wireless Earbuds,1,0.05,2375.0,711.56
ORD-16392,2024-07-16,Consumer,North,Technology,Machines,Laser Printer,3,0.2,21600.0,358.32
ORD-16393,2023-07-10,Corporate,South,Office Supplies,Binders,Heavy Binder Set,3,0,1800,526.88
ORD-16394,2023-07-26,Consumer,West,Office Supplies,Storage,Storage Box,2,0,1800,410.95
ORD-16395,2024-10-21,Consumer,West,Furniture,Tables,Standing Desk,2,0.2,19200.0,-1039.43
ORD-16396,2024-11-08,Home Office,East,Furniture,Tables,Standing Desk,4,0,48000,3741.37
ORD-16397,2023-03-15,Home Office,West,Furniture,Bookcases,Wooden Bookcase,5,0,22500,2903.52
ORD-16398,2023-10-19,Corporate,East,Technology,Machines,Laser Printer,1,0.05,8550.0,623.55
ORD-16399,2023-05-22,Corporate,East,Furniture,Chairs,Ergo Office Chair,1,0.05,6175.0,1050.77
ORD-16400,2023-01-08,Consumer,North,Technology,Phones,Smartphone X,3,0.2,43200.0,1975.2
ORD-16401,2024-05-24,Consumer,East,Furniture,Chairs,Ergo Office Chair,4,0.2,20800.0,589.43
ORD-16402,2024-04-16,Corporate,North,Furniture,Chairs,Ergo Office Chair,1,0.2,5200.0,108.94
ORD-16403,2024-04-14,Home Office,East,Office Supplies,Storage,Storage Box,4,0.1,3240.0,702.59
ORD-16404,2023-11-30,Home Office,South,Office Supplies,Paper,A4 Paper Pack,1,0,350,124.11
ORD-16405,2024-12-21,Home Office,East,Furniture,Tables,Standing Desk,1,0.2,9600.0,-58.61
ORD-16406,2024-04-14,Corporate,South,Office Supplies,Binders,Heavy Binder Set,3,0.05,1710.0,391.99
ORD-16407,2023-10-06,Home Office,West,Technology,Accessories,Laptop Bag,4,0,7200,2264.84
ORD-16408,2023-01-26,Corporate,South,Office Supplies,Paper,A4 Paper Pack,5,0,1750,564.37
ORD-16409,2023-02-27,Consumer,South,Office Supplies,Binders,Heavy Binder Set,3,0,1800,468.59
ORD-16410,2023-12-14,Corporate,West,Technology,Accessories,Wireless Earbuds,1,0.1,2250.0,508.95
ORD-16411,2023-07-21,Consumer,East,Technology,Phones,Smartphone X,5,0,90000,10217.89
ORD-16412,2024-06-18,Home Office,South,Furniture,Bookcases,Wooden Bookcase,1,0.1,4050.0,315.93
ORD-16413,2024-01-03,Corporate,West,Office Supplies,Storage,Storage Box,3,0.05,2565.0,611.48
ORD-16414,2024-01-05,Home Office,South,Office Supplies,Paper,A4 Paper Pack,2,0.2,560.0,145.77
ORD-16415,2023-08-05,Corporate,North,Office Supplies,Paper,A4 Paper Pack,1,0,350,125.21
ORD-16416,2024-08-23,Home Office,North,Office Supplies,Paper,A4 Paper Pack,2,0.2,560.0,128.26
ORD-16417,2024-01-09,Consumer,North,Office Supplies,Storage,Storage Box,1,0.05,855.0,188.26
ORD-16418,2024-07-16,Corporate,South,Technology,Machines,Laser Printer,1,0.05,8550.0,1068.1
ORD-16419,2024-10-10,Consumer,South,Technology,Machines,Laser Printer,2,0,18000,1787.64
ORD-16420,2023-09-05,Home Office,South,Office Supplies,Binders,Heavy Binder Set,4,0,2400,642.47
ORD-16421,2024-01-15,Home Office,West,Furniture,Bookcases,Wooden Bookcase,4,0,18000,2591.45
ORD-16422,2024-05-30,Consumer,West,Furniture,Tables,Standing Desk,1,0,12000,988.1
ORD-16423,2024-04-25,Home Office,West,Office Supplies,Binders,Heavy Binder Set,2,0,1200,307.35
ORD-16424,2023-06-24,Consumer,East,Office Supplies,Binders,Heavy Binder Set,3,0,1800,562.78
ORD-16425,2024-06-16,Corporate,South,Technology,Phones,Smartphone X,5,0,90000,10332.98
ORD-16426,2024-10-22,Corporate,North,Furniture,Tables,Standing Desk,1,0,12000,1343.5
ORD-16427,2024-03-29,Home Office,East,Technology,Accessories,Laptop Bag,3,0,5400,1659.91
ORD-16428,2024-12-29,Home Office,North,Technology,Machines,Laser Printer,3,0,27000,4217.02
ORD-16429,2024-09-30,Home Office,West,Technology,Accessories,Laptop Bag,3,0,5400,1809.69
ORD-16430,2023-12-28,Consumer,West,Technology,Accessories,Laptop Bag,2,0.05,3420.0,935.82
ORD-16431,2023-06-08,Home Office,North,Technology,Accessories,Laptop Bag,3,0.05,5130.0,1343.63
ORD-16432,2023-11-09,Consumer,East,Technology,Accessories,Wireless Earbuds,2,0.1,4500.0,953.49
ORD-16433,2023-03-19,Consumer,North,Technology,Accessories,Wireless Earbuds,2,0.2,4000.0,626.39
ORD-16434,2023-12-15,Corporate,West,Furniture,Chairs,Ergo Office Chair,3,0.2,15600.0,367.35
ORD-16435,2024-12-14,Consumer,South,Furniture,Tables,Standing Desk,5,0,60000,7015.04
ORD-16436,2023-06-08,Consumer,West,Technology,Machines,Laser Printer,2,0,18000,2672.79
ORD-16437,2024-08-02,Corporate,North,Office Supplies,Storage,Storage Box,3,0.2,2160.0,343.03
ORD-16438,2024-11-22,Consumer,South,Technology,Accessories,Laptop Bag,3,0,5400,1764.62
ORD-16439,2023-12-18,Home Office,South,Office Supplies,Storage,Storage Box,3,0.1,2430.0,535.18
ORD-16440,2023-12-18,Consumer,West,Technology,Machines,Laser Printer,1,0,9000,1403.9
ORD-16441,2024-08-25,Consumer,North,Office Supplies,Storage,Storage Box,2,0,1800,432.11
ORD-16442,2024-03-29,Consumer,South,Technology,Accessories,Laptop Bag,2,0.05,3420.0,873.5
ORD-16443,2023-02-25,Home Office,South,Office Supplies,Binders,Heavy Binder Set,5,0,3000,784.79
ORD-16444,2024-01-31,Home Office,West,Furniture,Chairs,Ergo Office Chair,4,0.2,20800.0,879.1
ORD-16445,2024-10-17,Consumer,West,Furniture,Chairs,Ergo Office Chair,5,0,32500,4798.87
ORD-16446,2023-02-15,Corporate,East,Furniture,Tables,Standing Desk,5,0,60000,5499.3
ORD-16447,2023-08-24,Consumer,North,Technology,Phones,Smartphone X,4,0.05,68400.0,9616.12
ORD-16448,2023-08-30,Home Office,South,Furniture,Chairs,Ergo Office Chair,3,0,19500,3744.02
ORD-16449,2024-09-23,Consumer,North,Furniture,Tables,Standing Desk,5,0.2,48000.0,-2491.71
ORD-16450,2024-05-06,Home Office,East,Technology,Machines,Laser Printer,5,0.2,36000.0,708.57
ORD-16451,2023-02-13,Home Office,South,Technology,Machines,Laser Printer,5,0,45000,5371.76
ORD-16452,2024-12-05,Corporate,North,Office Supplies,Storage,Storage Box,4,0.2,2880.0,340.79
ORD-16453,2024-12-26,Consumer,South,Office Supplies,Paper,A4 Paper Pack,3,0,1050,352.47
ORD-16454,2024-07-02,Home Office,West,Office Supplies,Binders,Heavy Binder Set,1,0.05,570.0,138.44
ORD-16455,2023-02-15,Home Office,North,Office Supplies,Paper,A4 Paper Pack,2,0,700,222.07
ORD-16456,2024-06-13,Home Office,South,Technology,Accessories,Wireless Earbuds,1,0.1,2250.0,509.83
ORD-16457,2023-01-20,Consumer,East,Furniture,Chairs,Ergo Office Chair,4,0,26000,5150.91
ORD-16458,2024-05-19,Corporate,North,Furniture,Chairs,Ergo Office Chair,4,0.05,24700.0,3947.59
ORD-16459,2024-07-25,Consumer,North,Furniture,Chairs,Ergo Office Chair,4,0.1,23400.0,3053.28
ORD-16460,2023-11-04,Consumer,East,Office Supplies,Storage,Storage Box,5,0,4500,1261.48
ORD-16461,2024-12-21,Consumer,North,Furniture,Bookcases,Wooden Bookcase,5,0,22500,2556.15
ORD-16462,2023-10-19,Corporate,West,Furniture,Tables,Standing Desk,4,0.2,38400.0,-1386.8
ORD-16463,2024-02-14,Corporate,North,Office Supplies,Binders,Heavy Binder Set,2,0,1200,322.58
ORD-16464,2024-07-20,Consumer,East,Furniture,Bookcases,Wooden Bookcase,2,0.1,8100.0,833.05
ORD-16465,2024-06-12,Consumer,South,Furniture,Chairs,Ergo Office Chair,4,0.05,24700.0,3950.56
ORD-16466,2023-01-19,Home Office,East,Office Supplies,Binders,Heavy Binder Set,2,0.2,960.0,171.13
ORD-16467,2023-12-16,Home Office,East,Technology,Accessories,Laptop Bag,1,0,1800,549.18
ORD-16468,2023-01-09,Corporate,East,Office Supplies,Storage,Storage Box,1,0.1,810.0,160.67
ORD-16469,2023-07-28,Home Office,North,Office Supplies,Paper,A4 Paper Pack,3,0.2,840.0,189.62
ORD-16470,2024-09-01,Consumer,East,Office Supplies,Binders,Heavy Binder Set,3,0,1800,575.43
ORD-16471,2023-07-15,Home Office,East,Furniture,Bookcases,Wooden Bookcase,1,0,4500,827.37
ORD-16472,2023-11-08,Consumer,North,Furniture,Tables,Standing Desk,1,0.1,10800.0,680.02
ORD-16473,2024-06-21,Home Office,South,Office Supplies,Binders,Heavy Binder Set,3,0.1,1620.0,387.03
ORD-16474,2023-01-27,Home Office,North,Technology,Phones,Smartphone X,1,0,18000,3073.34
ORD-16475,2023-08-16,Consumer,West,Technology,Phones,Smartphone X,3,0.2,43200.0,1310.33
ORD-16476,2024-04-08,Corporate,West,Technology,Phones,Smartphone X,5,0,90000,15068.91
ORD-16477,2023-09-28,Consumer,North,Office Supplies,Storage,Storage Box,3,0,2700,777.88
ORD-16478,2024-10-18,Corporate,East,Technology,Phones,Smartphone X,1,0,18000,2827.02
ORD-16479,2023-07-09,Corporate,West,Office Supplies,Binders,Heavy Binder Set,4,0.1,2160.0,525.65
ORD-16480,2023-09-21,Home Office,South,Furniture,Bookcases,Wooden Bookcase,4,0,18000,2386.16
ORD-16481,2024-09-27,Corporate,North,Office Supplies,Paper,A4 Paper Pack,4,0,1400,469.42
ORD-16482,2023-03-04,Home Office,East,Furniture,Chairs,Ergo Office Chair,5,0,32500,6361.37
ORD-16483,2024-06-28,Consumer,West,Technology,Accessories,Wireless Earbuds,5,0,12500,3420.64
ORD-16484,2023-09-23,Corporate,East,Furniture,Bookcases,Wooden Bookcase,1,0.1,4050.0,421.21
ORD-16485,2024-03-17,Consumer,West,Furniture,Tables,Standing Desk,2,0,24000,2089.34
ORD-16486,2024-10-03,Corporate,East,Technology,Accessories,Wireless Earbuds,4,0,10000,2656.92
ORD-16487,2023-12-19,Consumer,North,Office Supplies,Binders,Heavy Binder Set,4,0,2400,733.16
ORD-16488,2024-05-23,Home Office,West,Furniture,Chairs,Ergo Office Chair,2,0.2,10400.0,413.92
ORD-16489,2023-10-27,Corporate,North,Technology,Phones,Smartphone X,2,0,36000,4484.99
ORD-16490,2023-11-03,Corporate,East,Furniture,Tables,Standing Desk,3,0,36000,3253.61
ORD-16491,2023-10-02,Corporate,North,Office Supplies,Storage,Storage Box,5,0,4500,1035.47
ORD-16492,2024-11-22,Consumer,North,Office Supplies,Storage,Storage Box,2,0,1800,451.22
ORD-16493,2024-09-25,Home Office,East,Furniture,Chairs,Ergo Office Chair,4,0.2,20800.0,627.32
ORD-16494,2024-07-20,Home Office,East,Technology,Accessories,Laptop Bag,2,0.1,3240.0,831.4
ORD-16495,2024-12-17,Home Office,East,Technology,Accessories,Wireless Earbuds,3,0,7500,2532.85
ORD-16496,2023-01-16,Corporate,East,Technology,Phones,Smartphone X,5,0.2,72000.0,342.93
ORD-16497,2024-10-23,Corporate,West,Furniture,Chairs,Ergo Office Chair,5,0,32500,6225.34
ORD-16498,2024-02-15,Home Office,West,Office Supplies,Binders,Heavy Binder Set,2,0.05,1140.0,275.63
ORD-16499,2023-11-07,Corporate,North,Furniture,Tables,Standing Desk,5,0.05,57000.0,5929.06
ORD-16500,2023-08-30,Consumer,West,Furniture,Tables,Standing Desk,2,0,24000,1654.11
ORD-16501,2023-04-03,Corporate,West,Technology,Machines,Laser Printer,5,0.1,40500.0,2256.23
ORD-16502,2024-08-18,Consumer,North,Office Supplies,Paper,A4 Paper Pack,4,0.2,1120.0,297.96
ORD-16503,2024-03-07,Corporate,South,Technology,Accessories,Laptop Bag,2,0,3600,1055.14
ORD-16504,2023-09-15,Home Office,West,Technology,Accessories,Laptop Bag,2,0,3600,1137.12
ORD-16505,2024-09-17,Corporate,East,Technology,Phones,Smartphone X,5,0,90000,12027.31
ORD-16506,2024-02-26,Consumer,West,Technology,Phones,Smartphone X,3,0.2,43200.0,643.06
ORD-16507,2023-12-22,Corporate,North,Furniture,Tables,Standing Desk,3,0.05,34200.0,2332.35
ORD-16508,2023-07-24,Consumer,South,Furniture,Bookcases,Wooden Bookcase,4,0.05,17100.0,2660.27
ORD-16509,2024-12-11,Corporate,East,Technology,Phones,Smartphone X,1,0,18000,2330.68
ORD-16510,2024-03-29,Home Office,East,Technology,Phones,Smartphone X,5,0.2,72000.0,2148.4
ORD-16511,2023-12-04,Home Office,South,Furniture,Bookcases,Wooden Bookcase,2,0,9000,1270.4
ORD-16512,2023-12-26,Home Office,East,Furniture,Tables,Standing Desk,5,0,60000,5313.3
ORD-16513,2024-06-06,Consumer,East,Office Supplies,Binders,Heavy Binder Set,4,0.2,1920.0,293.38
ORD-16514,2024-05-23,Corporate,North,Technology,Machines,Laser Printer,1,0.2,7200.0,233.1
ORD-16515,2024-12-31,Consumer,West,Furniture,Bookcases,Wooden Bookcase,2,0,9000,1483.79
ORD-16516,2024-11-13,Home Office,South,Office Supplies,Binders,Heavy Binder Set,2,0.1,1080.0,248.4
ORD-16517,2023-12-15,Home Office,West,Technology,Accessories,Laptop Bag,3,0.2,4320.0,866.6
ORD-16518,2023-02-15,Consumer,West,Office Supplies,Storage,Storage Box,5,0,4500,1247.94
ORD-16519,2024-08-26,Home Office,North,Technology,Phones,Smartphone X,2,0.05,34200.0,4925.14
ORD-16520,2024-08-04,Corporate,East,Technology,Machines,Laser Printer,4,0.05,34200.0,3574.16
ORD-16521,2024-02-01,Consumer,North,Technology,Accessories,Laptop Bag,3,0,5400,1810.93
ORD-16522,2024-12-05,Consumer,West,Technology,Accessories,Laptop Bag,4,0,7200,2265.03
ORD-16523,2023-12-29,Corporate,North,Office Supplies,Binders,Heavy Binder Set,5,0,3000,753.5
ORD-16524,2023-11-08,Corporate,South,Furniture,Tables,Standing Desk,5,0,60000,6414.81
ORD-16525,2024-11-24,Home Office,West,Office Supplies,Paper,A4 Paper Pack,5,0,1750,545.54
ORD-16526,2024-08-16,Consumer,West,Furniture,Bookcases,Wooden Bookcase,5,0,22500,3094.68
ORD-16527,2024-03-21,Consumer,West,Furniture,Bookcases,Wooden Bookcase,4,0.1,16200.0,1427.46
ORD-16528,2024-04-04,Consumer,North,Technology,Machines,Laser Printer,2,0,18000,2128.68
ORD-16529,2024-01-19,Home Office,North,Furniture,Chairs,Ergo Office Chair,2,0.2,10400.0,464.15
ORD-16530,2023-04-17,Corporate,South,Office Supplies,Binders,Heavy Binder Set,3,0,1800,457.61
ORD-16531,2024-07-13,Consumer,North,Furniture,Tables,Standing Desk,5,0,60000,4068.81
ORD-16532,2024-05-28,Consumer,South,Technology,Accessories,Laptop Bag,3,0.1,4860.0,1307.6
ORD-16533,2024-02-24,Consumer,North,Furniture,Tables,Standing Desk,4,0,48000,3031.4
ORD-16534,2024-02-02,Corporate,West,Office Supplies,Storage,Storage Box,4,0.1,3240.0,720.75
ORD-16535,2024-11-04,Home Office,South,Technology,Accessories,Laptop Bag,3,0,5400,1934.19
ORD-16536,2023-01-21,Home Office,North,Furniture,Chairs,Ergo Office Chair,2,0.1,11700.0,1697.53
ORD-16537,2024-12-27,Home Office,East,Technology,Accessories,Laptop Bag,4,0.05,6840.0,2082.08
ORD-16538,2023-04-26,Consumer,West,Technology,Accessories,Laptop Bag,3,0,5400,1752.89
ORD-16539,2023-09-26,Corporate,South,Furniture,Tables,Standing Desk,2,0.1,21600.0,865.57
ORD-16540,2023-12-14,Home Office,East,Office Supplies,Binders,Heavy Binder Set,2,0,1200,348.27
ORD-16541,2023-02-10,Corporate,West,Furniture,Chairs,Ergo Office Chair,1,0.2,5200.0,178.59
ORD-16542,2024-08-06,Consumer,West,Technology,Accessories,Wireless Earbuds,4,0.1,9000.0,1947.13
ORD-16543,2023-04-30,Corporate,West,Technology,Phones,Smartphone X,3,0,54000,6254.79
ORD-16544,2024-03-29,Home Office,South,Technology,Machines,Laser Printer,3,0.2,21600.0,231.01
ORD-16545,2024-05-24,Home Office,West,Technology,Machines,Laser Printer,4,0.1,32400.0,2510.86
ORD-16546,2024-03-08,Corporate,North,Furniture,Chairs,Ergo Office Chair,5,0.2,26000.0,1615.12
ORD-16547,2024-08-14,Corporate,West,Office Supplies,Storage,Storage Box,4,0.05,3420.0,660.95
ORD-16548,2023-07-13,Corporate,North,Office Supplies,Storage,Storage Box,4,0.1,3240.0,507.63
ORD-16549,2023-11-23,Corporate,East,Technology,Machines,Laser Printer,5,0.05,42750.0,5099.9
ORD-16550,2023-05-18,Consumer,North,Furniture,Tables,Standing Desk,1,0.2,9600.0,-332.74
ORD-16551,2024-05-05,Corporate,North,Technology,Phones,Smartphone X,2,0,36000,4422.7
ORD-16552,2024-06-03,Consumer,East,Technology,Phones,Smartphone X,4,0,72000,10464.65
ORD-16553,2023-07-07,Consumer,West,Furniture,Chairs,Ergo Office Chair,4,0,26000,5695.83
ORD-16554,2023-10-01,Consumer,East,Office Supplies,Storage,Storage Box,1,0,900,233.66
ORD-16555,2023-08-27,Consumer,North,Technology,Accessories,Wireless Earbuds,5,0,12500,3620.03
ORD-16556,2023-01-23,Corporate,West,Technology,Accessories,Wireless Earbuds,3,0.1,6750.0,1513.16
ORD-16557,2024-09-15,Consumer,North,Technology,Accessories,Wireless Earbuds,2,0.05,4750.0,1114.36
ORD-16558,2024-12-23,Corporate,East,Office Supplies,Binders,Heavy Binder Set,3,0.1,1620.0,316.3
ORD-16559,2023-11-04,Consumer,West,Technology,Phones,Smartphone X,4,0,72000,7239.24
ORD-16560,2023-06-10,Home Office,North,Furniture,Chairs,Ergo Office Chair,2,0.1,11700.0,1386.29
ORD-16561,2023-03-04,Corporate,South,Technology,Phones,Smartphone X,1,0.2,14400.0,727.07
ORD-16562,2023-11-04,Consumer,East,Technology,Accessories,Wireless Earbuds,5,0.1,11250.0,3017.56
ORD-16563,2023-01-12,Corporate,East,Technology,Phones,Smartphone X,4,0,72000,8402.2
ORD-16564,2023-07-22,Home Office,East,Technology,Accessories,Laptop Bag,4,0.05,6840.0,1739.0
ORD-16565,2024-09-24,Consumer,East,Furniture,Tables,Standing Desk,2,0,24000,2481.57
ORD-16566,2024-09-04,Consumer,North,Technology,Accessories,Wireless Earbuds,1,0.1,2250.0,578.02
ORD-16567,2024-12-02,Home Office,South,Furniture,Bookcases,Wooden Bookcase,1,0,4500,816.91
ORD-16568,2024-11-09,Home Office,West,Technology,Accessories,Wireless Earbuds,5,0,12500,3861.25
ORD-16569,2023-02-13,Consumer,East,Technology,Machines,Laser Printer,4,0.05,34200.0,3352.76
ORD-16570,2024-08-11,Consumer,East,Office Supplies,Binders,Heavy Binder Set,4,0.1,2160.0,464.32
ORD-16571,2023-07-12,Corporate,East,Office Supplies,Storage,Storage Box,3,0.05,2565.0,492.41
ORD-16572,2023-01-07,Corporate,North,Furniture,Tables,Standing Desk,2,0,24000,2034.46
ORD-16573,2023-10-16,Home Office,West,Furniture,Tables,Standing Desk,5,0.05,57000.0,5161.33
ORD-16574,2023-09-11,Corporate,West,Furniture,Tables,Standing Desk,1,0.2,9600.0,-178.0
ORD-16575,2023-03-24,Consumer,West,Technology,Accessories,Wireless Earbuds,3,0.1,6750.0,1651.36
ORD-16576,2023-02-11,Home Office,East,Office Supplies,Storage,Storage Box,1,0,900,229.86
ORD-16577,2023-09-24,Corporate,West,Office Supplies,Binders,Heavy Binder Set,1,0.1,540.0,104.56
ORD-16578,2024-09-20,Corporate,North,Furniture,Bookcases,Wooden Bookcase,1,0,4500,592.5
ORD-16579,2024-10-26,Corporate,South,Furniture,Tables,Standing Desk,2,0.1,21600.0,1681.21
ORD-16580,2024-07-06,Home Office,East,Office Supplies,Binders,Heavy Binder Set,1,0.1,540.0,120.48
ORD-16581,2024-09-19,Home Office,West,Technology,Accessories,Wireless Earbuds,3,0,7500,2086.4
ORD-16582,2024-12-18,Home Office,West,Technology,Machines,Laser Printer,4,0.1,32400.0,1301.36
ORD-16583,2023-02-02,Home Office,North,Technology,Machines,Laser Printer,3,0,27000,3047.72
ORD-16584,2023-08-10,Consumer,West,Technology,Phones,Smartphone X,4,0.05,68400.0,8396.59
ORD-16585,2024-04-25,Corporate,South,Technology,Phones,Smartphone X,4,0.1,64800.0,2995.36
ORD-16586,2023-11-12,Consumer,West,Technology,Accessories,Laptop Bag,4,0,7200,2402.9
ORD-16587,2023-10-20,Corporate,North,Technology,Accessories,Wireless Earbuds,1,0,2500,700.32
ORD-16588,2023-08-31,Home Office,West,Technology,Phones,Smartphone X,4,0.05,68400.0,4864.07
ORD-16589,2023-09-19,Corporate,West,Technology,Accessories,Wireless Earbuds,5,0,12500,3255.44
ORD-16590,2024-02-10,Corporate,West,Technology,Machines,Laser Printer,5,0,45000,7106.11
ORD-16591,2023-11-19,Consumer,West,Office Supplies,Storage,Storage Box,4,0.05,3420.0,747.54
ORD-16592,2023-11-13,Consumer,South,Technology,Machines,Laser Printer,1,0.1,8100.0,632.53
ORD-16593,2023-08-13,Home Office,South,Technology,Accessories,Wireless Earbuds,3,0,7500,1956.4
ORD-16594,2023-03-25,Home Office,West,Technology,Machines,Laser Printer,4,0,36000,5026.53
ORD-16595,2024-01-27,Corporate,North,Furniture,Chairs,Ergo Office Chair,4,0.05,24700.0,4518.31
ORD-16596,2024-10-22,Consumer,East,Technology,Accessories,Laptop Bag,1,0,1800,602.92
ORD-16597,2024-03-11,Corporate,North,Furniture,Tables,Standing Desk,3,0.2,28800.0,-655.89
ORD-16598,2023-03-10,Consumer,South,Technology,Machines,Laser Printer,3,0.05,25650.0,2919.17
ORD-16599,2023-11-04,Corporate,West,Technology,Phones,Smartphone X,5,0.1,81000.0,3488.2
ORD-16600,2024-08-31,Consumer,North,Technology,Phones,Smartphone X,1,0.05,17100.0,2393.99
ORD-16601,2024-06-26,Corporate,East,Office Supplies,Paper,A4 Paper Pack,2,0.05,665.0,189.51
ORD-16602,2024-03-30,Corporate,West,Technology,Accessories,Laptop Bag,1,0,1800,521.75
ORD-16603,2024-07-09,Corporate,East,Office Supplies,Paper,A4 Paper Pack,4,0,1400,544.05
ORD-16604,2024-02-01,Consumer,South,Office Supplies,Paper,A4 Paper Pack,2,0.05,665.0,231.73
ORD-16605,2024-07-30,Consumer,North,Furniture,Chairs,Ergo Office Chair,4,0.1,23400.0,2785.87
ORD-16606,2024-03-30,Home Office,North,Technology,Machines,Laser Printer,3,0,27000,2936.71
ORD-16607,2023-10-17,Corporate,South,Furniture,Tables,Standing Desk,1,0.1,10800.0,379.46
ORD-16608,2024-08-30,Home Office,South,Office Supplies,Storage,Storage Box,4,0,3600,991.36
ORD-16609,2024-04-12,Home Office,North,Furniture,Tables,Standing Desk,1,0,12000,1662.95
ORD-16610,2023-11-19,Consumer,South,Furniture,Bookcases,Wooden Bookcase,5,0,22500,3402.49
ORD-16611,2024-12-01,Home Office,East,Technology,Phones,Smartphone X,3,0.05,51300.0,3845.36
ORD-16612,2024-09-10,Home Office,West,Office Supplies,Paper,A4 Paper Pack,1,0.2,280.0,65.15
ORD-16613,2024-10-16,Home Office,South,Office Supplies,Paper,A4 Paper Pack,3,0.1,945.0,301.43
ORD-16614,2023-12-12,Home Office,North,Technology,Accessories,Laptop Bag,1,0,1800,544.7
ORD-16615,2024-04-12,Corporate,North,Furniture,Bookcases,Wooden Bookcase,5,0,22500,2578.83
ORD-16616,2023-04-06,Corporate,West,Office Supplies,Storage,Storage Box,5,0,4500,1002.53
ORD-16617,2023-07-17,Consumer,East,Technology,Accessories,Wireless Earbuds,2,0,5000,1574.25
ORD-16618,2024-11-08,Corporate,West,Technology,Phones,Smartphone X,1,0.1,16200.0,1354.86
ORD-16619,2023-09-04,Consumer,East,Office Supplies,Binders,Heavy Binder Set,2,0.1,1080.0,238.29
ORD-16620,2023-05-16,Consumer,East,Furniture,Tables,Standing Desk,1,0.05,11400.0,487.84
ORD-16621,2024-08-01,Consumer,North,Office Supplies,Binders,Heavy Binder Set,2,0,1200,318.21
ORD-16622,2023-10-05,Corporate,North,Technology,Machines,Laser Printer,5,0,45000,3862.68
ORD-16623,2023-03-29,Consumer,West,Furniture,Bookcases,Wooden Bookcase,2,0,9000,1327.04
ORD-16624,2024-02-10,Consumer,South,Office Supplies,Binders,Heavy Binder Set,3,0,1800,535.62
ORD-16625,2024-12-20,Consumer,North,Technology,Accessories,Laptop Bag,1,0.1,1620.0,438.71
ORD-16626,2023-09-27,Home Office,North,Technology,Accessories,Wireless Earbuds,3,0,7500,2026.31
ORD-16627,2023-12-27,Consumer,East,Technology,Phones,Smartphone X,3,0.2,43200.0,2513.95
ORD-16628,2023-11-13,Consumer,West,Technology,Accessories,Laptop Bag,2,0,3600,1239.04
ORD-16629,2023-10-30,Home Office,East,Technology,Accessories,Laptop Bag,2,0.05,3420.0,1008.7
ORD-16630,2023-11-27,Home Office,South,Office Supplies,Storage,Storage Box,4,0.1,3240.0,538.63
ORD-16631,2024-05-11,Consumer,East,Technology,Machines,Laser Printer,2,0.1,16200.0,386.77
ORD-16632,2023-11-03,Corporate,North,Office Supplies,Paper,A4 Paper Pack,1,0.05,332.5,95.25
ORD-16633,2023-06-02,Consumer,East,Furniture,Chairs,Ergo Office Chair,5,0,32500,6150.69
ORD-16634,2024-01-27,Corporate,East,Technology,Accessories,Wireless Earbuds,5,0,12500,4143.59
ORD-16635,2024-10-04,Corporate,South,Office Supplies,Paper,A4 Paper Pack,3,0,1050,406.81
ORD-16636,2023-03-05,Corporate,East,Furniture,Tables,Standing Desk,3,0.2,28800.0,504.69
ORD-16637,2024-11-29,Home Office,East,Office Supplies,Storage,Storage Box,1,0,900,191.28
ORD-16638,2024-12-26,Home Office,North,Furniture,Tables,Standing Desk,4,0.2,38400.0,-1589.11
ORD-16639,2024-01-27,Corporate,South,Technology,Accessories,Laptop Bag,5,0.1,8100.0,2092.34
ORD-16640,2023-06-30,Consumer,South,Technology,Phones,Smartphone X,2,0,36000,3622.56
ORD-16641,2023-06-30,Consumer,North,Furniture,Chairs,Ergo Office Chair,5,0.1,29250.0,3817.37
ORD-16642,2024-05-01,Home Office,South,Office Supplies,Paper,A4 Paper Pack,1,0,350,117.58
ORD-16643,2023-12-29,Consumer,West,Furniture,Tables,Standing Desk,1,0,12000,1467.08
ORD-16644,2024-11-13,Corporate,South,Office Supplies,Paper,A4 Paper Pack,5,0,1750,607.92
ORD-16645,2023-10-18,Home Office,West,Technology,Machines,Laser Printer,4,0,36000,4252.7
ORD-16646,2024-11-29,Consumer,West,Furniture,Chairs,Ergo Office Chair,4,0.1,23400.0,1926.18
ORD-16647,2023-05-26,Consumer,South,Technology,Phones,Smartphone X,5,0.1,81000.0,9565.14
ORD-16648,2023-05-23,Home Office,South,Technology,Phones,Smartphone X,5,0.05,85500.0,6187.07
ORD-16649,2023-08-10,Corporate,North,Office Supplies,Binders,Heavy Binder Set,1,0.2,480.0,84.0
ORD-16650,2024-01-19,Home Office,West,Office Supplies,Paper,A4 Paper Pack,2,0,700,217.18
ORD-16651,2024-09-12,Home Office,South,Office Supplies,Paper,A4 Paper Pack,4,0.1,1260.0,409.2
ORD-16652,2024-01-05,Corporate,North,Technology,Accessories,Wireless Earbuds,4,0.1,9000.0,2482.15
ORD-16653,2023-01-11,Consumer,South,Office Supplies,Paper,A4 Paper Pack,5,0.2,1400.0,367.7
ORD-16654,2023-12-23,Corporate,South,Technology,Phones,Smartphone X,3,0.2,43200.0,2127.47
ORD-16655,2024-02-03,Consumer,West,Furniture,Tables,Standing Desk,4,0,48000,4813.75
ORD-16656,2024-02-05,Home Office,East,Technology,Accessories,Wireless Earbuds,4,0.1,9000.0,1896.6
ORD-16657,2023-03-17,Corporate,North,Technology,Accessories,Laptop Bag,5,0.05,8550.0,2816.99
ORD-16658,2023-06-13,Corporate,North,Technology,Phones,Smartphone X,5,0,90000,12824.44
ORD-16659,2024-03-30,Corporate,North,Furniture,Bookcases,Wooden Bookcase,3,0,13500,2465.99
ORD-16660,2024-11-24,Corporate,East,Furniture,Tables,Standing Desk,5,0,60000,4523.51
ORD-16661,2024-01-30,Consumer,South,Office Supplies,Binders,Heavy Binder Set,2,0.05,1140.0,244.86
ORD-16662,2023-02-22,Home Office,West,Office Supplies,Storage,Storage Box,1,0.05,855.0,202.0
ORD-16663,2023-08-12,Home Office,East,Furniture,Bookcases,Wooden Bookcase,5,0.1,20250.0,1784.49
ORD-16664,2023-06-17,Consumer,South,Technology,Phones,Smartphone X,5,0.05,85500.0,10942.63
ORD-16665,2023-11-25,Consumer,West,Technology,Machines,Laser Printer,3,0.2,21600.0,729.16
ORD-16666,2023-03-22,Corporate,North,Office Supplies,Paper,A4 Paper Pack,5,0.1,1575.0,456.31
ORD-16667,2023-09-08,Consumer,South,Furniture,Bookcases,Wooden Bookcase,4,0.1,16200.0,2041.79
ORD-16668,2024-04-09,Consumer,North,Office Supplies,Binders,Heavy Binder Set,2,0.2,960.0,121.18
ORD-16669,2024-09-13,Home Office,East,Furniture,Bookcases,Wooden Bookcase,4,0,18000,2368.94
ORD-16670,2024-12-08,Corporate,South,Furniture,Tables,Standing Desk,2,0,24000,3043.33
ORD-16671,2023-11-28,Corporate,West,Technology,Phones,Smartphone X,3,0.2,43200.0,2122.06
ORD-16672,2023-11-18,Corporate,East,Technology,Phones,Smartphone X,5,0,90000,14939.37
ORD-16673,2024-06-11,Corporate,West,Office Supplies,Paper,A4 Paper Pack,3,0,1050,389.67
ORD-16674,2023-11-27,Home Office,West,Office Supplies,Paper,A4 Paper Pack,4,0,1400,447.09
ORD-16675,2024-01-09,Corporate,East,Furniture,Bookcases,Wooden Bookcase,4,0,18000,2888.82
ORD-16676,2024-05-03,Corporate,West,Furniture,Tables,Standing Desk,2,0,24000,2081.47
ORD-16677,2023-12-01,Corporate,South,Technology,Accessories,Laptop Bag,2,0.1,3240.0,870.16
ORD-16678,2023-04-12,Corporate,North,Office Supplies,Paper,A4 Paper Pack,4,0.1,1260.0,342.35
ORD-16679,2023-03-16,Corporate,South,Furniture,Tables,Standing Desk,1,0,12000,1216.09
ORD-16680,2024-02-13,Home Office,South,Office Supplies,Storage,Storage Box,5,0,4500,1301.05
ORD-16681,2024-08-16,Consumer,East,Office Supplies,Storage,Storage Box,5,0.1,4050.0,733.95
ORD-16682,2024-04-20,Corporate,South,Furniture,Tables,Standing Desk,4,0.2,38400.0,-764.95
ORD-16683,2024-02-17,Corporate,East,Office Supplies,Paper,A4 Paper Pack,1,0,350,114.85
ORD-16684,2023-12-30,Consumer,West,Office Supplies,Storage,Storage Box,1,0.1,810.0,180.72
ORD-16685,2024-04-24,Consumer,West,Technology,Accessories,Wireless Earbuds,3,0.1,6750.0,1436.9
ORD-16686,2023-06-24,Consumer,North,Furniture,Bookcases,Wooden Bookcase,1,0.2,3600.0,78.85
ORD-16687,2023-04-22,Home Office,North,Office Supplies,Paper,A4 Paper Pack,4,0,1400,529.8
ORD-16688,2024-03-05,Consumer,North,Office Supplies,Paper,A4 Paper Pack,1,0,350,125.44
ORD-16689,2023-01-05,Home Office,East,Technology,Accessories,Laptop Bag,1,0.05,1710.0,481.16
ORD-16690,2023-08-21,Corporate,East,Furniture,Tables,Standing Desk,2,0,24000,1544.98
ORD-16691,2024-09-23,Home Office,South,Technology,Machines,Laser Printer,4,0.2,28800.0,-465.14
ORD-16692,2024-08-17,Consumer,East,Technology,Phones,Smartphone X,3,0,54000,8948.21
ORD-16693,2024-05-04,Corporate,South,Office Supplies,Storage,Storage Box,5,0.1,4050.0,910.1
ORD-16694,2023-02-12,Corporate,East,Furniture,Chairs,Ergo Office Chair,2,0,13000,2248.13
ORD-16695,2024-08-29,Corporate,North,Office Supplies,Paper,A4 Paper Pack,5,0,1750,548.92
ORD-16696,2024-04-06,Consumer,South,Office Supplies,Paper,A4 Paper Pack,1,0,350,131.29
ORD-16697,2024-05-07,Consumer,North,Furniture,Tables,Standing Desk,1,0.2,9600.0,-463.24
ORD-16698,2023-10-30,Corporate,South,Technology,Machines,Laser Printer,2,0.05,17100.0,2214.72
ORD-16699,2023-08-22,Consumer,West,Technology,Accessories,Laptop Bag,3,0.2,4320.0,834.24
ORD-16700,2024-05-11,Corporate,West,Furniture,Bookcases,Wooden Bookcase,1,0,4500,845.34
ORD-16701,2024-10-17,Consumer,South,Furniture,Tables,Standing Desk,1,0,12000,1676.13
ORD-16702,2024-01-07,Home Office,West,Technology,Accessories,Laptop Bag,3,0,5400,1821.77
ORD-16703,2023-09-16,Home Office,South,Technology,Accessories,Laptop Bag,5,0.05,8550.0,2768.86
ORD-16704,2023-02-14,Home Office,South,Technology,Accessories,Wireless Earbuds,3,0,7500,2048.19
ORD-16705,2024-07-16,Corporate,South,Technology,Phones,Smartphone X,1,0.05,17100.0,2460.53
ORD-16706,2023-01-16,Corporate,East,Furniture,Chairs,Ergo Office Chair,2,0.1,11700.0,1834.14
ORD-16707,2023-08-10,Consumer,East,Furniture,Tables,Standing Desk,2,0,24000,2929.36
ORD-16708,2023-09-17,Corporate,East,Office Supplies,Binders,Heavy Binder Set,5,0.05,2850.0,814.8
ORD-16709,2024-10-10,Consumer,East,Technology,Phones,Smartphone X,3,0.05,51300.0,7461.45
ORD-16710,2024-04-12,Home Office,South,Office Supplies,Paper,A4 Paper Pack,3,0.1,945.0,272.6
ORD-16711,2024-05-01,Corporate,West,Furniture,Tables,Standing Desk,1,0.1,10800.0,686.96
ORD-16712,2024-04-06,Corporate,East,Technology,Accessories,Wireless Earbuds,1,0,2500,769.29
ORD-16713,2023-08-08,Home Office,South,Technology,Machines,Laser Printer,5,0.1,40500.0,1344.74
ORD-16714,2023-02-19,Consumer,West,Furniture,Tables,Standing Desk,2,0,24000,1687.06
ORD-16715,2023-09-25,Consumer,South,Furniture,Bookcases,Wooden Bookcase,5,0.05,21375.0,3368.03
ORD-16716,2023-08-02,Corporate,West,Technology,Accessories,Laptop Bag,1,0,1800,553.3
ORD-16717,2024-02-18,Home Office,East,Technology,Accessories,Laptop Bag,1,0,1800,614.45
ORD-16718,2023-06-21,Home Office,South,Furniture,Bookcases,Wooden Bookcase,4,0,18000,3364.21
ORD-16719,2024-12-27,Corporate,North,Furniture,Chairs,Ergo Office Chair,3,0,19500,4163.84
ORD-16720,2024-06-12,Corporate,South,Office Supplies,Binders,Heavy Binder Set,1,0.1,540.0,130.56
ORD-16721,2023-02-23,Corporate,South,Furniture,Chairs,Ergo Office Chair,5,0,32500,6136.91
ORD-16722,2023-08-31,Corporate,East,Office Supplies,Binders,Heavy Binder Set,5,0.2,2400.0,438.42
ORD-16723,2024-03-31,Consumer,South,Office Supplies,Binders,Heavy Binder Set,2,0.2,960.0,171.13
ORD-16724,2024-01-18,Corporate,South,Technology,Accessories,Wireless Earbuds,1,0,2500,686.5
ORD-16725,2023-03-13,Corporate,South,Office Supplies,Storage,Storage Box,1,0,900,207.43
ORD-16726,2024-07-20,Consumer,West,Office Supplies,Binders,Heavy Binder Set,1,0.05,570.0,122.36
ORD-16727,2023-01-19,Consumer,West,Furniture,Bookcases,Wooden Bookcase,1,0.2,3600.0,79.83
ORD-16728,2024-05-07,Corporate,South,Technology,Machines,Laser Printer,4,0.05,34200.0,2200.58
ORD-16729,2023-04-08,Corporate,North,Furniture,Bookcases,Wooden Bookcase,4,0,18000,1984.78
ORD-16730,2023-07-11,Home Office,South,Office Supplies,Binders,Heavy Binder Set,1,0.05,570.0,143.11
ORD-16731,2023-11-22,Consumer,South,Office Supplies,Storage,Storage Box,4,0.05,3420.0,797.15
ORD-16732,2024-03-31,Consumer,East,Technology,Accessories,Laptop Bag,4,0,7200,2239.95
ORD-16733,2023-09-29,Home Office,South,Furniture,Tables,Standing Desk,1,0.2,9600.0,43.39
ORD-16734,2024-12-19,Consumer,South,Furniture,Bookcases,Wooden Bookcase,4,0.2,14400.0,881.62
ORD-16735,2023-10-25,Corporate,North,Technology,Machines,Laser Printer,5,0,45000,3962.19
ORD-16736,2023-08-26,Corporate,West,Technology,Accessories,Laptop Bag,3,0,5400,1720.08
ORD-16737,2024-09-22,Corporate,South,Office Supplies,Storage,Storage Box,4,0,3600,860.0
ORD-16738,2023-05-26,Consumer,North,Furniture,Chairs,Ergo Office Chair,1,0.2,5200.0,289.52
ORD-16739,2024-08-08,Corporate,North,Furniture,Chairs,Ergo Office Chair,3,0.05,18525.0,2526.02
ORD-16740,2024-03-28,Home Office,North,Office Supplies,Paper,A4 Paper Pack,1,0.05,332.5,103.19
ORD-16741,2023-04-18,Home Office,West,Technology,Phones,Smartphone X,1,0,18000,2047.0
ORD-16742,2023-08-20,Home Office,West,Technology,Accessories,Laptop Bag,5,0,9000,3159.22
ORD-16743,2023-02-12,Corporate,South,Technology,Phones,Smartphone X,3,0,54000,8149.68
ORD-16744,2024-01-11,Home Office,North,Technology,Phones,Smartphone X,4,0,72000,7750.39
ORD-16745,2023-09-06,Consumer,South,Furniture,Chairs,Ergo Office Chair,4,0.05,24700.0,4665.88
ORD-16746,2024-06-22,Corporate,East,Office Supplies,Binders,Heavy Binder Set,5,0.2,2400.0,320.21
ORD-16747,2024-05-12,Home Office,West,Office Supplies,Paper,A4 Paper Pack,2,0,700,239.13
ORD-16748,2023-08-27,Consumer,East,Technology,Accessories,Wireless Earbuds,1,0.2,2000.0,421.08
ORD-16749,2024-07-14,Home Office,North,Furniture,Chairs,Ergo Office Chair,5,0.05,30875.0,3727.22
ORD-16750,2023-11-24,Corporate,East,Office Supplies,Binders,Heavy Binder Set,5,0,3000,895.9
ORD-16751,2023-07-08,Home Office,West,Technology,Accessories,Laptop Bag,3,0,5400,1768.48
ORD-16752,2024-04-30,Home Office,East,Furniture,Bookcases,Wooden Bookcase,5,0.2,18000.0,373.48
ORD-16753,2024-05-07,Home Office,South,Office Supplies,Storage,Storage Box,3,0,2700,775.62
ORD-16754,2024-07-20,Consumer,West,Office Supplies,Binders,Heavy Binder Set,1,0,600,165.62
ORD-16755,2024-01-22,Consumer,South,Technology,Phones,Smartphone X,4,0,72000,9046.04
ORD-16756,2023-09-20,Home Office,West,Technology,Accessories,Wireless Earbuds,1,0,2500,667.93
ORD-16757,2023-11-30,Corporate,East,Technology,Phones,Smartphone X,4,0,72000,10535.34
ORD-16758,2024-09-04,Consumer,West,Furniture,Bookcases,Wooden Bookcase,4,0.05,17100.0,2669.33
ORD-16759,2024-08-18,Home Office,East,Office Supplies,Binders,Heavy Binder Set,4,0,2400,761.98
ORD-16760,2023-02-11,Consumer,North,Furniture,Tables,Standing Desk,2,0,24000,3350.03
ORD-16761,2024-12-23,Home Office,East,Office Supplies,Paper,A4 Paper Pack,3,0,1050,363.6
ORD-16762,2023-12-06,Consumer,South,Office Supplies,Paper,A4 Paper Pack,4,0,1400,517.56
ORD-16763,2024-03-07,Consumer,East,Office Supplies,Binders,Heavy Binder Set,4,0,2400,592.05
ORD-16764,2023-01-03,Home Office,South,Office Supplies,Storage,Storage Box,3,0.1,2430.0,368.58
ORD-16765,2023-07-01,Corporate,South,Technology,Phones,Smartphone X,5,0,90000,15416.64
ORD-16766,2023-03-30,Corporate,East,Office Supplies,Binders,Heavy Binder Set,1,0.05,570.0,157.91
ORD-16767,2023-06-15,Corporate,South,Office Supplies,Binders,Heavy Binder Set,2,0,1200,318.91
ORD-16768,2024-02-02,Home Office,West,Technology,Phones,Smartphone X,4,0.2,57600.0,1281.88
ORD-16769,2023-04-22,Corporate,North,Furniture,Chairs,Ergo Office Chair,1,0.1,5850.0,843.84
ORD-16770,2023-09-22,Consumer,West,Technology,Phones,Smartphone X,4,0,72000,12145.63
ORD-16771,2023-10-24,Corporate,North,Office Supplies,Paper,A4 Paper Pack,5,0,1750,573.34
ORD-16772,2023-09-07,Home Office,West,Technology,Phones,Smartphone X,3,0,54000,5916.78
ORD-16773,2023-11-23,Corporate,West,Office Supplies,Paper,A4 Paper Pack,2,0,700,250.29
ORD-16774,2023-11-24,Home Office,West,Technology,Accessories,Laptop Bag,5,0.05,8550.0,2597.9
ORD-16775,2023-07-23,Home Office,South,Office Supplies,Paper,A4 Paper Pack,1,0,350,112.69
ORD-16776,2023-01-14,Corporate,West,Office Supplies,Binders,Heavy Binder Set,5,0.1,2700.0,553.17
ORD-16777,2024-09-20,Consumer,West,Office Supplies,Storage,Storage Box,5,0.1,4050.0,657.11
ORD-16778,2023-09-19,Home Office,West,Office Supplies,Paper,A4 Paper Pack,5,0.2,1400.0,309.87
ORD-16779,2024-12-29,Home Office,South,Office Supplies,Binders,Heavy Binder Set,3,0.1,1620.0,315.89
ORD-16780,2023-01-10,Corporate,East,Technology,Phones,Smartphone X,5,0.2,72000.0,1095.98
ORD-16781,2023-12-24,Consumer,South,Furniture,Bookcases,Wooden Bookcase,5,0,22500,2503.72
ORD-16782,2023-10-15,Corporate,West,Technology,Machines,Laser Printer,1,0,9000,1321.41
ORD-16783,2024-07-18,Consumer,South,Office Supplies,Storage,Storage Box,1,0,900,190.28
ORD-16784,2024-11-26,Consumer,South,Office Supplies,Paper,A4 Paper Pack,3,0.1,945.0,284.83
ORD-16785,2023-11-28,Home Office,South,Office Supplies,Paper,A4 Paper Pack,3,0,1050,373.2
ORD-16786,2024-05-03,Corporate,South,Furniture,Chairs,Ergo Office Chair,1,0,6500,1381.29
ORD-16787,2023-12-11,Home Office,North,Office Supplies,Storage,Storage Box,1,0,900,197.51
ORD-16788,2023-10-01,Home Office,North,Office Supplies,Storage,Storage Box,1,0.2,720.0,78.7
ORD-16789,2023-01-20,Home Office,East,Office Supplies,Binders,Heavy Binder Set,5,0,3000,792.93
ORD-16790,2023-07-31,Home Office,North,Furniture,Tables,Standing Desk,1,0,12000,1375.06
ORD-16791,2023-09-04,Consumer,West,Technology,Accessories,Laptop Bag,2,0.1,3240.0,778.89
ORD-16792,2024-02-15,Consumer,West,Technology,Accessories,Wireless Earbuds,1,0.1,2250.0,625.93
ORD-16793,2024-08-06,Home Office,West,Office Supplies,Storage,Storage Box,5,0,4500,952.6
ORD-16794,2024-12-03,Corporate,East,Technology,Phones,Smartphone X,4,0.1,64800.0,2968.44
ORD-16795,2024-09-28,Consumer,West,Office Supplies,Paper,A4 Paper Pack,4,0.2,1120.0,247.63
ORD-16796,2024-07-14,Consumer,West,Technology,Machines,Laser Printer,5,0,45000,4187.49
ORD-16797,2024-10-17,Corporate,East,Office Supplies,Binders,Heavy Binder Set,1,0.1,540.0,139.06
ORD-16798,2024-02-11,Corporate,West,Furniture,Tables,Standing Desk,1,0,12000,1318.15
ORD-16799,2024-06-08,Corporate,North,Technology,Accessories,Laptop Bag,3,0.2,4320.0,858.53
ORD-16800,2023-01-26,Home Office,West,Technology,Phones,Smartphone X,2,0,36000,4652.64
ORD-16801,2023-03-11,Consumer,South,Furniture,Bookcases,Wooden Bookcase,5,0.1,20250.0,1998.86
ORD-16802,2024-05-20,Corporate,East,Technology,Accessories,Laptop Bag,3,0.2,4320.0,1012.57
ORD-16803,2024-04-19,Corporate,South,Technology,Accessories,Wireless Earbuds,5,0,12500,3839.8
ORD-16804,2023-05-17,Consumer,North,Furniture,Bookcases,Wooden Bookcase,1,0.1,4050.0,388.02
ORD-16805,2023-04-13,Home Office,South,Office Supplies,Paper,A4 Paper Pack,2,0,700,231.69
ORD-16806,2024-12-20,Consumer,East,Office Supplies,Binders,Heavy Binder Set,4,0.2,1920.0,347.1
ORD-16807,2024-02-28,Home Office,East,Technology,Machines,Laser Printer,4,0.1,32400.0,1094.61
ORD-16808,2024-06-30,Home Office,South,Furniture,Tables,Standing Desk,2,0.2,19200.0,-724.6
ORD-16809,2023-03-10,Home Office,East,Office Supplies,Storage,Storage Box,1,0,900,197.69
ORD-16810,2023-12-17,Corporate,North,Technology,Accessories,Laptop Bag,3,0,5400,1802.39
ORD-16811,2023-06-08,Consumer,South,Office Supplies,Storage,Storage Box,3,0,2700,741.09
ORD-16812,2024-10-29,Consumer,West,Furniture,Chairs,Ergo Office Chair,4,0,26000,3668.96
ORD-16813,2023-07-02,Consumer,South,Office Supplies,Binders,Heavy Binder Set,3,0,1800,549.48
ORD-16814,2023-04-21,Home Office,South,Furniture,Chairs,Ergo Office Chair,3,0.2,15600.0,492.64
ORD-16815,2024-02-22,Corporate,South,Office Supplies,Binders,Heavy Binder Set,5,0.05,2850.0,672.8
ORD-16816,2024-02-09,Consumer,West,Office Supplies,Binders,Heavy Binder Set,2,0,1200,323.88
ORD-16817,2024-06-06,Corporate,South,Furniture,Bookcases,Wooden Bookcase,3,0.2,10800.0,344.05
ORD-16818,2024-03-26,Home Office,South,Furniture,Tables,Standing Desk,1,0.05,11400.0,1124.42
ORD-16819,2024-01-16,Corporate,South,Technology,Machines,Laser Printer,3,0.2,21600.0,-263.87
ORD-16820,2024-02-28,Consumer,East,Office Supplies,Binders,Heavy Binder Set,1,0.05,570.0,159.68
ORD-16821,2024-10-04,Consumer,East,Office Supplies,Binders,Heavy Binder Set,2,0.05,1140.0,241.18
ORD-16822,2023-09-22,Consumer,North,Technology,Machines,Laser Printer,2,0.05,17100.0,1051.45
ORD-16823,2024-12-13,Corporate,South,Office Supplies,Binders,Heavy Binder Set,3,0,1800,441.15
ORD-16824,2024-09-20,Consumer,East,Office Supplies,Binders,Heavy Binder Set,1,0,600,184.11
ORD-16825,2024-11-19,Home Office,West,Office Supplies,Binders,Heavy Binder Set,4,0,2400,721.37
ORD-16826,2023-06-08,Home Office,West,Office Supplies,Binders,Heavy Binder Set,1,0,600,191.39
ORD-16827,2023-01-06,Home Office,North,Technology,Phones,Smartphone X,3,0,54000,7585.39
ORD-16828,2024-08-12,Corporate,East,Technology,Machines,Laser Printer,2,0.2,14400.0,424.95
ORD-16829,2023-11-30,Corporate,East,Furniture,Bookcases,Wooden Bookcase,2,0.2,7200.0,208.35
ORD-16830,2024-08-18,Corporate,South,Furniture,Bookcases,Wooden Bookcase,1,0,4500,720.45
ORD-16831,2024-11-20,Home Office,South,Technology,Machines,Laser Printer,1,0.1,8100.0,787.13
ORD-16832,2024-08-02,Consumer,West,Office Supplies,Paper,A4 Paper Pack,3,0.2,840.0,177.67
ORD-16833,2023-04-02,Home Office,West,Office Supplies,Storage,Storage Box,1,0.05,855.0,159.04
ORD-16834,2023-02-03,Consumer,East,Office Supplies,Paper,A4 Paper Pack,5,0.1,1575.0,494.23
ORD-16835,2023-09-13,Consumer,South,Technology,Phones,Smartphone X,4,0.2,57600.0,2759.78
ORD-16836,2024-03-28,Home Office,West,Technology,Accessories,Wireless Earbuds,4,0,10000,3379.49
ORD-16837,2023-01-12,Corporate,North,Technology,Machines,Laser Printer,4,0.1,32400.0,1615.48
ORD-16838,2024-07-07,Consumer,East,Furniture,Chairs,Ergo Office Chair,4,0.2,20800.0,733.24
ORD-16839,2023-10-09,Consumer,West,Furniture,Bookcases,Wooden Bookcase,4,0,18000,2435.01
ORD-16840,2024-03-26,Home Office,North,Technology,Accessories,Wireless Earbuds,2,0,5000,1427.64
ORD-16841,2024-05-13,Consumer,North,Office Supplies,Storage,Storage Box,5,0.1,4050.0,910.76
ORD-16842,2023-03-10,Home Office,South,Technology,Phones,Smartphone X,4,0,72000,8826.3
ORD-16843,2024-11-03,Corporate,North,Furniture,Chairs,Ergo Office Chair,4,0,26000,4148.53
ORD-16844,2024-01-07,Corporate,East,Furniture,Bookcases,Wooden Bookcase,5,0.2,18000.0,548.05
ORD-16845,2023-06-07,Consumer,West,Office Supplies,Binders,Heavy Binder Set,2,0,1200,368.68
ORD-16846,2024-09-27,Home Office,South,Office Supplies,Binders,Heavy Binder Set,4,0.05,2280.0,517.54
ORD-16847,2024-07-26,Home Office,North,Technology,Accessories,Wireless Earbuds,5,0,12500,3933.95
ORD-16848,2024-08-14,Consumer,West,Furniture,Chairs,Ergo Office Chair,5,0,32500,6365.91
ORD-16849,2024-02-23,Corporate,South,Office Supplies,Binders,Heavy Binder Set,3,0.05,1710.0,429.23
ORD-16850,2023-03-30,Home Office,West,Technology,Accessories,Wireless Earbuds,5,0,12500,3315.71
ORD-16851,2023-07-29,Home Office,South,Technology,Machines,Laser Printer,5,0,45000,6168.24
ORD-16852,2023-03-20,Corporate,East,Technology,Machines,Laser Printer,4,0,36000,4663.06
ORD-16853,2023-10-17,Consumer,South,Furniture,Chairs,Ergo Office Chair,1,0,6500,1266.74
ORD-16854,2023-02-24,Consumer,East,Office Supplies,Storage,Storage Box,1,0.05,855.0,207.7
ORD-16855,2023-05-14,Home Office,North,Furniture,Chairs,Ergo Office Chair,2,0.05,12350.0,2204.24
ORD-16856,2024-10-07,Consumer,West,Office Supplies,Storage,Storage Box,3,0.1,2430.0,522.34
ORD-16857,2023-06-14,Corporate,South,Furniture,Tables,Standing Desk,1,0.05,11400.0,655.79
ORD-16858,2024-10-09,Home Office,East,Technology,Accessories,Wireless Earbuds,5,0.1,11250.0,2342.63
ORD-16859,2023-06-19,Home Office,South,Technology,Phones,Smartphone X,1,0,18000,2461.94
ORD-16860,2024-07-13,Consumer,South,Technology,Accessories,Wireless Earbuds,2,0.05,4750.0,1422.13
ORD-16861,2023-05-27,Consumer,South,Technology,Phones,Smartphone X,1,0,18000,2754.01
ORD-16862,2023-01-23,Corporate,North,Technology,Accessories,Laptop Bag,5,0,9000,3119.41
ORD-16863,2023-02-26,Home Office,South,Furniture,Tables,Standing Desk,4,0.1,43200.0,1339.25
ORD-16864,2024-08-25,Corporate,South,Technology,Phones,Smartphone X,4,0.05,68400.0,5569.54
ORD-16865,2023-01-28,Home Office,North,Furniture,Tables,Standing Desk,3,0,36000,4164.79
ORD-16866,2023-11-17,Consumer,East,Furniture,Chairs,Ergo Office Chair,3,0,19500,3105.92
ORD-16867,2023-01-21,Consumer,North,Office Supplies,Paper,A4 Paper Pack,2,0.05,665.0,193.22
ORD-16868,2023-08-23,Corporate,South,Technology,Accessories,Laptop Bag,3,0.05,5130.0,1667.6
ORD-16869,2023-01-27,Consumer,South,Furniture,Bookcases,Wooden Bookcase,1,0.2,3600.0,236.91
ORD-16870,2023-06-16,Consumer,North,Technology,Machines,Laser Printer,1,0.1,8100.0,418.48
ORD-16871,2024-10-01,Corporate,East,Technology,Accessories,Laptop Bag,2,0,3600,1288.93
ORD-16872,2023-03-12,Corporate,West,Furniture,Chairs,Ergo Office Chair,3,0.1,17550.0,2291.0
ORD-16873,2023-09-11,Corporate,South,Furniture,Chairs,Ergo Office Chair,5,0,32500,5127.97
ORD-16874,2024-05-01,Consumer,North,Office Supplies,Storage,Storage Box,3,0.05,2565.0,518.74
ORD-16875,2024-03-07,Home Office,East,Office Supplies,Storage,Storage Box,1,0.2,720.0,65.47
ORD-16876,2023-03-18,Consumer,East,Technology,Machines,Laser Printer,4,0.05,34200.0,2696.55
ORD-16877,2023-11-15,Consumer,North,Furniture,Chairs,Ergo Office Chair,1,0,6500,1113.49
ORD-16878,2023-06-19,Home Office,East,Furniture,Tables,Standing Desk,3,0,36000,3631.31
ORD-16879,2023-10-18,Consumer,North,Furniture,Tables,Standing Desk,2,0,24000,1627.55
ORD-16880,2023-04-16,Corporate,North,Technology,Machines,Laser Printer,1,0,9000,990.22
ORD-16881,2024-03-16,Consumer,North,Office Supplies,Storage,Storage Box,5,0,4500,1091.15
ORD-16882,2024-09-21,Consumer,South,Furniture,Bookcases,Wooden Bookcase,1,0.05,4275.0,673.41
ORD-16883,2023-10-18,Consumer,East,Office Supplies,Binders,Heavy Binder Set,4,0.2,1920.0,284.82
ORD-16884,2023-10-26,Home Office,East,Office Supplies,Paper,A4 Paper Pack,2,0.2,560.0,112.91
ORD-16885,2024-12-26,Home Office,West,Technology,Accessories,Laptop Bag,4,0,7200,2260.79
ORD-16886,2024-08-02,Corporate,West,Technology,Machines,Laser Printer,1,0,9000,1359.55
ORD-16887,2023-03-02,Corporate,South,Technology,Phones,Smartphone X,2,0.05,34200.0,4536.27
ORD-16888,2023-08-02,Consumer,West,Office Supplies,Paper,A4 Paper Pack,3,0,1050,346.71
ORD-16889,2023-03-28,Consumer,East,Technology,Accessories,Laptop Bag,4,0,7200,2210.18
ORD-16890,2023-10-01,Consumer,North,Furniture,Bookcases,Wooden Bookcase,3,0,13500,2518.77
ORD-16891,2023-04-20,Corporate,East,Technology,Accessories,Laptop Bag,1,0.05,1710.0,525.85
ORD-16892,2023-12-12,Corporate,South,Furniture,Bookcases,Wooden Bookcase,4,0,18000,2174.73
ORD-16893,2024-03-11,Home Office,North,Furniture,Chairs,Ergo Office Chair,4,0.2,20800.0,570.48
ORD-16894,2024-02-19,Home Office,North,Technology,Machines,Laser Printer,3,0,27000,2282.44
ORD-16895,2023-07-18,Consumer,West,Office Supplies,Paper,A4 Paper Pack,3,0.05,997.5,282.59
ORD-16896,2023-01-05,Corporate,North,Furniture,Tables,Standing Desk,1,0.05,11400.0,396.03
ORD-16897,2023-05-06,Consumer,North,Furniture,Bookcases,Wooden Bookcase,2,0,9000,1222.56
ORD-16898,2023-05-22,Consumer,North,Technology,Accessories,Wireless Earbuds,4,0.05,9500.0,2326.72
ORD-16899,2024-10-30,Corporate,North,Furniture,Bookcases,Wooden Bookcase,3,0,13500,2016.13
ORD-16900,2023-03-14,Home Office,East,Furniture,Chairs,Ergo Office Chair,4,0.1,23400.0,1939.71
ORD-16901,2024-02-11,Consumer,South,Office Supplies,Storage,Storage Box,1,0.05,855.0,166.75
ORD-16902,2024-07-11,Consumer,North,Technology,Accessories,Laptop Bag,4,0.1,6480.0,1752.49
ORD-16903,2024-07-15,Home Office,East,Office Supplies,Storage,Storage Box,2,0.1,1620.0,297.86
ORD-16904,2023-11-17,Corporate,East,Technology,Accessories,Wireless Earbuds,2,0,5000,1612.58
ORD-16905,2023-10-16,Home Office,East,Office Supplies,Paper,A4 Paper Pack,4,0.05,1330.0,400.03
ORD-16906,2023-10-13,Corporate,North,Furniture,Bookcases,Wooden Bookcase,1,0.1,4050.0,287.22
ORD-16907,2024-07-03,Home Office,South,Technology,Accessories,Wireless Earbuds,3,0,7500,2426.58
ORD-16908,2023-09-25,Home Office,West,Technology,Phones,Smartphone X,5,0.1,81000.0,8969.25
ORD-16909,2023-04-01,Consumer,East,Technology,Machines,Laser Printer,5,0,45000,5863.11
ORD-16910,2023-06-29,Consumer,South,Technology,Machines,Laser Printer,3,0.2,21600.0,-287.6
ORD-16911,2023-05-20,Consumer,North,Office Supplies,Storage,Storage Box,4,0,3600,995.87
ORD-16912,2024-09-28,Consumer,South,Technology,Accessories,Laptop Bag,5,0,9000,3080.85
ORD-16913,2024-08-20,Corporate,West,Technology,Phones,Smartphone X,3,0,54000,5465.29
ORD-16914,2023-06-14,Consumer,East,Technology,Phones,Smartphone X,5,0,90000,14845.36
ORD-16915,2023-01-14,Home Office,South,Office Supplies,Paper,A4 Paper Pack,4,0.05,1330.0,456.64
ORD-16916,2024-05-27,Consumer,East,Technology,Accessories,Wireless Earbuds,5,0.2,10000.0,1498.42
ORD-16917,2023-01-10,Home Office,East,Office Supplies,Binders,Heavy Binder Set,1,0.1,540.0,116.99
ORD-16918,2024-12-17,Corporate,North,Furniture,Tables,Standing Desk,3,0,36000,4856.28
ORD-16919,2024-09-20,Corporate,West,Technology,Accessories,Laptop Bag,1,0,1800,539.6
ORD-16920,2023-12-12,Home Office,East,Office Supplies,Storage,Storage Box,3,0,2700,592.15
ORD-16921,2024-07-03,Corporate,West,Furniture,Bookcases,Wooden Bookcase,4,0.05,17100.0,1948.87
ORD-16922,2024-04-04,Consumer,South,Technology,Accessories,Laptop Bag,4,0,7200,2440.43
ORD-16923,2024-06-11,Corporate,North,Furniture,Chairs,Ergo Office Chair,2,0,13000,2805.68
ORD-16924,2023-05-24,Consumer,East,Technology,Accessories,Laptop Bag,1,0.1,1620.0,442.81
ORD-16925,2023-10-31,Consumer,East,Furniture,Bookcases,Wooden Bookcase,1,0,4500,517.64
ORD-16926,2023-05-24,Consumer,South,Office Supplies,Binders,Heavy Binder Set,4,0.1,2160.0,501.44
ORD-16927,2024-11-27,Home Office,North,Office Supplies,Storage,Storage Box,4,0.05,3420.0,837.4
ORD-16928,2024-04-16,Home Office,North,Office Supplies,Paper,A4 Paper Pack,1,0,350,131.19
ORD-16929,2024-03-03,Consumer,South,Office Supplies,Binders,Heavy Binder Set,1,0,600,176.67
ORD-16930,2023-11-13,Consumer,West,Furniture,Chairs,Ergo Office Chair,4,0,26000,5156.08
ORD-16931,2023-07-07,Home Office,East,Technology,Phones,Smartphone X,1,0,18000,3196.78
ORD-16932,2023-05-25,Corporate,North,Technology,Accessories,Wireless Earbuds,2,0,5000,1643.8
ORD-16933,2024-08-17,Consumer,East,Office Supplies,Storage,Storage Box,2,0.05,1710.0,324.81
ORD-16934,2023-12-06,Corporate,West,Technology,Machines,Laser Printer,1,0.05,8550.0,567.7
ORD-16935,2024-10-15,Corporate,East,Furniture,Chairs,Ergo Office Chair,3,0,19500,2918.83
ORD-16936,2024-08-09,Consumer,North,Office Supplies,Paper,A4 Paper Pack,3,0.05,997.5,351.34
ORD-16937,2024-04-24,Consumer,West,Office Supplies,Paper,A4 Paper Pack,5,0.1,1575.0,434.93
ORD-16938,2023-10-27,Home Office,East,Office Supplies,Binders,Heavy Binder Set,1,0,600,170.18
ORD-16939,2023-06-18,Home Office,East,Furniture,Chairs,Ergo Office Chair,1,0,6500,1065.07
ORD-16940,2023-12-14,Consumer,North,Technology,Accessories,Wireless Earbuds,4,0,10000,3321.58
ORD-16941,2024-10-18,Consumer,South,Furniture,Tables,Standing Desk,1,0.1,10800.0,590.79
ORD-16942,2023-07-31,Consumer,West,Office Supplies,Paper,A4 Paper Pack,2,0.1,630.0,184.05
ORD-16943,2023-02-19,Home Office,West,Furniture,Chairs,Ergo Office Chair,3,0.2,15600.0,783.16
ORD-16944,2023-06-13,Consumer,North,Office Supplies,Paper,A4 Paper Pack,2,0,700,231.67
ORD-16945,2024-01-13,Home Office,South,Furniture,Chairs,Ergo Office Chair,4,0,26000,5227.28
ORD-16946,2024-01-16,Consumer,North,Technology,Phones,Smartphone X,3,0,54000,5429.18
ORD-16947,2024-07-27,Home Office,North,Office Supplies,Storage,Storage Box,2,0,1800,459.75
ORD-16948,2023-10-27,Home Office,West,Office Supplies,Binders,Heavy Binder Set,4,0,2400,687.48
ORD-16949,2023-05-29,Consumer,West,Office Supplies,Paper,A4 Paper Pack,5,0,1750,570.99
ORD-16950,2024-04-22,Consumer,North,Technology,Machines,Laser Printer,4,0.2,28800.0,647.31
ORD-16951,2023-10-01,Home Office,South,Furniture,Chairs,Ergo Office Chair,5,0,32500,5499.11
ORD-16952,2023-01-26,Consumer,West,Technology,Machines,Laser Printer,1,0,9000,1006.22
ORD-16953,2023-02-08,Home Office,West,Furniture,Chairs,Ergo Office Chair,2,0.1,11700.0,1227.01
ORD-16954,2024-07-14,Corporate,East,Office Supplies,Binders,Heavy Binder Set,4,0,2400,605.67
ORD-16955,2024-03-15,Home Office,East,Technology,Phones,Smartphone X,4,0,72000,9582.55
ORD-16956,2024-01-24,Consumer,North,Technology,Accessories,Wireless Earbuds,1,0,2500,788.97
ORD-16957,2023-11-06,Home Office,South,Office Supplies,Storage,Storage Box,1,0,900,227.24
ORD-16958,2023-11-24,Home Office,South,Furniture,Chairs,Ergo Office Chair,5,0.2,26000.0,1643.3
ORD-16959,2024-11-22,Consumer,West,Technology,Phones,Smartphone X,5,0,90000,15951.9
ORD-16960,2024-04-20,Corporate,South,Office Supplies,Storage,Storage Box,1,0,900,219.65
ORD-16961,2024-03-11,Consumer,South,Furniture,Chairs,Ergo Office Chair,4,0.1,23400.0,2839.04
ORD-16962,2024-11-25,Corporate,West,Technology,Machines,Laser Printer,1,0.05,8550.0,542.0
ORD-16963,2023-03-16,Home Office,South,Technology,Accessories,Wireless Earbuds,3,0.05,7125.0,2094.62
ORD-16964,2023-06-23,Consumer,East,Technology,Phones,Smartphone X,4,0.05,68400.0,7811.5
ORD-16965,2023-10-16,Consumer,South,Technology,Phones,Smartphone X,1,0,18000,2813.41
ORD-16966,2024-02-16,Consumer,North,Technology,Phones,Smartphone X,3,0,54000,7290.1
ORD-16967,2024-12-23,Corporate,East,Furniture,Chairs,Ergo Office Chair,4,0,26000,4232.73
ORD-16968,2024-01-04,Home Office,West,Office Supplies,Paper,A4 Paper Pack,2,0,700,262.71
ORD-16969,2024-06-01,Corporate,West,Office Supplies,Binders,Heavy Binder Set,2,0,1200,364.59
ORD-16970,2023-01-20,Home Office,East,Office Supplies,Paper,A4 Paper Pack,2,0.1,630.0,201.65
ORD-16971,2024-04-16,Home Office,North,Furniture,Chairs,Ergo Office Chair,4,0.1,23400.0,2937.19
ORD-16972,2023-11-12,Home Office,East,Office Supplies,Binders,Heavy Binder Set,3,0,1800,532.52
ORD-16973,2024-04-19,Consumer,West,Office Supplies,Paper,A4 Paper Pack,4,0.2,1120.0,234.63
ORD-16974,2024-06-30,Home Office,East,Furniture,Bookcases,Wooden Bookcase,4,0,18000,3284.92
ORD-16975,2023-09-23,Corporate,East,Furniture,Bookcases,Wooden Bookcase,4,0.05,17100.0,2026.91
ORD-16976,2024-02-17,Corporate,North,Technology,Accessories,Laptop Bag,3,0,5400,1730.2
ORD-16977,2024-01-28,Home Office,South,Office Supplies,Storage,Storage Box,2,0.05,1710.0,347.7
ORD-16978,2023-05-23,Corporate,East,Technology,Accessories,Laptop Bag,4,0,7200,2178.46
ORD-16979,2023-09-01,Consumer,South,Technology,Machines,Laser Printer,3,0.05,25650.0,2301.38
ORD-16980,2023-04-01,Home Office,North,Office Supplies,Binders,Heavy Binder Set,5,0,3000,868.28
ORD-16981,2024-11-03,Corporate,South,Technology,Accessories,Wireless Earbuds,1,0,2500,737.63
ORD-16982,2024-07-17,Home Office,North,Technology,Accessories,Laptop Bag,3,0,5400,1608.25
ORD-16983,2023-08-17,Corporate,North,Office Supplies,Binders,Heavy Binder Set,3,0,1800,522.02
ORD-16984,2024-01-10,Consumer,West,Office Supplies,Paper,A4 Paper Pack,3,0,1050,397.62
ORD-16985,2024-07-27,Consumer,West,Technology,Accessories,Wireless Earbuds,5,0.1,11250.0,2666.27
ORD-16986,2024-09-18,Home Office,North,Office Supplies,Storage,Storage Box,2,0.1,1620.0,345.48
ORD-16987,2023-06-26,Corporate,East,Technology,Accessories,Laptop Bag,3,0,5400,1583.91
ORD-16988,2024-03-07,Corporate,East,Technology,Machines,Laser Printer,3,0,27000,2302.47
ORD-16989,2023-11-27,Corporate,South,Furniture,Bookcases,Wooden Bookcase,3,0.05,12825.0,1335.11
ORD-16990,2024-04-11,Home Office,West,Office Supplies,Storage,Storage Box,1,0,900,238.35
ORD-16991,2024-05-07,Corporate,East,Technology,Phones,Smartphone X,3,0.05,51300.0,3834.44
ORD-16992,2023-12-18,Corporate,North,Office Supplies,Storage,Storage Box,3,0,2700,577.97
ORD-16993,2024-07-29,Home Office,North,Office Supplies,Paper,A4 Paper Pack,4,0,1400,479.7
ORD-16994,2024-04-30,Consumer,South,Furniture,Chairs,Ergo Office Chair,1,0.05,6175.0,866.21
ORD-16995,2023-08-09,Home Office,North,Furniture,Bookcases,Wooden Bookcase,4,0.1,16200.0,1410.08
ORD-16996,2024-01-09,Corporate,West,Furniture,Tables,Standing Desk,2,0,24000,2897.56
ORD-16997,2023-09-04,Consumer,West,Furniture,Bookcases,Wooden Bookcase,3,0,13500,1909.65
ORD-16998,2024-02-13,Consumer,South,Furniture,Tables,Standing Desk,2,0.05,22800.0,723.03
ORD-16999,2024-10-05,Home Office,West,Office Supplies,Storage,Storage Box,2,0.2,1440.0,165.35
ORD-17000,2024-03-07,Home Office,North,Office Supplies,Paper,A4 Paper Pack,1,0.1,315.0,96.5
ORD-17001,2024-01-11,Consumer,East,Furniture,Bookcases,Wooden Bookcase,5,0.1,20250.0,1071.14
ORD-17002,2024-04-15,Home Office,West,Furniture,Chairs,Ergo Office Chair,4,0,26000,5590.37
ORD-17003,2023-07-15,Home Office,South,Technology,Accessories,Wireless Earbuds,2,0.2,4000.0,684.91
ORD-17004,2024-10-02,Home Office,South,Technology,Accessories,Laptop Bag,1,0,1800,526.78
ORD-17005,2024-10-11,Consumer,South,Technology,Accessories,Laptop Bag,3,0,5400,1605.07
ORD-17006,2023-03-05,Corporate,North,Furniture,Chairs,Ergo Office Chair,3,0.2,15600.0,715.78
ORD-17007,2024-11-07,Home Office,West,Office Supplies,Binders,Heavy Binder Set,2,0,1200,326.5
ORD-17008,2023-04-09,Corporate,East,Furniture,Chairs,Ergo Office Chair,1,0.05,6175.0,995.72
ORD-17009,2023-11-26,Home Office,East,Office Supplies,Storage,Storage Box,2,0.05,1710.0,403.26
ORD-17010,2023-03-24,Corporate,West,Technology,Phones,Smartphone X,3,0,54000,6420.14
ORD-17011,2023-12-21,Home Office,South,Office Supplies,Paper,A4 Paper Pack,4,0.1,1260.0,351.42
ORD-17012,2024-07-02,Consumer,West,Technology,Machines,Laser Printer,3,0.1,24300.0,1230.61
ORD-17013,2023-03-01,Corporate,North,Office Supplies,Paper,A4 Paper Pack,4,0,1400,470.78
ORD-17014,2024-08-20,Home Office,North,Technology,Phones,Smartphone X,5,0,90000,11408.28
ORD-17015,2024-11-09,Corporate,South,Office Supplies,Storage,Storage Box,5,0.2,3600.0,404.02
ORD-17016,2024-02-15,Corporate,West,Office Supplies,Storage,Storage Box,2,0.05,1710.0,422.77
ORD-17017,2024-02-24,Corporate,East,Technology,Accessories,Wireless Earbuds,2,0.2,4000.0,684.37
ORD-17018,2024-07-19,Home Office,West,Office Supplies,Storage,Storage Box,4,0.1,3240.0,642.64
ORD-17019,2024-03-18,Consumer,North,Technology,Phones,Smartphone X,5,0.05,85500.0,9529.6
ORD-17020,2024-12-23,Corporate,North,Furniture,Tables,Standing Desk,1,0.1,10800.0,598.49
ORD-17021,2024-07-04,Corporate,East,Technology,Accessories,Laptop Bag,3,0.1,4860.0,1089.78
ORD-17022,2023-07-15,Consumer,East,Furniture,Tables,Standing Desk,2,0.05,22800.0,781.21
ORD-17023,2023-08-14,Consumer,North,Furniture,Bookcases,Wooden Bookcase,2,0.05,8550.0,1067.53
ORD-17024,2024-03-17,Corporate,East,Furniture,Tables,Standing Desk,4,0.2,38400.0,-1802.93
ORD-17025,2024-10-28,Consumer,North,Office Supplies,Binders,Heavy Binder Set,3,0,1800,557.58
ORD-17026,2024-11-15,Consumer,North,Office Supplies,Paper,A4 Paper Pack,1,0,350,121.07
ORD-17027,2023-06-21,Consumer,North,Office Supplies,Paper,A4 Paper Pack,5,0.1,1575.0,470.52
ORD-17028,2024-02-15,Consumer,West,Furniture,Bookcases,Wooden Bookcase,5,0.05,21375.0,2531.33
ORD-17029,2023-09-27,Home Office,South,Technology,Accessories,Wireless Earbuds,2,0.1,4500.0,1135.46
ORD-17030,2024-09-11,Corporate,West,Technology,Accessories,Laptop Bag,2,0,3600,1121.38
ORD-17031,2024-05-24,Corporate,West,Furniture,Tables,Standing Desk,4,0,48000,3233.24
ORD-17032,2023-02-20,Corporate,West,Office Supplies,Paper,A4 Paper Pack,2,0.05,665.0,207.82
ORD-17033,2023-02-22,Home Office,North,Furniture,Chairs,Ergo Office Chair,2,0.1,11700.0,1303.22
ORD-17034,2023-07-01,Consumer,East,Furniture,Chairs,Ergo Office Chair,2,0.2,10400.0,873.08
ORD-17035,2024-05-19,Home Office,East,Technology,Accessories,Laptop Bag,5,0.05,8550.0,2344.86
ORD-17036,2023-10-27,Consumer,East,Furniture,Bookcases,Wooden Bookcase,3,0.1,12150.0,1080.39
ORD-17037,2023-06-19,Home Office,East,Furniture,Tables,Standing Desk,3,0,36000,4513.32
ORD-17038,2023-08-04,Consumer,North,Technology,Machines,Laser Printer,1,0.2,7200.0,-20.12
ORD-17039,2024-10-28,Home Office,South,Technology,Phones,Smartphone X,1,0.2,14400.0,-84.52
ORD-17040,2024-10-23,Consumer,South,Office Supplies,Storage,Storage Box,2,0.1,1620.0,244.19
ORD-17041,2024-08-31,Corporate,East,Furniture,Bookcases,Wooden Bookcase,2,0.05,8550.0,903.8
ORD-17042,2023-10-25,Consumer,North,Office Supplies,Paper,A4 Paper Pack,5,0.05,1662.5,545.12
ORD-17043,2024-03-17,Corporate,South,Furniture,Chairs,Ergo Office Chair,2,0,13000,2637.06
ORD-17044,2024-08-18,Home Office,West,Technology,Phones,Smartphone X,3,0,54000,9408.32
ORD-17045,2023-09-03,Corporate,North,Furniture,Tables,Standing Desk,2,0.05,22800.0,1455.83
ORD-17046,2024-04-24,Home Office,South,Technology,Machines,Laser Printer,4,0.05,34200.0,3937.58
ORD-17047,2024-08-17,Home Office,East,Furniture,Chairs,Ergo Office Chair,2,0,13000,2273.33
ORD-17048,2024-10-28,Corporate,West,Technology,Phones,Smartphone X,1,0.1,16200.0,995.01
ORD-17049,2023-10-21,Home Office,South,Office Supplies,Paper,A4 Paper Pack,1,0.05,332.5,116.21
ORD-17050,2024-10-14,Consumer,North,Furniture,Bookcases,Wooden Bookcase,1,0.2,3600.0,83.35
ORD-17051,2023-06-10,Corporate,South,Office Supplies,Storage,Storage Box,3,0,2700,704.44
ORD-17052,2024-05-07,Home Office,West,Office Supplies,Paper,A4 Paper Pack,3,0,1050,343.3
ORD-17053,2023-10-05,Consumer,North,Furniture,Bookcases,Wooden Bookcase,3,0.05,12825.0,1793.21
ORD-17054,2023-06-15,Corporate,South,Office Supplies,Storage,Storage Box,3,0.2,2160.0,363.54
ORD-17055,2023-11-18,Home Office,South,Furniture,Tables,Standing Desk,1,0,12000,1557.78
ORD-17056,2024-06-03,Home Office,South,Office Supplies,Storage,Storage Box,5,0,4500,1266.34
ORD-17057,2024-09-03,Consumer,East,Furniture,Chairs,Ergo Office Chair,3,0.2,15600.0,639.16
ORD-17058,2024-04-07,Corporate,North,Office Supplies,Paper,A4 Paper Pack,2,0.1,630.0,191.18
ORD-17059,2023-12-30,Home Office,East,Office Supplies,Storage,Storage Box,1,0,900,245.32
ORD-17060,2024-12-10,Corporate,North,Office Supplies,Binders,Heavy Binder Set,3,0,1800,467.26
ORD-17061,2023-12-07,Home Office,East,Furniture,Tables,Standing Desk,5,0,60000,6014.36
ORD-17062,2023-01-14,Corporate,East,Office Supplies,Storage,Storage Box,2,0.2,1440.0,159.6
ORD-17063,2024-07-21,Corporate,North,Office Supplies,Paper,A4 Paper Pack,3,0,1050,336.52
ORD-17064,2024-05-02,Home Office,East,Office Supplies,Paper,A4 Paper Pack,1,0,350,125.98
ORD-17065,2024-07-23,Corporate,South,Office Supplies,Binders,Heavy Binder Set,2,0.2,960.0,148.96
ORD-17066,2024-08-06,Corporate,East,Furniture,Chairs,Ergo Office Chair,1,0,6500,1188.28
ORD-17067,2023-06-21,Consumer,North,Technology,Accessories,Laptop Bag,3,0,5400,1897.36
ORD-17068,2024-05-21,Consumer,South,Furniture,Tables,Standing Desk,1,0,12000,1281.08
ORD-17069,2023-03-22,Consumer,North,Furniture,Bookcases,Wooden Bookcase,1,0.05,4275.0,533.59
ORD-17070,2024-10-12,Consumer,South,Furniture,Bookcases,Wooden Bookcase,2,0.1,8100.0,422.48
ORD-17071,2024-07-14,Corporate,South,Furniture,Chairs,Ergo Office Chair,2,0.2,10400.0,726.13
ORD-17072,2023-01-19,Corporate,West,Furniture,Bookcases,Wooden Bookcase,3,0.2,10800.0,209.68
ORD-17073,2024-08-28,Corporate,East,Office Supplies,Storage,Storage Box,3,0.1,2430.0,461.28
ORD-17074,2024-06-24,Consumer,South,Office Supplies,Binders,Heavy Binder Set,5,0.2,2400.0,330.17
ORD-17075,2024-03-18,Home Office,East,Furniture,Tables,Standing Desk,2,0,24000,1496.61
ORD-17076,2023-03-01,Corporate,West,Office Supplies,Storage,Storage Box,5,0.1,4050.0,722.03
ORD-17077,2024-01-24,Home Office,East,Technology,Machines,Laser Printer,5,0,45000,6043.87
ORD-17078,2023-12-20,Consumer,North,Office Supplies,Storage,Storage Box,2,0.1,1620.0,300.76
ORD-17079,2024-05-17,Corporate,East,Technology,Accessories,Wireless Earbuds,5,0.1,11250.0,2756.21
ORD-17080,2023-10-28,Corporate,South,Technology,Phones,Smartphone X,4,0,72000,9166.88
ORD-17081,2024-05-07,Consumer,West,Office Supplies,Paper,A4 Paper Pack,4,0,1400,534.35
ORD-17082,2023-03-16,Corporate,East,Office Supplies,Storage,Storage Box,5,0.05,4275.0,891.48
ORD-17083,2023-02-10,Consumer,West,Technology,Accessories,Laptop Bag,5,0,9000,2998.46
ORD-17084,2023-09-14,Home Office,North,Technology,Machines,Laser Printer,1,0,9000,1008.28
ORD-17085,2024-10-16,Corporate,East,Furniture,Tables,Standing Desk,2,0.1,21600.0,36.06
ORD-17086,2024-11-07,Consumer,North,Furniture,Tables,Standing Desk,4,0.05,45600.0,2061.64
ORD-17087,2023-04-22,Consumer,North,Furniture,Tables,Standing Desk,3,0,36000,4124.35
ORD-17088,2024-02-26,Home Office,North,Technology,Accessories,Wireless Earbuds,5,0.2,10000.0,1899.31
ORD-17089,2023-04-01,Corporate,South,Technology,Machines,Laser Printer,1,0,9000,1265.27
ORD-17090,2024-03-24,Corporate,South,Technology,Accessories,Wireless Earbuds,4,0.1,9000.0,2379.94
ORD-17091,2024-10-20,Corporate,West,Technology,Accessories,Wireless Earbuds,4,0.05,9500.0,2688.34
ORD-17092,2023-02-19,Corporate,South,Technology,Phones,Smartphone X,4,0.2,57600.0,1489.03
ORD-17093,2023-11-23,Home Office,North,Office Supplies,Paper,A4 Paper Pack,3,0,1050,408.55
ORD-17094,2024-02-03,Consumer,West,Technology,Accessories,Wireless Earbuds,2,0,5000,1560.57
ORD-17095,2023-03-02,Consumer,North,Office Supplies,Storage,Storage Box,2,0,1800,391.04
ORD-17096,2023-02-14,Corporate,West,Office Supplies,Binders,Heavy Binder Set,3,0,1800,548.26
ORD-17097,2024-06-08,Consumer,East,Furniture,Tables,Standing Desk,2,0,24000,2495.69
ORD-17098,2023-04-22,Consumer,South,Furniture,Chairs,Ergo Office Chair,1,0.05,6175.0,921.67
ORD-17099,2024-09-21,Corporate,West,Furniture,Tables,Standing Desk,4,0.2,38400.0,-1529.45
ORD-17100,2023-03-28,Corporate,South,Office Supplies,Paper,A4 Paper Pack,1,0.05,332.5,94.73
ORD-17101,2023-12-26,Consumer,North,Office Supplies,Binders,Heavy Binder Set,5,0.1,2700.0,677.28
ORD-17102,2023-07-12,Consumer,North,Office Supplies,Storage,Storage Box,1,0,900,193.32
ORD-17103,2024-01-04,Home Office,North,Furniture,Tables,Standing Desk,4,0.1,43200.0,2799.19
ORD-17104,2024-06-19,Corporate,East,Technology,Accessories,Wireless Earbuds,4,0,10000,3187.88
ORD-17105,2023-12-08,Corporate,East,Office Supplies,Paper,A4 Paper Pack,3,0.1,945.0,283.86
ORD-17106,2023-11-28,Home Office,West,Technology,Phones,Smartphone X,2,0.2,28800.0,-57.79
ORD-17107,2024-10-05,Corporate,North,Furniture,Bookcases,Wooden Bookcase,5,0.2,18000.0,1146.74
ORD-17108,2024-09-08,Home Office,South,Technology,Phones,Smartphone X,5,0.1,81000.0,7880.51
ORD-17109,2024-07-01,Corporate,East,Office Supplies,Binders,Heavy Binder Set,5,0,3000,849.58
ORD-17110,2023-05-02,Consumer,South,Technology,Phones,Smartphone X,5,0,90000,11080.89
ORD-17111,2023-07-18,Home Office,South,Furniture,Chairs,Ergo Office Chair,1,0,6500,1228.17
ORD-17112,2023-01-20,Corporate,West,Office Supplies,Binders,Heavy Binder Set,1,0,600,145.13
ORD-17113,2023-09-20,Home Office,West,Furniture,Tables,Standing Desk,4,0,48000,3656.91
ORD-17114,2024-08-17,Corporate,North,Technology,Accessories,Wireless Earbuds,4,0,10000,3023.2
ORD-17115,2023-03-20,Corporate,South,Technology,Machines,Laser Printer,2,0,18000,1717.14
ORD-17116,2023-03-09,Consumer,North,Technology,Machines,Laser Printer,4,0,36000,4853.25
ORD-17117,2024-07-31,Consumer,West,Furniture,Tables,Standing Desk,5,0.2,48000.0,917.91
ORD-17118,2024-10-12,Home Office,North,Technology,Accessories,Wireless Earbuds,1,0,2500,804.35
ORD-17119,2023-08-16,Home Office,West,Furniture,Chairs,Ergo Office Chair,1,0.05,6175.0,1164.15
ORD-17120,2024-11-09,Consumer,West,Technology,Machines,Laser Printer,1,0,9000,816.15
ORD-17121,2024-01-13,Home Office,West,Technology,Phones,Smartphone X,5,0.1,81000.0,9071.89
ORD-17122,2024-12-31,Corporate,South,Office Supplies,Paper,A4 Paper Pack,2,0,700,224.21
ORD-17123,2024-11-16,Consumer,North,Office Supplies,Binders,Heavy Binder Set,2,0.2,960.0,149.88
ORD-17124,2023-11-29,Home Office,West,Technology,Phones,Smartphone X,4,0.1,64800.0,4719.52
ORD-17125,2023-07-25,Consumer,East,Furniture,Tables,Standing Desk,1,0,12000,1173.75
ORD-17126,2024-10-08,Consumer,West,Furniture,Tables,Standing Desk,4,0.1,43200.0,1967.4
ORD-17127,2023-08-08,Corporate,West,Technology,Machines,Laser Printer,3,0,27000,2845.82
ORD-17128,2024-01-30,Consumer,East,Technology,Accessories,Laptop Bag,4,0.2,5760.0,1143.88
ORD-17129,2023-03-08,Home Office,South,Office Supplies,Paper,A4 Paper Pack,1,0,350,128.8
ORD-17130,2024-04-28,Consumer,East,Technology,Phones,Smartphone X,1,0,18000,2773.95
ORD-17131,2024-06-09,Corporate,North,Technology,Phones,Smartphone X,4,0.2,57600.0,2583.79
ORD-17132,2024-04-01,Home Office,East,Office Supplies,Paper,A4 Paper Pack,2,0,700,229.52
ORD-17133,2023-12-24,Corporate,North,Office Supplies,Binders,Heavy Binder Set,2,0,1200,356.9
ORD-17134,2024-06-01,Home Office,South,Furniture,Bookcases,Wooden Bookcase,5,0.2,18000.0,316.18
ORD-17135,2023-06-22,Home Office,North,Office Supplies,Storage,Storage Box,3,0,2700,652.01
ORD-17136,2023-11-18,Home Office,West,Office Supplies,Storage,Storage Box,5,0,4500,1060.53
ORD-17137,2023-10-24,Corporate,North,Furniture,Chairs,Ergo Office Chair,1,0.1,5850.0,718.45
ORD-17138,2024-04-14,Home Office,South,Furniture,Chairs,Ergo Office Chair,3,0,19500,3157.61
ORD-17139,2023-10-30,Home Office,West,Furniture,Bookcases,Wooden Bookcase,4,0.1,16200.0,889.36
ORD-17140,2023-11-23,Home Office,East,Furniture,Chairs,Ergo Office Chair,3,0.05,18525.0,2252.6
ORD-17141,2023-03-12,Home Office,West,Office Supplies,Paper,A4 Paper Pack,4,0.05,1330.0,387.75
ORD-17142,2024-07-03,Corporate,East,Furniture,Chairs,Ergo Office Chair,1,0.1,5850.0,658.51
ORD-17143,2023-04-09,Home Office,East,Furniture,Chairs,Ergo Office Chair,2,0.05,12350.0,1880.43
ORD-17144,2024-01-18,Consumer,East,Technology,Phones,Smartphone X,5,0.2,72000.0,4031.25
ORD-17145,2023-03-20,Home Office,East,Technology,Machines,Laser Printer,5,0.2,36000.0,256.99
ORD-17146,2023-09-19,Corporate,South,Office Supplies,Storage,Storage Box,2,0.05,1710.0,326.93
ORD-17147,2023-06-17,Home Office,West,Technology,Machines,Laser Printer,3,0.1,24300.0,672.97
ORD-17148,2023-10-21,Consumer,West,Office Supplies,Paper,A4 Paper Pack,2,0,700,217.39
ORD-17149,2024-12-14,Home Office,South,Furniture,Tables,Standing Desk,3,0.05,34200.0,2189.69
ORD-17150,2024-09-20,Corporate,East,Technology,Machines,Laser Printer,3,0.05,25650.0,3016.04
ORD-17151,2024-11-21,Corporate,East,Technology,Accessories,Wireless Earbuds,4,0.1,9000.0,1928.14
ORD-17152,2023-02-24,Consumer,East,Technology,Accessories,Wireless Earbuds,2,0,5000,1575.07
ORD-17153,2023-09-04,Corporate,North,Office Supplies,Binders,Heavy Binder Set,1,0.2,480.0,81.65
ORD-17154,2024-04-04,Home Office,North,Furniture,Bookcases,Wooden Bookcase,4,0,18000,2963.45
ORD-17155,2023-12-22,Corporate,North,Office Supplies,Paper,A4 Paper Pack,3,0.1,945.0,271.0
ORD-17156,2023-06-19,Consumer,West,Furniture,Chairs,Ergo Office Chair,1,0,6500,1147.19
ORD-17157,2024-01-28,Home Office,South,Furniture,Chairs,Ergo Office Chair,2,0,13000,2450.91
ORD-17158,2024-04-13,Home Office,North,Technology,Machines,Laser Printer,3,0,27000,2433.88
ORD-17159,2023-10-16,Corporate,North,Technology,Phones,Smartphone X,2,0,36000,5923.95
ORD-17160,2023-12-23,Corporate,North,Furniture,Bookcases,Wooden Bookcase,3,0.05,12825.0,1135.4
ORD-17161,2023-03-19,Corporate,West,Technology,Accessories,Laptop Bag,1,0,1800,598.19
ORD-17162,2024-10-01,Home Office,South,Technology,Accessories,Laptop Bag,1,0.2,1440.0,249.92
ORD-17163,2024-11-21,Home Office,North,Furniture,Bookcases,Wooden Bookcase,5,0,22500,2982.12
ORD-17164,2024-05-11,Corporate,West,Technology,Machines,Laser Printer,4,0.05,34200.0,1911.06
ORD-17165,2024-05-28,Corporate,South,Furniture,Bookcases,Wooden Bookcase,4,0.2,14400.0,434.19
ORD-17166,2024-09-03,Corporate,East,Technology,Accessories,Laptop Bag,1,0.1,1620.0,368.86
ORD-17167,2023-07-23,Consumer,South,Technology,Accessories,Laptop Bag,3,0,5400,1906.05
ORD-17168,2023-01-22,Home Office,North,Office Supplies,Storage,Storage Box,5,0.2,3600.0,370.07
ORD-17169,2024-09-29,Corporate,East,Furniture,Tables,Standing Desk,1,0.1,10800.0,533.71
ORD-17170,2024-02-12,Consumer,West,Furniture,Tables,Standing Desk,1,0,12000,1386.75
ORD-17171,2023-11-08,Home Office,West,Furniture,Bookcases,Wooden Bookcase,2,0.05,8550.0,1121.73
ORD-17172,2024-12-09,Corporate,East,Office Supplies,Storage,Storage Box,1,0,900,206.14
ORD-17173,2023-11-08,Corporate,North,Office Supplies,Paper,A4 Paper Pack,1,0,350,124.02
ORD-17174,2024-05-07,Consumer,South,Technology,Accessories,Wireless Earbuds,5,0.1,11250.0,2710.31
ORD-17175,2023-01-01,Home Office,West,Furniture,Bookcases,Wooden Bookcase,2,0.05,8550.0,1052.05
ORD-17176,2024-10-01,Home Office,South,Office Supplies,Binders,Heavy Binder Set,2,0.2,960.0,165.55
ORD-17177,2023-02-08,Home Office,North,Furniture,Chairs,Ergo Office Chair,1,0.05,6175.0,714.09
ORD-17178,2024-10-25,Consumer,South,Office Supplies,Paper,A4 Paper Pack,5,0.2,1400.0,285.05
ORD-17179,2024-10-07,Corporate,South,Technology,Accessories,Laptop Bag,4,0.05,6840.0,2226.97
ORD-17180,2023-03-26,Home Office,North,Furniture,Tables,Standing Desk,1,0,12000,1537.17
ORD-17181,2024-12-15,Home Office,South,Office Supplies,Storage,Storage Box,1,0.05,855.0,154.08
ORD-17182,2023-12-01,Home Office,East,Technology,Machines,Laser Printer,5,0.2,36000.0,-960.01
ORD-17183,2024-09-19,Home Office,South,Technology,Machines,Laser Printer,5,0.05,42750.0,2878.48
ORD-17184,2023-08-19,Home Office,West,Technology,Machines,Laser Printer,4,0,36000,4491.2
ORD-17185,2024-04-19,Consumer,North,Furniture,Tables,Standing Desk,5,0,60000,5285.51
ORD-17186,2024-03-23,Home Office,East,Furniture,Chairs,Ergo Office Chair,2,0,13000,2197.77
ORD-17187,2023-12-02,Corporate,South,Technology,Machines,Laser Printer,5,0.2,36000.0,-803.33
ORD-17188,2024-04-21,Home Office,North,Technology,Accessories,Laptop Bag,1,0.05,1710.0,438.67
ORD-17189,2023-09-21,Home Office,South,Office Supplies,Storage,Storage Box,4,0,3600,815.89
ORD-17190,2024-03-06,Home Office,North,Technology,Accessories,Wireless Earbuds,3,0.2,6000.0,1120.89
ORD-17191,2024-12-18,Home Office,East,Technology,Accessories,Laptop Bag,3,0,5400,1697.15
ORD-17192,2024-04-06,Home Office,North,Technology,Machines,Laser Printer,1,0,9000,1054.23
ORD-17193,2023-07-26,Home Office,North,Furniture,Tables,Standing Desk,5,0,60000,7486.05
ORD-17194,2023-12-14,Home Office,East,Technology,Machines,Laser Printer,5,0,45000,4813.87
ORD-17195,2024-01-28,Consumer,South,Office Supplies,Binders,Heavy Binder Set,3,0.1,1620.0,324.97
ORD-17196,2023-11-08,Home Office,North,Office Supplies,Storage,Storage Box,5,0.05,4275.0,888.04
ORD-17197,2024-12-18,Home Office,North,Office Supplies,Binders,Heavy Binder Set,2,0,1200,367.51
ORD-17198,2023-09-25,Corporate,South,Technology,Phones,Smartphone X,1,0.1,16200.0,1818.86
ORD-17199,2024-12-07,Home Office,South,Furniture,Bookcases,Wooden Bookcase,4,0,18000,2967.28
ORD-17200,2023-09-06,Home Office,East,Furniture,Bookcases,Wooden Bookcase,4,0.1,16200.0,841.74
ORD-17201,2023-11-11,Home Office,North,Technology,Accessories,Laptop Bag,1,0,1800,518.97
ORD-17202,2023-04-06,Consumer,East,Furniture,Chairs,Ergo Office Chair,4,0,26000,4208.25
ORD-17203,2024-04-01,Consumer,East,Furniture,Tables,Standing Desk,4,0.2,38400.0,-2189.81
ORD-17204,2023-03-29,Consumer,East,Technology,Phones,Smartphone X,4,0.2,57600.0,914.56
ORD-17205,2024-05-26,Corporate,West,Office Supplies,Paper,A4 Paper Pack,1,0.1,315.0,102.41
ORD-17206,2024-10-23,Corporate,West,Furniture,Tables,Standing Desk,5,0.05,57000.0,3918.85
ORD-17207,2023-07-02,Consumer,North,Technology,Phones,Smartphone X,5,0,90000,11399.76
ORD-17208,2024-11-24,Corporate,South,Technology,Accessories,Wireless Earbuds,1,0,2500,793.22
ORD-17209,2023-07-20,Consumer,North,Office Supplies,Binders,Heavy Binder Set,3,0.2,1440.0,261.54
ORD-17210,2024-08-28,Consumer,North,Technology,Machines,Laser Printer,1,0.2,7200.0,-199.31
ORD-17211,2023-08-26,Consumer,West,Technology,Accessories,Laptop Bag,4,0,7200,2279.05
ORD-17212,2024-12-27,Corporate,East,Technology,Machines,Laser Printer,5,0.05,42750.0,3430.76
ORD-17213,2024-06-20,Home Office,East,Furniture,Bookcases,Wooden Bookcase,2,0,9000,1356.42
ORD-17214,2024-11-21,Corporate,West,Office Supplies,Storage,Storage Box,3,0,2700,723.54
ORD-17215,2023-07-20,Corporate,East,Office Supplies,Storage,Storage Box,4,0.1,3240.0,529.49
ORD-17216,2024-10-08,Consumer,North,Office Supplies,Storage,Storage Box,4,0,3600,820.56
ORD-17217,2023-05-13,Corporate,South,Furniture,Bookcases,Wooden Bookcase,3,0.05,12825.0,1683.74
ORD-17218,2023-06-29,Home Office,East,Office Supplies,Binders,Heavy Binder Set,5,0.1,2700.0,561.41
ORD-17219,2024-04-12,Corporate,North,Office Supplies,Storage,Storage Box,3,0,2700,665.31
ORD-17220,2024-05-22,Home Office,West,Furniture,Tables,Standing Desk,3,0,36000,3107.35
ORD-17221,2023-06-09,Corporate,North,Furniture,Chairs,Ergo Office Chair,4,0,26000,4528.99
ORD-17222,2024-09-22,Consumer,South,Office Supplies,Storage,Storage Box,1,0.1,810.0,147.02
ORD-17223,2024-01-27,Corporate,East,Office Supplies,Binders,Heavy Binder Set,3,0.2,1440.0,243.86
ORD-17224,2023-05-03,Consumer,South,Technology,Accessories,Laptop Bag,5,0,9000,2998.92
ORD-17225,2023-08-06,Corporate,North,Technology,Accessories,Laptop Bag,5,0.05,8550.0,2716.95
ORD-17226,2023-03-02,Corporate,West,Technology,Phones,Smartphone X,1,0.2,14400.0,510.96
ORD-17227,2023-08-10,Home Office,North,Furniture,Chairs,Ergo Office Chair,4,0,26000,5366.03
ORD-17228,2024-10-02,Consumer,East,Office Supplies,Storage,Storage Box,3,0.1,2430.0,394.68
ORD-17229,2023-06-17,Home Office,South,Office Supplies,Paper,A4 Paper Pack,5,0,1750,608.35
ORD-17230,2024-12-11,Home Office,South,Furniture,Tables,Standing Desk,4,0.05,45600.0,3911.54
ORD-17231,2024-06-11,Consumer,West,Office Supplies,Paper,A4 Paper Pack,1,0.05,332.5,109.91
ORD-17232,2024-08-17,Home Office,North,Office Supplies,Paper,A4 Paper Pack,3,0.2,840.0,180.86
ORD-17233,2024-01-31,Corporate,South,Furniture,Chairs,Ergo Office Chair,1,0.1,5850.0,661.87
ORD-17234,2024-06-19,Consumer,East,Office Supplies,Binders,Heavy Binder Set,5,0.2,2400.0,294.97
ORD-17235,2023-05-26,Corporate,West,Technology,Accessories,Wireless Earbuds,2,0.05,4750.0,1100.04
ORD-17236,2023-08-13,Home Office,East,Technology,Machines,Laser Printer,5,0,45000,6935.17
ORD-17237,2024-01-29,Home Office,North,Office Supplies,Binders,Heavy Binder Set,4,0.1,2160.0,444.27
ORD-17238,2024-04-15,Corporate,South,Office Supplies,Paper,A4 Paper Pack,5,0,1750,574.3
ORD-17239,2023-11-29,Consumer,East,Furniture,Chairs,Ergo Office Chair,1,0.1,5850.0,793.22
ORD-17240,2024-03-02,Home Office,East,Furniture,Tables,Standing Desk,1,0,12000,1427.11
ORD-17241,2023-09-04,Home Office,North,Technology,Machines,Laser Printer,2,0,18000,2607.71
ORD-17242,2024-12-08,Corporate,North,Technology,Machines,Laser Printer,3,0,27000,2849.59
ORD-17243,2024-11-05,Consumer,East,Office Supplies,Paper,A4 Paper Pack,2,0.2,560.0,127.24
ORD-17244,2023-03-19,Corporate,South,Furniture,Tables,Standing Desk,5,0,60000,6068.76
ORD-17245,2023-04-11,Corporate,North,Technology,Phones,Smartphone X,2,0,36000,3886.95
ORD-17246,2023-04-08,Home Office,West,Technology,Accessories,Wireless Earbuds,1,0.05,2375.0,546.8
ORD-17247,2023-10-17,Home Office,West,Furniture,Tables,Standing Desk,3,0,36000,2757.97
ORD-17248,2023-01-02,Corporate,East,Office Supplies,Paper,A4 Paper Pack,2,0,700,257.58
ORD-17249,2023-02-25,Home Office,West,Office Supplies,Paper,A4 Paper Pack,2,0.1,630.0,198.06
ORD-17250,2023-01-29,Home Office,North,Technology,Machines,Laser Printer,3,0,27000,2364.42
ORD-17251,2023-07-22,Home Office,South,Furniture,Chairs,Ergo Office Chair,3,0,19500,3470.76
ORD-17252,2024-05-07,Home Office,East,Office Supplies,Storage,Storage Box,3,0,2700,623.86
ORD-17253,2024-01-28,Consumer,South,Technology,Machines,Laser Printer,4,0,36000,4704.48
ORD-17254,2023-09-08,Corporate,East,Office Supplies,Binders,Heavy Binder Set,2,0,1200,312.62
ORD-17255,2024-08-16,Consumer,South,Furniture,Chairs,Ergo Office Chair,1,0.05,6175.0,1121.32
ORD-17256,2024-03-26,Home Office,South,Technology,Phones,Smartphone X,3,0,54000,8234.02
ORD-17257,2023-12-14,Corporate,North,Technology,Machines,Laser Printer,2,0,18000,1514.17
ORD-17258,2024-07-08,Corporate,East,Office Supplies,Paper,A4 Paper Pack,5,0.2,1400.0,291.25
ORD-17259,2024-11-28,Home Office,North,Office Supplies,Paper,A4 Paper Pack,2,0.1,630.0,176.18
ORD-17260,2024-01-20,Home Office,West,Technology,Machines,Laser Printer,5,0,45000,6778.66
ORD-17261,2023-08-12,Corporate,East,Office Supplies,Paper,A4 Paper Pack,5,0.1,1575.0,399.09
ORD-17262,2023-12-24,Home Office,South,Furniture,Chairs,Ergo Office Chair,2,0.1,11700.0,939.09
ORD-17263,2023-10-29,Consumer,East,Office Supplies,Paper,A4 Paper Pack,1,0.1,315.0,95.73
ORD-17264,2023-07-09,Corporate,North,Furniture,Bookcases,Wooden Bookcase,1,0,4500,658.79
ORD-17265,2023-09-08,Home Office,North,Office Supplies,Paper,A4 Paper Pack,3,0,1050,368.83
ORD-17266,2024-04-19,Corporate,South,Furniture,Bookcases,Wooden Bookcase,5,0.05,21375.0,3193.45
ORD-17267,2023-05-04,Consumer,North,Technology,Machines,Laser Printer,3,0,27000,2251.0
ORD-17268,2023-02-16,Consumer,West,Furniture,Chairs,Ergo Office Chair,1,0.1,5850.0,517.16
ORD-17269,2024-09-22,Corporate,South,Office Supplies,Binders,Heavy Binder Set,1,0.2,480.0,90.15
ORD-17270,2023-09-13,Consumer,North,Technology,Accessories,Wireless Earbuds,1,0,2500,846.41
ORD-17271,2024-12-15,Consumer,South,Technology,Machines,Laser Printer,5,0.05,42750.0,2509.63
ORD-17272,2023-04-29,Consumer,East,Office Supplies,Paper,A4 Paper Pack,1,0,350,108.56
ORD-17273,2024-11-14,Home Office,South,Furniture,Tables,Standing Desk,2,0,24000,1941.6
ORD-17274,2023-05-09,Consumer,North,Furniture,Chairs,Ergo Office Chair,1,0,6500,1030.35
ORD-17275,2023-01-12,Home Office,South,Technology,Accessories,Wireless Earbuds,2,0,5000,1479.04
ORD-17276,2024-02-03,Consumer,West,Technology,Machines,Laser Printer,3,0.2,21600.0,-456.55
ORD-17277,2024-02-20,Home Office,East,Furniture,Chairs,Ergo Office Chair,3,0,19500,3913.93
ORD-17278,2024-12-13,Corporate,East,Technology,Accessories,Wireless Earbuds,4,0.05,9500.0,2324.68
ORD-17279,2023-10-31,Home Office,West,Office Supplies,Binders,Heavy Binder Set,4,0,2400,586.75
ORD-17280,2023-12-04,Corporate,North,Furniture,Bookcases,Wooden Bookcase,2,0.05,8550.0,731.27
ORD-17281,2024-02-09,Corporate,South,Technology,Phones,Smartphone X,4,0,72000,10641.11
ORD-17282,2024-10-22,Consumer,North,Furniture,Chairs,Ergo Office Chair,4,0,26000,3908.03
ORD-17283,2024-06-15,Consumer,West,Furniture,Bookcases,Wooden Bookcase,4,0.05,17100.0,2516.46
ORD-17284,2023-02-21,Corporate,East,Furniture,Chairs,Ergo Office Chair,4,0,26000,4862.42
ORD-17285,2024-08-22,Corporate,South,Office Supplies,Storage,Storage Box,5,0.05,4275.0,1011.53
ORD-17286,2024-02-03,Consumer,North,Technology,Machines,Laser Printer,3,0,27000,4204.1
ORD-17287,2023-07-29,Consumer,South,Technology,Machines,Laser Printer,5,0,45000,4196.71
ORD-17288,2023-05-28,Corporate,South,Technology,Accessories,Wireless Earbuds,2,0.1,4500.0,1237.97
ORD-17289,2024-06-16,Corporate,South,Furniture,Chairs,Ergo Office Chair,3,0.1,17550.0,2800.13
ORD-17290,2023-12-22,Consumer,North,Technology,Phones,Smartphone X,5,0.2,72000.0,237.71
ORD-17291,2024-12-31,Consumer,South,Furniture,Tables,Standing Desk,1,0,12000,1019.04
ORD-17292,2024-03-09,Home Office,North,Technology,Machines,Laser Printer,3,0,27000,2997.8
ORD-17293,2024-01-18,Home Office,East,Technology,Accessories,Laptop Bag,2,0.1,3240.0,895.86
ORD-17294,2023-01-27,Home Office,South,Office Supplies,Paper,A4 Paper Pack,2,0.2,560.0,149.65
ORD-17295,2023-05-28,Consumer,East,Office Supplies,Binders,Heavy Binder Set,3,0,1800,482.75
ORD-17296,2024-02-10,Home Office,East,Furniture,Chairs,Ergo Office Chair,2,0.2,10400.0,642.54
ORD-17297,2024-08-04,Consumer,East,Technology,Accessories,Wireless Earbuds,5,0,12500,3590.35
ORD-17298,2023-09-13,Home Office,South,Office Supplies,Binders,Heavy Binder Set,3,0.1,1620.0,336.39
ORD-17299,2023-09-17,Home Office,South,Office Supplies,Binders,Heavy Binder Set,2,0,1200,305.46
ORD-17300,2023-01-11,Consumer,West,Office Supplies,Binders,Heavy Binder Set,1,0.1,540.0,115.4
ORD-17301,2024-03-18,Corporate,East,Furniture,Tables,Standing Desk,5,0,60000,5490.32
ORD-17302,2023-12-09,Corporate,South,Furniture,Bookcases,Wooden Bookcase,2,0.2,7200.0,284.99
ORD-17303,2024-06-29,Corporate,South,Office Supplies,Paper,A4 Paper Pack,3,0,1050,372.2
ORD-17304,2024-05-04,Consumer,East,Technology,Machines,Laser Printer,4,0.2,28800.0,-1150.44
ORD-17305,2024-08-28,Consumer,North,Furniture,Bookcases,Wooden Bookcase,3,0.2,10800.0,-18.75
ORD-17306,2024-10-20,Home Office,East,Furniture,Bookcases,Wooden Bookcase,3,0.2,10800.0,246.65
ORD-17307,2024-12-17,Corporate,North,Technology,Machines,Laser Printer,4,0.2,28800.0,-211.61
ORD-17308,2024-08-03,Home Office,West,Technology,Accessories,Laptop Bag,3,0,5400,1831.23
ORD-17309,2023-08-16,Corporate,South,Technology,Phones,Smartphone X,2,0,36000,4821.97
ORD-17310,2024-09-14,Corporate,East,Furniture,Bookcases,Wooden Bookcase,2,0.2,7200.0,17.79
ORD-17311,2023-07-23,Corporate,South,Furniture,Chairs,Ergo Office Chair,2,0.05,12350.0,1984.81
ORD-17312,2023-08-13,Consumer,East,Technology,Phones,Smartphone X,2,0.05,34200.0,2588.79
ORD-17313,2023-05-23,Home Office,West,Technology,Accessories,Wireless Earbuds,1,0.1,2250.0,461.69
ORD-17314,2024-01-26,Home Office,North,Technology,Phones,Smartphone X,5,0.2,72000.0,663.3
ORD-17315,2024-07-05,Corporate,East,Technology,Machines,Laser Printer,2,0,18000,1675.34
ORD-17316,2024-03-06,Corporate,West,Furniture,Tables,Standing Desk,4,0.1,43200.0,1602.0
ORD-17317,2024-04-23,Corporate,South,Office Supplies,Paper,A4 Paper Pack,3,0,1050,339.22
ORD-17318,2023-01-28,Consumer,North,Technology,Phones,Smartphone X,4,0.1,64800.0,3003.25
ORD-17319,2024-06-24,Corporate,North,Technology,Accessories,Wireless Earbuds,2,0,5000,1699.82
ORD-17320,2023-10-06,Home Office,West,Technology,Accessories,Laptop Bag,3,0,5400,1557.27
ORD-17321,2023-08-19,Home Office,North,Technology,Accessories,Laptop Bag,1,0,1800,544.24
ORD-17322,2024-09-02,Home Office,North,Technology,Phones,Smartphone X,4,0,72000,11224.12
ORD-17323,2024-06-23,Corporate,South,Furniture,Tables,Standing Desk,5,0,60000,8396.12
ORD-17324,2023-01-13,Consumer,South,Office Supplies,Paper,A4 Paper Pack,3,0,1050,400.11
ORD-17325,2023-02-25,Home Office,South,Office Supplies,Binders,Heavy Binder Set,1,0.2,480.0,90.14
ORD-17326,2023-02-26,Corporate,West,Furniture,Bookcases,Wooden Bookcase,3,0,13500,1719.39
ORD-17327,2024-02-07,Corporate,West,Technology,Phones,Smartphone X,4,0.05,68400.0,4872.37
ORD-17328,2024-12-09,Home Office,South,Furniture,Bookcases,Wooden Bookcase,1,0,4500,536.77
ORD-17329,2023-09-17,Corporate,North,Technology,Accessories,Wireless Earbuds,3,0.05,7125.0,1650.73
ORD-17330,2023-07-19,Consumer,North,Technology,Machines,Laser Printer,4,0.05,34200.0,1851.59
ORD-17331,2023-09-15,Corporate,North,Furniture,Chairs,Ergo Office Chair,5,0.05,30875.0,3679.95
ORD-17332,2023-03-30,Consumer,East,Office Supplies,Paper,A4 Paper Pack,2,0.2,560.0,127.5
ORD-17333,2023-06-06,Consumer,West,Furniture,Bookcases,Wooden Bookcase,5,0,22500,2948.84
ORD-17334,2023-03-20,Home Office,West,Office Supplies,Paper,A4 Paper Pack,3,0,1050,378.57
ORD-17335,2023-05-21,Home Office,North,Furniture,Bookcases,Wooden Bookcase,3,0,13500,1616.21
ORD-17336,2023-12-30,Corporate,South,Office Supplies,Binders,Heavy Binder Set,1,0,600,150.99
ORD-17337,2023-08-30,Corporate,South,Technology,Phones,Smartphone X,5,0.2,72000.0,4253.49
ORD-17338,2023-08-14,Consumer,West,Technology,Phones,Smartphone X,5,0.1,81000.0,6071.47
ORD-17339,2024-05-11,Corporate,North,Technology,Machines,Laser Printer,3,0,27000,3915.14
ORD-17340,2023-03-16,Home Office,South,Technology,Phones,Smartphone X,5,0.2,72000.0,2332.16
ORD-17341,2024-07-31,Consumer,North,Technology,Accessories,Laptop Bag,1,0.2,1440.0,326.86
ORD-17342,2024-08-22,Home Office,West,Technology,Accessories,Laptop Bag,5,0,9000,2638.61
ORD-17343,2024-11-22,Home Office,South,Technology,Accessories,Wireless Earbuds,5,0,12500,3911.77
ORD-17344,2024-01-13,Home Office,East,Office Supplies,Binders,Heavy Binder Set,3,0.2,1440.0,181.66
ORD-17345,2024-04-02,Home Office,East,Furniture,Bookcases,Wooden Bookcase,3,0.2,10800.0,57.64
ORD-17346,2024-08-29,Consumer,West,Technology,Machines,Laser Printer,4,0.05,34200.0,2423.0
ORD-17347,2023-07-02,Corporate,North,Office Supplies,Paper,A4 Paper Pack,5,0.05,1662.5,577.2
ORD-17348,2024-10-10,Consumer,South,Technology,Phones,Smartphone X,3,0,54000,9513.48
ORD-17349,2024-05-29,Home Office,West,Office Supplies,Binders,Heavy Binder Set,2,0,1200,306.15
ORD-17350,2023-12-27,Corporate,West,Office Supplies,Binders,Heavy Binder Set,5,0.1,2700.0,536.45
ORD-17351,2023-12-04,Home Office,South,Technology,Accessories,Wireless Earbuds,1,0.05,2375.0,546.83
ORD-17352,2023-07-08,Home Office,East,Technology,Phones,Smartphone X,5,0.1,81000.0,8374.63
ORD-17353,2023-03-04,Corporate,West,Furniture,Chairs,Ergo Office Chair,2,0.2,10400.0,841.96
ORD-17354,2024-02-27,Corporate,West,Technology,Phones,Smartphone X,5,0,90000,13837.2
ORD-17355,2023-03-05,Consumer,East,Office Supplies,Paper,A4 Paper Pack,2,0,700,221.61
ORD-17356,2024-06-24,Corporate,North,Technology,Machines,Laser Printer,4,0.2,28800.0,789.48
ORD-17357,2024-10-12,Consumer,North,Office Supplies,Storage,Storage Box,4,0.1,3240.0,595.71
ORD-17358,2024-09-21,Consumer,North,Technology,Phones,Smartphone X,5,0,90000,9011.85
ORD-17359,2024-07-01,Consumer,West,Technology,Machines,Laser Printer,4,0.05,34200.0,4167.44
ORD-17360,2023-01-16,Consumer,South,Office Supplies,Storage,Storage Box,4,0,3600,1011.74
ORD-17361,2024-08-26,Home Office,West,Technology,Accessories,Laptop Bag,3,0,5400,1680.97
ORD-17362,2024-04-17,Corporate,East,Office Supplies,Binders,Heavy Binder Set,4,0,2400,728.07
ORD-17363,2023-01-15,Consumer,North,Technology,Phones,Smartphone X,1,0,18000,2997.33
ORD-17364,2024-02-06,Corporate,North,Technology,Phones,Smartphone X,4,0.2,57600.0,1713.71
ORD-17365,2024-05-24,Corporate,West,Technology,Accessories,Laptop Bag,5,0,9000,2773.07
ORD-17366,2024-11-13,Corporate,North,Furniture,Tables,Standing Desk,1,0.1,10800.0,495.86
ORD-17367,2024-09-16,Consumer,East,Furniture,Tables,Standing Desk,2,0.05,22800.0,804.08
ORD-17368,2023-01-10,Home Office,North,Technology,Machines,Laser Printer,5,0.2,36000.0,724.58
ORD-17369,2023-11-22,Home Office,North,Technology,Accessories,Wireless Earbuds,5,0,12500,4012.32
ORD-17370,2024-07-01,Corporate,East,Furniture,Tables,Standing Desk,5,0.1,54000.0,909.34
ORD-17371,2024-03-24,Corporate,North,Furniture,Chairs,Ergo Office Chair,2,0,13000,2287.92
ORD-17372,2024-12-14,Consumer,North,Office Supplies,Binders,Heavy Binder Set,4,0.05,2280.0,539.51
ORD-17373,2023-07-29,Home Office,North,Office Supplies,Binders,Heavy Binder Set,3,0.2,1440.0,273.12
ORD-17374,2023-09-07,Consumer,South,Office Supplies,Binders,Heavy Binder Set,3,0.2,1440.0,281.05
ORD-17375,2024-04-01,Corporate,North,Technology,Phones,Smartphone X,5,0,90000,14927.35
ORD-17376,2024-10-30,Corporate,West,Technology,Accessories,Laptop Bag,1,0,1800,565.13
ORD-17377,2023-11-23,Consumer,East,Furniture,Bookcases,Wooden Bookcase,4,0.05,17100.0,2669.67
ORD-17378,2024-11-23,Corporate,East,Furniture,Bookcases,Wooden Bookcase,2,0,9000,1466.2
ORD-17379,2023-06-01,Consumer,North,Technology,Machines,Laser Printer,4,0,36000,4372.19
ORD-17380,2023-12-04,Consumer,North,Technology,Phones,Smartphone X,1,0,18000,2509.31
ORD-17381,2023-03-28,Consumer,East,Furniture,Chairs,Ergo Office Chair,2,0,13000,2342.89
ORD-17382,2024-10-29,Consumer,West,Office Supplies,Paper,A4 Paper Pack,1,0.1,315.0,96.02
ORD-17383,2023-09-19,Corporate,West,Office Supplies,Storage,Storage Box,5,0,4500,985.96
ORD-17384,2023-03-05,Corporate,North,Technology,Phones,Smartphone X,4,0.05,68400.0,6214.72
ORD-17385,2023-07-30,Corporate,North,Technology,Accessories,Laptop Bag,3,0.2,4320.0,923.23
ORD-17386,2023-11-17,Corporate,West,Technology,Machines,Laser Printer,2,0.2,14400.0,-381.43
ORD-17387,2023-04-10,Home Office,North,Technology,Accessories,Wireless Earbuds,1,0,2500,703.71
ORD-17388,2023-05-08,Home Office,East,Office Supplies,Paper,A4 Paper Pack,1,0.2,280.0,72.22
ORD-17389,2024-09-21,Consumer,North,Office Supplies,Paper,A4 Paper Pack,3,0.2,840.0,181.85
ORD-17390,2024-06-05,Corporate,East,Technology,Accessories,Laptop Bag,3,0.05,5130.0,1504.5
ORD-17391,2024-10-07,Home Office,West,Technology,Accessories,Laptop Bag,5,0,9000,3131.86
ORD-17392,2024-12-17,Home Office,North,Furniture,Bookcases,Wooden Bookcase,2,0.1,8100.0,1029.28
ORD-17393,2023-05-13,Consumer,East,Office Supplies,Storage,Storage Box,3,0.1,2430.0,450.21
ORD-17394,2023-08-17,Corporate,South,Furniture,Chairs,Ergo Office Chair,2,0.2,10400.0,770.31
ORD-17395,2023-10-10,Corporate,East,Technology,Phones,Smartphone X,5,0,90000,12687.05
ORD-17396,2023-06-17,Consumer,North,Office Supplies,Binders,Heavy Binder Set,5,0,3000,826.27
ORD-17397,2024-01-23,Consumer,North,Furniture,Chairs,Ergo Office Chair,3,0,19500,3838.35
ORD-17398,2023-04-30,Corporate,South,Technology,Accessories,Laptop Bag,2,0.2,2880.0,573.05
ORD-17399,2024-09-18,Consumer,East,Furniture,Tables,Standing Desk,4,0.2,38400.0,615.96
ORD-17400,2023-02-22,Home Office,North,Technology,Machines,Laser Printer,1,0.05,8550.0,763.99
ORD-17401,2024-08-29,Corporate,West,Technology,Accessories,Laptop Bag,4,0,7200,2067.05
ORD-17402,2024-10-07,Consumer,East,Office Supplies,Storage,Storage Box,5,0.05,4275.0,941.2
ORD-17403,2023-04-08,Home Office,South,Furniture,Bookcases,Wooden Bookcase,4,0,18000,2775.4
ORD-17404,2024-02-13,Consumer,East,Furniture,Bookcases,Wooden Bookcase,3,0.2,10800.0,443.77
ORD-17405,2024-06-16,Home Office,West,Furniture,Bookcases,Wooden Bookcase,1,0.2,3600.0,30.98
ORD-17406,2023-05-26,Corporate,North,Furniture,Chairs,Ergo Office Chair,3,0.05,18525.0,3490.24
ORD-17407,2024-01-18,Consumer,South,Furniture,Tables,Standing Desk,3,0.1,32400.0,1376.5
ORD-17408,2024-03-20,Home Office,South,Office Supplies,Paper,A4 Paper Pack,3,0,1050,340.9
ORD-17409,2024-10-02,Corporate,North,Furniture,Bookcases,Wooden Bookcase,2,0,9000,1335.15
ORD-17410,2024-03-30,Corporate,North,Furniture,Tables,Standing Desk,5,0.2,48000.0,-974.63
ORD-17411,2023-02-26,Consumer,South,Technology,Phones,Smartphone X,5,0.2,72000.0,2967.25
ORD-17412,2024-11-14,Home Office,South,Furniture,Tables,Standing Desk,3,0,36000,2676.52
ORD-17413,2024-03-18,Home Office,South,Furniture,Tables,Standing Desk,3,0,36000,4330.29
ORD-17414,2023-05-30,Home Office,West,Office Supplies,Binders,Heavy Binder Set,5,0.1,2700.0,509.34
ORD-17415,2024-07-09,Corporate,South,Furniture,Tables,Standing Desk,2,0,24000,1485.38
ORD-17416,2024-01-21,Home Office,North,Technology,Machines,Laser Printer,1,0,9000,1148.28
ORD-17417,2024-04-23,Corporate,East,Technology,Phones,Smartphone X,4,0.1,64800.0,4809.73
ORD-17418,2023-09-09,Corporate,West,Technology,Phones,Smartphone X,3,0,54000,9598.18
ORD-17419,2024-08-10,Corporate,South,Office Supplies,Paper,A4 Paper Pack,1,0.2,280.0,58.13
ORD-17420,2023-06-13,Corporate,West,Office Supplies,Paper,A4 Paper Pack,1,0,350,113.56
ORD-17421,2023-07-31,Consumer,East,Furniture,Bookcases,Wooden Bookcase,1,0.05,4275.0,593.23
ORD-17422,2023-11-19,Home Office,South,Technology,Accessories,Wireless Earbuds,3,0.1,6750.0,1825.72
ORD-17423,2024-12-05,Corporate,North,Furniture,Tables,Standing Desk,2,0.05,22800.0,1234.36
ORD-17424,2023-11-24,Corporate,West,Technology,Machines,Laser Printer,4,0.2,28800.0,-318.68
ORD-17425,2023-06-02,Corporate,North,Office Supplies,Paper,A4 Paper Pack,1,0,350,132.87
ORD-17426,2023-03-02,Consumer,North,Furniture,Tables,Standing Desk,1,0.1,10800.0,326.46
ORD-17427,2023-02-16,Home Office,South,Technology,Accessories,Laptop Bag,2,0,3600,1126.75
ORD-17428,2024-10-28,Consumer,West,Furniture,Bookcases,Wooden Bookcase,5,0.2,18000.0,1145.99
ORD-17429,2024-01-16,Corporate,East,Office Supplies,Storage,Storage Box,4,0.05,3420.0,746.53
ORD-17430,2023-01-01,Corporate,East,Furniture,Chairs,Ergo Office Chair,3,0.05,18525.0,3166.9
ORD-17431,2023-03-28,Consumer,South,Furniture,Chairs,Ergo Office Chair,4,0,26000,5010.08
ORD-17432,2024-01-25,Home Office,West,Technology,Machines,Laser Printer,4,0,36000,5177.19
ORD-17433,2024-12-07,Corporate,West,Technology,Machines,Laser Printer,5,0,45000,6887.11
ORD-17434,2023-09-29,Corporate,East,Technology,Machines,Laser Printer,4,0,36000,5073.53
ORD-17435,2023-01-11,Home Office,South,Furniture,Tables,Standing Desk,5,0.2,48000.0,839.61
ORD-17436,2024-03-20,Corporate,East,Furniture,Bookcases,Wooden Bookcase,5,0,22500,3067.62
ORD-17437,2024-04-06,Home Office,East,Technology,Machines,Laser Printer,2,0.2,14400.0,-519.44
ORD-17438,2023-11-20,Corporate,East,Furniture,Bookcases,Wooden Bookcase,3,0,13500,2019.47
ORD-17439,2024-01-04,Home Office,North,Furniture,Chairs,Ergo Office Chair,5,0.2,26000.0,2555.15
ORD-17440,2023-02-21,Home Office,South,Office Supplies,Storage,Storage Box,4,0.05,3420.0,826.96
ORD-17441,2024-09-09,Corporate,South,Technology,Phones,Smartphone X,3,0,54000,7609.43
ORD-17442,2024-10-02,Corporate,South,Office Supplies,Storage,Storage Box,4,0,3600,1001.17
ORD-17443,2023-07-23,Home Office,West,Furniture,Tables,Standing Desk,2,0,24000,1692.39
ORD-17444,2024-10-24,Consumer,East,Furniture,Chairs,Ergo Office Chair,5,0,32500,5357.9
ORD-17445,2023-02-15,Corporate,West,Technology,Accessories,Laptop Bag,3,0.1,4860.0,1366.5
ORD-17446,2024-01-13,Home Office,North,Office Supplies,Paper,A4 Paper Pack,5,0.2,1400.0,373.27
ORD-17447,2024-01-31,Corporate,South,Office Supplies,Binders,Heavy Binder Set,4,0,2400,746.57
ORD-17448,2023-12-24,Corporate,West,Furniture,Tables,Standing Desk,4,0.05,45600.0,1745.93
ORD-17449,2024-02-07,Corporate,North,Furniture,Chairs,Ergo Office Chair,4,0.1,23400.0,2031.26
ORD-17450,2024-09-12,Consumer,West,Office Supplies,Paper,A4 Paper Pack,2,0,700,258.47
ORD-17451,2024-11-16,Corporate,South,Technology,Accessories,Wireless Earbuds,2,0.2,4000.0,728.81
ORD-17452,2023-02-17,Consumer,West,Technology,Phones,Smartphone X,2,0,36000,5239.2
ORD-17453,2023-11-11,Home Office,West,Technology,Accessories,Wireless Earbuds,4,0,10000,2848.57
ORD-17454,2024-03-29,Home Office,West,Office Supplies,Storage,Storage Box,5,0.2,3600.0,490.23
ORD-17455,2023-12-18,Consumer,South,Office Supplies,Paper,A4 Paper Pack,2,0.2,560.0,109.8
ORD-17456,2023-08-23,Corporate,West,Technology,Accessories,Laptop Bag,2,0,3600,1082.2
ORD-17457,2023-11-21,Consumer,East,Office Supplies,Binders,Heavy Binder Set,1,0.05,570.0,158.1
ORD-17458,2024-01-15,Corporate,West,Technology,Accessories,Laptop Bag,3,0.05,5130.0,1532.71
ORD-17459,2024-01-29,Home Office,North,Technology,Machines,Laser Printer,2,0,18000,2875.09
ORD-17460,2024-12-19,Consumer,South,Technology,Phones,Smartphone X,5,0,90000,11104.66
ORD-17461,2024-07-27,Corporate,West,Furniture,Chairs,Ergo Office Chair,3,0,19500,3150.24
ORD-17462,2024-09-07,Home Office,South,Technology,Accessories,Wireless Earbuds,1,0,2500,825.16
ORD-17463,2024-09-26,Corporate,North,Technology,Accessories,Wireless Earbuds,5,0,12500,4076.65
ORD-17464,2023-11-24,Corporate,West,Technology,Accessories,Laptop Bag,1,0.05,1710.0,540.06
ORD-17465,2023-12-13,Consumer,South,Office Supplies,Paper,A4 Paper Pack,5,0,1750,658.24
ORD-17466,2023-03-15,Consumer,South,Office Supplies,Paper,A4 Paper Pack,3,0,1050,345.98
ORD-17467,2023-10-25,Consumer,South,Furniture,Tables,Standing Desk,2,0,24000,2059.0
ORD-17468,2024-12-05,Home Office,South,Furniture,Chairs,Ergo Office Chair,2,0.2,10400.0,971.99
ORD-17469,2024-08-25,Corporate,West,Technology,Accessories,Wireless Earbuds,1,0,2500,682.1
ORD-17470,2023-11-29,Home Office,East,Technology,Accessories,Laptop Bag,1,0,1800,587.42
ORD-17471,2024-09-19,Home Office,West,Office Supplies,Binders,Heavy Binder Set,4,0,2400,620.63
ORD-17472,2023-01-02,Corporate,South,Office Supplies,Paper,A4 Paper Pack,5,0.2,1400.0,347.26
ORD-17473,2023-05-21,Corporate,West,Technology,Accessories,Wireless Earbuds,3,0,7500,2147.85
ORD-17474,2024-08-17,Home Office,South,Furniture,Chairs,Ergo Office Chair,4,0.05,24700.0,3934.37
ORD-17475,2023-11-19,Corporate,East,Office Supplies,Paper,A4 Paper Pack,2,0.05,665.0,219.86
ORD-17476,2024-06-14,Corporate,South,Technology,Accessories,Laptop Bag,5,0,9000,2541.86
ORD-17477,2024-07-08,Home Office,North,Office Supplies,Paper,A4 Paper Pack,4,0,1400,497.23
ORD-17478,2023-10-10,Home Office,East,Technology,Phones,Smartphone X,3,0,54000,9147.81
ORD-17479,2023-04-21,Consumer,East,Technology,Accessories,Laptop Bag,2,0,3600,1033.8
ORD-17480,2023-11-26,Home Office,West,Furniture,Chairs,Ergo Office Chair,3,0,19500,3402.15
ORD-17481,2024-02-01,Consumer,West,Technology,Machines,Laser Printer,1,0.1,8100.0,537.21
ORD-17482,2023-04-11,Consumer,South,Technology,Accessories,Wireless Earbuds,1,0,2500,836.21
ORD-17483,2024-06-17,Home Office,North,Technology,Accessories,Laptop Bag,5,0,9000,2943.02
ORD-17484,2023-03-20,Corporate,West,Technology,Phones,Smartphone X,3,0.1,48600.0,3302.38
ORD-17485,2024-12-21,Consumer,West,Technology,Accessories,Wireless Earbuds,4,0.1,9000.0,2511.08
ORD-17486,2024-01-11,Consumer,North,Furniture,Chairs,Ergo Office Chair,1,0,6500,1288.24
ORD-17487,2024-10-01,Consumer,South,Furniture,Bookcases,Wooden Bookcase,3,0.05,12825.0,1560.35
ORD-17488,2023-03-31,Corporate,West,Furniture,Tables,Standing Desk,2,0,24000,2239.27
ORD-17489,2023-07-16,Consumer,East,Technology,Machines,Laser Printer,1,0.2,7200.0,220.24
ORD-17490,2023-07-19,Home Office,South,Furniture,Bookcases,Wooden Bookcase,5,0.2,18000.0,884.36
ORD-17491,2024-02-29,Home Office,West,Office Supplies,Binders,Heavy Binder Set,5,0.2,2400.0,474.0
ORD-17492,2024-09-14,Consumer,West,Technology,Accessories,Laptop Bag,1,0.1,1620.0,468.41
ORD-17493,2023-08-09,Home Office,South,Office Supplies,Binders,Heavy Binder Set,4,0,2400,759.22
ORD-17494,2023-01-14,Consumer,West,Furniture,Bookcases,Wooden Bookcase,5,0,22500,3450.66
ORD-17495,2023-01-19,Home Office,North,Technology,Accessories,Laptop Bag,1,0,1800,564.56
ORD-17496,2023-03-22,Home Office,West,Technology,Accessories,Wireless Earbuds,3,0.2,6000.0,944.01
ORD-17497,2023-01-14,Corporate,South,Office Supplies,Paper,A4 Paper Pack,3,0,1050,376.61
ORD-17498,2024-04-27,Consumer,West,Technology,Accessories,Laptop Bag,4,0,7200,2088.63
ORD-17499,2023-01-26,Home Office,North,Technology,Accessories,Wireless Earbuds,3,0,7500,2150.86
ORD-17500,2023-09-27,Corporate,North,Technology,Machines,Laser Printer,3,0.05,25650.0,2811.28
ORD-17501,2024-10-01,Corporate,East,Furniture,Tables,Standing Desk,5,0.05,57000.0,1907.05
ORD-17502,2024-02-09,Consumer,West,Furniture,Bookcases,Wooden Bookcase,3,0,13500,2545.11
ORD-17503,2024-02-23,Corporate,West,Furniture,Chairs,Ergo Office Chair,2,0.2,10400.0,443.3
ORD-17504,2024-07-12,Home Office,South,Furniture,Tables,Standing Desk,1,0,12000,1595.19
ORD-17505,2023-10-05,Home Office,North,Technology,Accessories,Laptop Bag,1,0.2,1440.0,230.57
ORD-17506,2024-05-25,Home Office,East,Office Supplies,Paper,A4 Paper Pack,4,0.05,1330.0,445.52
ORD-17507,2023-04-27,Corporate,North,Office Supplies,Storage,Storage Box,3,0.2,2160.0,281.54
ORD-17508,2023-07-16,Consumer,North,Furniture,Chairs,Ergo Office Chair,5,0,32500,4925.45
ORD-17509,2024-12-29,Corporate,East,Office Supplies,Storage,Storage Box,5,0.1,4050.0,927.32
ORD-17510,2023-12-21,Home Office,North,Furniture,Chairs,Ergo Office Chair,5,0.2,26000.0,2223.3
ORD-17511,2023-05-25,Consumer,South,Technology,Phones,Smartphone X,2,0.05,34200.0,3684.0
ORD-17512,2023-02-08,Home Office,East,Office Supplies,Storage,Storage Box,5,0.05,4275.0,963.37
ORD-17513,2024-01-16,Corporate,North,Furniture,Chairs,Ergo Office Chair,1,0.05,6175.0,803.74
ORD-17514,2024-08-16,Home Office,North,Furniture,Tables,Standing Desk,1,0.2,9600.0,-120.94
ORD-17515,2024-11-10,Home Office,North,Technology,Phones,Smartphone X,3,0,54000,8612.46
ORD-17516,2023-07-02,Consumer,North,Office Supplies,Paper,A4 Paper Pack,1,0.05,332.5,116.47
ORD-17517,2024-12-10,Consumer,South,Office Supplies,Storage,Storage Box,3,0,2700,724.28
ORD-17518,2024-05-17,Home Office,East,Furniture,Tables,Standing Desk,5,0,60000,3640.29
ORD-17519,2024-05-14,Home Office,West,Technology,Machines,Laser Printer,3,0,27000,4069.63
ORD-17520,2023-04-20,Consumer,South,Furniture,Bookcases,Wooden Bookcase,4,0,18000,2371.06
ORD-17521,2024-05-03,Consumer,South,Technology,Accessories,Laptop Bag,5,0.05,8550.0,2179.39
ORD-17522,2024-05-01,Consumer,West,Technology,Accessories,Wireless Earbuds,3,0,7500,2303.29
ORD-17523,2024-08-18,Corporate,South,Technology,Accessories,Wireless Earbuds,1,0,2500,826.96
ORD-17524,2023-04-29,Consumer,West,Technology,Phones,Smartphone X,5,0.05,85500.0,11111.29
ORD-17525,2024-08-23,Corporate,East,Technology,Machines,Laser Printer,1,0.05,8550.0,986.88
ORD-17526,2024-01-13,Home Office,South,Technology,Phones,Smartphone X,1,0,18000,1892.56
ORD-17527,2023-06-14,Corporate,East,Technology,Phones,Smartphone X,1,0.05,17100.0,1819.11
ORD-17528,2024-12-19,Home Office,South,Office Supplies,Paper,A4 Paper Pack,4,0,1400,454.92
ORD-17529,2023-10-17,Corporate,West,Furniture,Tables,Standing Desk,1,0,12000,951.21
ORD-17530,2024-10-19,Corporate,North,Technology,Machines,Laser Printer,5,0,45000,6299.88
ORD-17531,2023-08-24,Home Office,North,Furniture,Chairs,Ergo Office Chair,5,0.2,26000.0,2591.27
ORD-17532,2023-09-15,Home Office,East,Technology,Accessories,Laptop Bag,3,0,5400,1777.58
ORD-17533,2023-05-02,Consumer,East,Technology,Accessories,Wireless Earbuds,4,0.1,9000.0,1966.63
ORD-17534,2024-11-29,Home Office,West,Office Supplies,Binders,Heavy Binder Set,2,0,1200,290.52
ORD-17535,2023-05-20,Corporate,North,Furniture,Tables,Standing Desk,1,0,12000,1519.37
ORD-17536,2024-11-05,Home Office,North,Furniture,Bookcases,Wooden Bookcase,4,0.1,16200.0,1469.58
ORD-17537,2023-10-07,Corporate,East,Furniture,Bookcases,Wooden Bookcase,1,0.1,4050.0,303.58
ORD-17538,2023-05-06,Consumer,South,Office Supplies,Paper,A4 Paper Pack,3,0,1050,378.16
ORD-17539,2023-03-14,Corporate,West,Furniture,Chairs,Ergo Office Chair,2,0.1,11700.0,1221.93
ORD-17540,2024-11-12,Consumer,North,Technology,Machines,Laser Printer,5,0.1,40500.0,1003.49
ORD-17541,2024-10-19,Consumer,West,Technology,Accessories,Laptop Bag,1,0.2,1440.0,337.44
ORD-17542,2023-08-25,Consumer,East,Technology,Accessories,Wireless Earbuds,2,0.2,4000.0,644.06
ORD-17543,2024-04-04,Consumer,North,Office Supplies,Binders,Heavy Binder Set,5,0,3000,957.01
ORD-17544,2023-08-07,Consumer,South,Office Supplies,Paper,A4 Paper Pack,2,0.2,560.0,123.1
ORD-17545,2023-02-15,Consumer,North,Technology,Machines,Laser Printer,3,0,27000,2634.35
ORD-17546,2023-03-27,Corporate,South,Technology,Accessories,Wireless Earbuds,3,0.05,7125.0,1811.1
ORD-17547,2023-03-04,Home Office,North,Furniture,Chairs,Ergo Office Chair,4,0.2,20800.0,1211.61
ORD-17548,2024-12-08,Consumer,South,Furniture,Bookcases,Wooden Bookcase,3,0.2,10800.0,676.81
ORD-17549,2024-10-19,Consumer,East,Office Supplies,Binders,Heavy Binder Set,1,0.2,480.0,62.47
ORD-17550,2024-02-18,Home Office,West,Office Supplies,Paper,A4 Paper Pack,5,0.2,1400.0,318.98
ORD-17551,2024-05-27,Home Office,East,Furniture,Bookcases,Wooden Bookcase,4,0.2,14400.0,537.58
ORD-17552,2023-02-28,Home Office,West,Furniture,Chairs,Ergo Office Chair,3,0,19500,4062.32
ORD-17553,2024-08-03,Home Office,West,Technology,Accessories,Laptop Bag,5,0.05,8550.0,2446.46
ORD-17554,2024-06-04,Consumer,North,Furniture,Chairs,Ergo Office Chair,2,0.1,11700.0,1320.58
ORD-17555,2023-11-23,Consumer,East,Technology,Accessories,Wireless Earbuds,5,0,12500,3749.1
ORD-17556,2024-04-11,Corporate,North,Technology,Machines,Laser Printer,1,0,9000,767.56
ORD-17557,2024-06-24,Home Office,South,Technology,Machines,Laser Printer,2,0.2,14400.0,-150.52
ORD-17558,2023-06-26,Corporate,South,Technology,Machines,Laser Printer,2,0.1,16200.0,435.08
ORD-17559,2023-06-09,Home Office,West,Office Supplies,Paper,A4 Paper Pack,1,0.05,332.5,119.3
ORD-17560,2023-08-19,Corporate,North,Furniture,Tables,Standing Desk,4,0.1,43200.0,1681.56
ORD-17561,2023-03-26,Consumer,North,Office Supplies,Storage,Storage Box,5,0,4500,1268.11
ORD-17562,2023-10-05,Consumer,South,Office Supplies,Storage,Storage Box,4,0,3600,825.08
ORD-17563,2023-12-28,Consumer,West,Furniture,Bookcases,Wooden Bookcase,3,0.1,12150.0,996.93
ORD-17564,2023-08-15,Corporate,East,Furniture,Chairs,Ergo Office Chair,4,0,26000,5145.72
ORD-17565,2024-08-11,Home Office,South,Office Supplies,Storage,Storage Box,3,0.2,2160.0,259.43
ORD-17566,2023-11-25,Corporate,North,Furniture,Tables,Standing Desk,4,0.2,38400.0,-610.03
ORD-17567,2024-01-15,Home Office,North,Technology,Phones,Smartphone X,3,0.2,43200.0,1533.47
ORD-17568,2023-02-20,Corporate,North,Office Supplies,Binders,Heavy Binder Set,5,0,3000,871.71
ORD-17569,2023-02-15,Consumer,East,Office Supplies,Binders,Heavy Binder Set,3,0.1,1620.0,369.67
ORD-17570,2023-08-19,Corporate,West,Furniture,Chairs,Ergo Office Chair,4,0.1,23400.0,3417.82
ORD-17571,2023-11-13,Corporate,West,Technology,Phones,Smartphone X,3,0,54000,7727.33
ORD-17572,2023-03-29,Home Office,South,Office Supplies,Storage,Storage Box,5,0,4500,1091.56
ORD-17573,2024-06-29,Corporate,East,Office Supplies,Binders,Heavy Binder Set,2,0,1200,367.07
ORD-17574,2024-03-07,Home Office,South,Office Supplies,Binders,Heavy Binder Set,5,0.2,2400.0,344.0
ORD-17575,2023-12-07,Consumer,North,Furniture,Chairs,Ergo Office Chair,2,0.2,10400.0,735.5
ORD-17576,2023-08-27,Consumer,East,Office Supplies,Binders,Heavy Binder Set,3,0,1800,449.41
ORD-17577,2023-07-28,Corporate,North,Furniture,Bookcases,Wooden Bookcase,3,0.2,10800.0,270.59
ORD-17578,2024-06-17,Home Office,North,Technology,Accessories,Laptop Bag,1,0.05,1710.0,549.72
ORD-17579,2024-09-07,Consumer,North,Furniture,Bookcases,Wooden Bookcase,3,0,13500,1513.94
ORD-17580,2023-12-22,Consumer,East,Technology,Accessories,Wireless Earbuds,3,0,7500,2040.81
ORD-17581,2024-03-07,Corporate,West,Technology,Accessories,Wireless Earbuds,2,0.1,4500.0,1125.49
ORD-17582,2023-11-27,Corporate,South,Technology,Machines,Laser Printer,3,0,27000,2952.13
ORD-17583,2023-09-03,Home Office,East,Technology,Accessories,Wireless Earbuds,4,0.05,9500.0,2404.43
ORD-17584,2023-11-15,Home Office,East,Technology,Machines,Laser Printer,4,0,36000,5508.1
ORD-17585,2023-06-12,Consumer,North,Furniture,Tables,Standing Desk,2,0.1,21600.0,1286.34
ORD-17586,2023-05-19,Corporate,West,Technology,Phones,Smartphone X,3,0,54000,5415.24
ORD-17587,2023-02-01,Consumer,North,Technology,Machines,Laser Printer,4,0,36000,3330.39
ORD-17588,2024-06-17,Corporate,West,Office Supplies,Storage,Storage Box,4,0.05,3420.0,628.49
ORD-17589,2024-11-28,Home Office,South,Office Supplies,Binders,Heavy Binder Set,2,0,1200,291.22
ORD-17590,2024-12-26,Home Office,South,Technology,Accessories,Wireless Earbuds,5,0,12500,3639.72
ORD-17591,2024-08-05,Home Office,East,Technology,Phones,Smartphone X,3,0.2,43200.0,-860.3
ORD-17592,2023-02-01,Home Office,East,Technology,Accessories,Laptop Bag,4,0.2,5760.0,973.91
ORD-17593,2024-11-04,Consumer,South,Office Supplies,Storage,Storage Box,3,0,2700,711.6
ORD-17594,2023-10-23,Home Office,North,Technology,Accessories,Laptop Bag,3,0,5400,1556.7
ORD-17595,2024-08-14,Corporate,West,Technology,Machines,Laser Printer,1,0.1,8100.0,531.18
ORD-17596,2024-07-04,Consumer,North,Furniture,Tables,Standing Desk,1,0.05,11400.0,473.13
ORD-17597,2024-09-10,Corporate,West,Technology,Accessories,Wireless Earbuds,4,0,10000,2699.69
ORD-17598,2024-03-09,Home Office,West,Technology,Machines,Laser Printer,5,0.05,42750.0,2231.42
ORD-17599,2023-09-23,Corporate,South,Technology,Accessories,Wireless Earbuds,3,0.2,6000.0,1222.36
ORD-17600,2023-05-15,Home Office,North,Office Supplies,Binders,Heavy Binder Set,1,0,600,154.42
ORD-17601,2024-11-15,Corporate,East,Office Supplies,Binders,Heavy Binder Set,2,0,1200,301.77
ORD-17602,2024-03-30,Home Office,West,Technology,Accessories,Laptop Bag,3,0.1,4860.0,1289.42
ORD-17603,2023-12-23,Consumer,North,Furniture,Tables,Standing Desk,2,0.1,21600.0,1257.33
ORD-17604,2023-12-23,Corporate,South,Office Supplies,Paper,A4 Paper Pack,4,0.2,1120.0,290.43
ORD-17605,2024-10-29,Consumer,North,Office Supplies,Storage,Storage Box,1,0,900,196.48
ORD-17606,2024-04-25,Home Office,South,Technology,Machines,Laser Printer,5,0,45000,7001.93
ORD-17607,2023-10-01,Corporate,North,Technology,Machines,Laser Printer,2,0,18000,2110.26
ORD-17608,2023-07-22,Home Office,South,Office Supplies,Storage,Storage Box,1,0.05,855.0,198.56
ORD-17609,2023-07-18,Corporate,North,Office Supplies,Storage,Storage Box,5,0.05,4275.0,957.22
ORD-17610,2023-07-29,Home Office,East,Technology,Accessories,Wireless Earbuds,2,0.05,4750.0,1132.34
ORD-17611,2023-09-02,Consumer,West,Furniture,Tables,Standing Desk,2,0.05,22800.0,1752.03
ORD-17612,2023-02-11,Home Office,West,Technology,Accessories,Wireless Earbuds,3,0.2,6000.0,1022.82
ORD-17613,2024-03-26,Consumer,North,Technology,Phones,Smartphone X,3,0.05,51300.0,6338.19
ORD-17614,2023-04-22,Home Office,East,Technology,Accessories,Laptop Bag,4,0.2,5760.0,1270.81
ORD-17615,2023-07-18,Corporate,South,Technology,Accessories,Wireless Earbuds,5,0.2,10000.0,1435.6
ORD-17616,2023-12-25,Corporate,North,Technology,Phones,Smartphone X,2,0.1,32400.0,3007.33
ORD-17617,2023-09-06,Consumer,South,Furniture,Chairs,Ergo Office Chair,3,0.05,18525.0,3191.51
ORD-17618,2024-11-27,Corporate,West,Technology,Machines,Laser Printer,3,0.05,25650.0,2652.31
ORD-17619,2023-01-08,Home Office,North,Office Supplies,Storage,Storage Box,3,0,2700,585.37
ORD-17620,2024-11-02,Consumer,West,Furniture,Bookcases,Wooden Bookcase,4,0.2,14400.0,127.09
ORD-17621,2023-12-22,Home Office,East,Technology,Accessories,Wireless Earbuds,1,0,2500,812.85
ORD-17622,2023-03-27,Corporate,South,Furniture,Bookcases,Wooden Bookcase,5,0.2,18000.0,66.77
ORD-17623,2024-08-11,Consumer,South,Technology,Accessories,Laptop Bag,1,0.05,1710.0,509.15
ORD-17624,2023-04-09,Corporate,North,Technology,Accessories,Laptop Bag,2,0,3600,1079.07
ORD-17625,2024-02-09,Corporate,East,Furniture,Bookcases,Wooden Bookcase,4,0.05,17100.0,1486.52
ORD-17626,2024-05-15,Corporate,South,Technology,Machines,Laser Printer,2,0.2,14400.0,-278.38
ORD-17627,2023-11-19,Consumer,East,Technology,Phones,Smartphone X,4,0.1,64800.0,5493.1
ORD-17628,2023-02-05,Corporate,North,Furniture,Chairs,Ergo Office Chair,2,0.05,12350.0,1863.61
ORD-17629,2023-09-22,Corporate,West,Technology,Accessories,Laptop Bag,2,0.05,3420.0,968.45
ORD-17630,2024-04-19,Corporate,West,Technology,Phones,Smartphone X,5,0,90000,12465.57
ORD-17631,2023-09-10,Consumer,West,Technology,Phones,Smartphone X,1,0,18000,2068.44
ORD-17632,2024-12-31,Home Office,North,Technology,Phones,Smartphone X,5,0,90000,13981.85
ORD-17633,2023-07-31,Consumer,South,Technology,Phones,Smartphone X,5,0,90000,13034.26
ORD-17634,2023-11-30,Consumer,West,Technology,Accessories,Wireless Earbuds,3,0,7500,2359.33
ORD-17635,2023-08-05,Consumer,South,Technology,Machines,Laser Printer,4,0.1,32400.0,1238.12
ORD-17636,2024-05-19,Corporate,East,Office Supplies,Storage,Storage Box,5,0,4500,1259.65
ORD-17637,2023-04-29,Home Office,South,Office Supplies,Paper,A4 Paper Pack,2,0.1,630.0,169.92
ORD-17638,2024-11-21,Corporate,North,Technology,Accessories,Laptop Bag,5,0,9000,2621.74
ORD-17639,2024-05-15,Home Office,East,Technology,Machines,Laser Printer,5,0,45000,6415.13
ORD-17640,2024-03-25,Consumer,North,Technology,Accessories,Wireless Earbuds,4,0,10000,3131.83
ORD-17641,2024-03-16,Consumer,South,Office Supplies,Storage,Storage Box,1,0,900,190.4
ORD-17642,2023-10-21,Corporate,East,Technology,Machines,Laser Printer,4,0,36000,5746.4
ORD-17643,2024-09-04,Consumer,West,Technology,Machines,Laser Printer,4,0,36000,4614.61
ORD-17644,2023-12-24,Consumer,North,Technology,Machines,Laser Printer,4,0,36000,3413.86
ORD-17645,2024-08-14,Consumer,West,Furniture,Bookcases,Wooden Bookcase,2,0,9000,1220.46
ORD-17646,2024-03-30,Corporate,East,Technology,Accessories,Laptop Bag,2,0,3600,1171.21
ORD-17647,2023-09-29,Consumer,West,Technology,Accessories,Wireless Earbuds,4,0,10000,3251.85
ORD-17648,2023-01-04,Corporate,North,Office Supplies,Paper,A4 Paper Pack,2,0,700,263.66
ORD-17649,2023-06-18,Consumer,East,Technology,Accessories,Laptop Bag,4,0.05,6840.0,2155.06
ORD-17650,2024-09-03,Corporate,East,Furniture,Bookcases,Wooden Bookcase,2,0.2,7200.0,259.18
ORD-17651,2024-10-29,Consumer,South,Office Supplies,Binders,Heavy Binder Set,1,0.2,480.0,61.19
ORD-17652,2024-11-02,Home Office,North,Technology,Machines,Laser Printer,1,0.05,8550.0,533.55
ORD-17653,2024-03-03,Corporate,East,Technology,Accessories,Wireless Earbuds,5,0,12500,4223.38
ORD-17654,2024-09-28,Home Office,East,Office Supplies,Paper,A4 Paper Pack,2,0.05,665.0,217.07
ORD-17655,2024-12-29,Corporate,East,Technology,Accessories,Wireless Earbuds,4,0.05,9500.0,2855.5
ORD-17656,2023-09-24,Home Office,West,Technology,Accessories,Laptop Bag,5,0,9000,3197.91
ORD-17657,2024-12-30,Home Office,South,Office Supplies,Paper,A4 Paper Pack,5,0.05,1662.5,519.49
ORD-17658,2023-04-14,Home Office,East,Office Supplies,Paper,A4 Paper Pack,3,0,1050,373.56
ORD-17659,2024-05-20,Home Office,East,Furniture,Tables,Standing Desk,2,0.05,22800.0,1899.93
ORD-17660,2023-05-29,Corporate,South,Furniture,Tables,Standing Desk,2,0,24000,2605.63
ORD-17661,2023-11-14,Corporate,East,Technology,Accessories,Wireless Earbuds,4,0.05,9500.0,2541.73
ORD-17662,2023-04-22,Consumer,North,Technology,Machines,Laser Printer,1,0,9000,1209.4
ORD-17663,2024-08-21,Consumer,North,Technology,Accessories,Laptop Bag,4,0,7200,2576.61
ORD-17664,2024-11-05,Corporate,North,Furniture,Tables,Standing Desk,4,0,48000,3279.19
ORD-17665,2023-01-24,Home Office,East,Technology,Machines,Laser Printer,5,0,45000,5545.62
ORD-17666,2023-01-12,Consumer,East,Furniture,Chairs,Ergo Office Chair,2,0,13000,2312.91
ORD-17667,2023-08-25,Corporate,South,Furniture,Bookcases,Wooden Bookcase,1,0,4500,609.42
ORD-17668,2024-12-21,Consumer,North,Furniture,Tables,Standing Desk,2,0,24000,2777.8
ORD-17669,2024-10-21,Corporate,West,Office Supplies,Paper,A4 Paper Pack,2,0,700,259.54
ORD-17670,2024-04-06,Home Office,South,Furniture,Bookcases,Wooden Bookcase,3,0,13500,1747.56
ORD-17671,2023-09-01,Consumer,South,Technology,Accessories,Wireless Earbuds,4,0.05,9500.0,2598.83
ORD-17672,2023-01-25,Home Office,East,Office Supplies,Storage,Storage Box,2,0.1,1620.0,365.68
ORD-17673,2023-09-14,Corporate,East,Office Supplies,Storage,Storage Box,1,0,900,255.91
ORD-17674,2023-12-05,Consumer,North,Office Supplies,Storage,Storage Box,4,0.1,3240.0,733.32
ORD-17675,2023-11-13,Consumer,North,Technology,Machines,Laser Printer,3,0,27000,3449.35
ORD-17676,2024-11-08,Consumer,South,Furniture,Bookcases,Wooden Bookcase,2,0.2,7200.0,168.9
ORD-17677,2023-06-13,Corporate,West,Office Supplies,Storage,Storage Box,4,0,3600,982.57
ORD-17678,2024-05-25,Consumer,East,Office Supplies,Paper,A4 Paper Pack,1,0.05,332.5,95.77
ORD-17679,2023-07-24,Home Office,South,Furniture,Chairs,Ergo Office Chair,4,0.2,20800.0,449.01
ORD-17680,2023-10-14,Corporate,North,Technology,Accessories,Wireless Earbuds,2,0.05,4750.0,1358.8
ORD-17681,2023-11-06,Corporate,East,Furniture,Bookcases,Wooden Bookcase,2,0,9000,1115.34
ORD-17682,2024-09-25,Home Office,West,Office Supplies,Paper,A4 Paper Pack,5,0.05,1662.5,484.18
ORD-17683,2023-11-26,Corporate,South,Technology,Machines,Laser Printer,1,0,9000,784.13
ORD-17684,2024-03-26,Corporate,West,Technology,Accessories,Wireless Earbuds,5,0,12500,3894.86
ORD-17685,2023-08-24,Corporate,North,Office Supplies,Storage,Storage Box,4,0.2,2880.0,318.61
ORD-17686,2024-10-17,Corporate,South,Technology,Accessories,Wireless Earbuds,5,0,12500,3888.19
ORD-17687,2024-10-09,Corporate,West,Office Supplies,Binders,Heavy Binder Set,3,0,1800,547.09
ORD-17688,2024-09-11,Home Office,East,Office Supplies,Paper,A4 Paper Pack,1,0,350,128.27
ORD-17689,2023-02-06,Corporate,East,Technology,Accessories,Laptop Bag,4,0,7200,2502.95
ORD-17690,2023-07-31,Home Office,East,Office Supplies,Binders,Heavy Binder Set,4,0.1,2160.0,498.05
ORD-17691,2023-03-08,Home Office,East,Technology,Machines,Laser Printer,3,0.2,21600.0,436.16
ORD-17692,2023-10-20,Home Office,East,Office Supplies,Paper,A4 Paper Pack,1,0,350,122.76
ORD-17693,2023-05-01,Consumer,South,Office Supplies,Storage,Storage Box,2,0,1800,394.69
ORD-17694,2024-03-29,Corporate,South,Office Supplies,Paper,A4 Paper Pack,4,0.1,1260.0,336.79
ORD-17695,2024-11-17,Home Office,West,Office Supplies,Storage,Storage Box,3,0.1,2430.0,477.05
ORD-17696,2024-10-13,Home Office,West,Office Supplies,Binders,Heavy Binder Set,4,0,2400,674.35
ORD-17697,2024-06-02,Home Office,East,Technology,Accessories,Laptop Bag,2,0,3600,1104.22
ORD-17698,2023-06-20,Home Office,West,Office Supplies,Paper,A4 Paper Pack,2,0.05,665.0,207.76
ORD-17699,2023-03-14,Consumer,East,Office Supplies,Binders,Heavy Binder Set,1,0.05,570.0,136.61
ORD-17700,2024-03-14,Corporate,North,Furniture,Bookcases,Wooden Bookcase,3,0,13500,2138.93
ORD-17701,2023-11-11,Home Office,South,Technology,Accessories,Laptop Bag,5,0.1,8100.0,2000.3
ORD-17702,2024-03-21,Consumer,West,Office Supplies,Storage,Storage Box,4,0,3600,981.16
ORD-17703,2024-06-02,Corporate,North,Office Supplies,Storage,Storage Box,3,0,2700,717.01
ORD-17704,2023-11-26,Consumer,East,Furniture,Chairs,Ergo Office Chair,5,0,32500,6922.17
ORD-17705,2024-10-23,Corporate,East,Technology,Accessories,Wireless Earbuds,3,0,7500,2496.4
ORD-17706,2023-08-21,Corporate,South,Technology,Phones,Smartphone X,5,0.05,85500.0,9149.26
ORD-17707,2023-08-22,Consumer,East,Technology,Machines,Laser Printer,5,0,45000,5380.64
ORD-17708,2023-01-17,Corporate,West,Furniture,Bookcases,Wooden Bookcase,2,0.2,7200.0,313.77
ORD-17709,2024-12-26,Corporate,West,Technology,Phones,Smartphone X,2,0,36000,4324.28
ORD-17710,2023-10-12,Home Office,West,Furniture,Chairs,Ergo Office Chair,1,0.05,6175.0,1069.19
ORD-17711,2024-02-23,Home Office,North,Technology,Accessories,Laptop Bag,4,0,7200,2060.3
ORD-17712,2024-03-03,Corporate,North,Office Supplies,Paper,A4 Paper Pack,3,0,1050,377.7
ORD-17713,2023-12-24,Home Office,North,Furniture,Chairs,Ergo Office Chair,3,0.05,18525.0,2189.72
ORD-17714,2023-07-24,Home Office,South,Technology,Accessories,Wireless Earbuds,4,0,10000,3010.7
ORD-17715,2023-04-15,Home Office,South,Technology,Accessories,Laptop Bag,2,0,3600,1033.36
ORD-17716,2024-03-30,Consumer,North,Technology,Phones,Smartphone X,2,0.1,32400.0,3079.96
ORD-17717,2024-08-01,Home Office,West,Technology,Accessories,Wireless Earbuds,3,0.05,7125.0,1785.08
ORD-17718,2023-05-13,Corporate,East,Technology,Accessories,Laptop Bag,1,0.2,1440.0,270.42
ORD-17719,2023-04-06,Consumer,East,Office Supplies,Binders,Heavy Binder Set,5,0,3000,886.61
ORD-17720,2024-03-26,Corporate,East,Office Supplies,Binders,Heavy Binder Set,3,0.05,1710.0,455.17
ORD-17721,2023-10-10,Corporate,South,Office Supplies,Storage,Storage Box,3,0,2700,596.46
ORD-17722,2023-05-27,Home Office,West,Furniture,Chairs,Ergo Office Chair,5,0.1,29250.0,4426.4
ORD-17723,2023-09-15,Home Office,South,Technology,Accessories,Laptop Bag,1,0,1800,606.66
ORD-17724,2024-08-07,Consumer,North,Office Supplies,Storage,Storage Box,2,0,1800,390.84
ORD-17725,2023-11-09,Corporate,East,Technology,Phones,Smartphone X,4,0.2,57600.0,2400.57
ORD-17726,2024-08-17,Home Office,South,Technology,Phones,Smartphone X,2,0,36000,5439.81
ORD-17727,2024-10-08,Home Office,South,Furniture,Tables,Standing Desk,1,0.05,11400.0,964.76
ORD-17728,2023-06-03,Corporate,North,Furniture,Chairs,Ergo Office Chair,1,0.2,5200.0,451.05
ORD-17729,2024-02-05,Consumer,North,Technology,Machines,Laser Printer,1,0.2,7200.0,201.97
ORD-17730,2024-08-14,Consumer,South,Technology,Phones,Smartphone X,4,0.2,57600.0,-284.08
ORD-17731,2023-02-20,Consumer,North,Office Supplies,Paper,A4 Paper Pack,4,0.2,1120.0,272.46
ORD-17732,2024-05-01,Consumer,South,Technology,Phones,Smartphone X,5,0,90000,10110.61
ORD-17733,2024-10-16,Consumer,East,Technology,Accessories,Laptop Bag,4,0,7200,2459.72
ORD-17734,2023-11-28,Corporate,North,Furniture,Bookcases,Wooden Bookcase,2,0,9000,1294.62
ORD-17735,2024-10-27,Corporate,South,Technology,Accessories,Laptop Bag,2,0,3600,1092.09
ORD-17736,2024-01-19,Consumer,East,Furniture,Chairs,Ergo Office Chair,5,0.1,29250.0,3981.29
ORD-17737,2024-08-19,Home Office,South,Technology,Machines,Laser Printer,2,0.1,16200.0,1234.3
ORD-17738,2023-02-13,Consumer,East,Technology,Accessories,Wireless Earbuds,4,0.2,8000.0,1340.8
ORD-17739,2023-08-30,Home Office,South,Technology,Accessories,Laptop Bag,1,0.1,1620.0,439.69
ORD-17740,2024-04-02,Corporate,South,Furniture,Bookcases,Wooden Bookcase,4,0,18000,2730.52
ORD-17741,2024-03-27,Consumer,North,Furniture,Chairs,Ergo Office Chair,5,0.2,26000.0,2146.98
ORD-17742,2023-10-14,Home Office,South,Office Supplies,Binders,Heavy Binder Set,2,0,1200,308.45
ORD-17743,2023-11-25,Consumer,South,Furniture,Bookcases,Wooden Bookcase,2,0,9000,1378.97
ORD-17744,2024-05-24,Home Office,South,Technology,Accessories,Laptop Bag,4,0.05,6840.0,1995.16
ORD-17745,2023-06-26,Corporate,South,Office Supplies,Storage,Storage Box,3,0.1,2430.0,431.59
ORD-17746,2023-01-21,Home Office,East,Technology,Phones,Smartphone X,1,0.2,14400.0,517.68
ORD-17747,2024-05-14,Corporate,South,Furniture,Tables,Standing Desk,3,0.1,32400.0,2201.17
ORD-17748,2023-01-03,Home Office,West,Furniture,Tables,Standing Desk,1,0,12000,820.65
ORD-17749,2023-01-11,Home Office,West,Furniture,Chairs,Ergo Office Chair,2,0,13000,1926.79
ORD-17750,2023-12-02,Corporate,South,Technology,Accessories,Laptop Bag,5,0,9000,2616.44
ORD-17751,2024-02-26,Corporate,North,Technology,Phones,Smartphone X,2,0,36000,3617.96
ORD-17752,2024-06-17,Consumer,North,Furniture,Chairs,Ergo Office Chair,4,0,26000,4697.05
ORD-17753,2024-12-23,Corporate,East,Technology,Accessories,Laptop Bag,4,0,7200,2358.97
ORD-17754,2024-12-27,Consumer,North,Technology,Accessories,Wireless Earbuds,2,0.05,4750.0,1174.05
ORD-17755,2023-12-28,Consumer,North,Technology,Accessories,Laptop Bag,4,0.2,5760.0,1264.74
ORD-17756,2024-08-11,Corporate,West,Technology,Machines,Laser Printer,3,0,27000,3168.63
ORD-17757,2024-09-09,Consumer,West,Technology,Accessories,Laptop Bag,5,0,9000,2605.02
ORD-17758,2023-08-03,Corporate,East,Technology,Machines,Laser Printer,1,0,9000,874.14
ORD-17759,2024-02-16,Corporate,South,Technology,Accessories,Laptop Bag,3,0.05,5130.0,1666.94
ORD-17760,2023-02-18,Home Office,North,Technology,Machines,Laser Printer,5,0.2,36000.0,-500.63
ORD-17761,2024-03-04,Corporate,West,Technology,Accessories,Laptop Bag,3,0,5400,1544.44
ORD-17762,2023-10-01,Corporate,South,Furniture,Chairs,Ergo Office Chair,4,0.05,24700.0,4388.64
ORD-17763,2023-09-20,Corporate,East,Office Supplies,Paper,A4 Paper Pack,3,0.1,945.0,263.0
ORD-17764,2024-12-28,Home Office,East,Office Supplies,Paper,A4 Paper Pack,4,0.1,1260.0,351.1
ORD-17765,2024-05-13,Corporate,East,Office Supplies,Binders,Heavy Binder Set,1,0,600,149.65
ORD-17766,2024-11-22,Home Office,West,Technology,Phones,Smartphone X,4,0.05,68400.0,8066.15
ORD-17767,2024-11-10,Home Office,North,Furniture,Bookcases,Wooden Bookcase,1,0,4500,629.66
ORD-17768,2023-08-24,Consumer,East,Technology,Machines,Laser Printer,3,0.05,25650.0,2314.82
ORD-17769,2024-10-06,Corporate,East,Office Supplies,Paper,A4 Paper Pack,3,0.05,997.5,355.7
ORD-17770,2023-02-04,Corporate,North,Office Supplies,Storage,Storage Box,1,0,900,238.58
ORD-17771,2024-05-25,Consumer,East,Office Supplies,Paper,A4 Paper Pack,2,0.1,630.0,192.99
ORD-17772,2023-01-24,Corporate,East,Furniture,Tables,Standing Desk,1,0.05,11400.0,471.7
ORD-17773,2023-01-01,Consumer,East,Technology,Machines,Laser Printer,1,0.2,7200.0,65.98
ORD-17774,2023-05-12,Home Office,East,Technology,Machines,Laser Printer,2,0.1,16200.0,340.21
ORD-17775,2023-07-19,Corporate,North,Office Supplies,Paper,A4 Paper Pack,2,0.05,665.0,206.31
ORD-17776,2024-10-16,Corporate,North,Furniture,Tables,Standing Desk,5,0.05,57000.0,2911.81
ORD-17777,2023-08-25,Corporate,East,Technology,Accessories,Wireless Earbuds,2,0.2,4000.0,751.16
ORD-17778,2023-10-05,Home Office,East,Office Supplies,Storage,Storage Box,5,0,4500,1207.85
ORD-17779,2023-06-18,Corporate,North,Furniture,Chairs,Ergo Office Chair,3,0.1,17550.0,2616.63
ORD-17780,2023-11-17,Home Office,East,Furniture,Bookcases,Wooden Bookcase,2,0,9000,1654.02
ORD-17781,2023-04-18,Consumer,South,Office Supplies,Storage,Storage Box,4,0.2,2880.0,415.77
ORD-17782,2024-12-26,Corporate,East,Technology,Accessories,Laptop Bag,1,0,1800,582.94
ORD-17783,2024-07-10,Corporate,West,Office Supplies,Binders,Heavy Binder Set,2,0,1200,299.76
ORD-17784,2023-06-29,Home Office,North,Office Supplies,Paper,A4 Paper Pack,1,0.1,315.0,92.43
ORD-17785,2024-11-14,Home Office,East,Technology,Phones,Smartphone X,3,0.2,43200.0,-853.9
ORD-17786,2024-03-20,Home Office,East,Office Supplies,Paper,A4 Paper Pack,1,0.1,315.0,95.24
ORD-17787,2023-02-16,Home Office,South,Furniture,Bookcases,Wooden Bookcase,5,0.05,21375.0,2337.61
ORD-17788,2023-07-16,Consumer,North,Furniture,Tables,Standing Desk,3,0.1,32400.0,1906.16
ORD-17789,2023-01-13,Corporate,North,Furniture,Tables,Standing Desk,2,0,24000,2737.74
ORD-17790,2024-10-09,Corporate,East,Technology,Machines,Laser Printer,5,0.2,36000.0,1227.51
ORD-17791,2023-07-23,Corporate,East,Technology,Phones,Smartphone X,4,0.1,64800.0,4888.21
ORD-17792,2023-01-27,Consumer,North,Furniture,Bookcases,Wooden Bookcase,3,0,13500,1846.36
ORD-17793,2024-02-25,Consumer,West,Office Supplies,Binders,Heavy Binder Set,3,0.05,1710.0,462.95
ORD-17794,2024-09-04,Home Office,West,Technology,Accessories,Laptop Bag,4,0.2,5760.0,1337.56
ORD-17795,2023-03-11,Corporate,North,Office Supplies,Paper,A4 Paper Pack,5,0,1750,558.28
ORD-17796,2023-05-10,Home Office,East,Office Supplies,Storage,Storage Box,3,0.1,2430.0,404.35
ORD-17797,2024-12-17,Consumer,West,Furniture,Bookcases,Wooden Bookcase,5,0,22500,3443.57
ORD-17798,2023-12-07,Consumer,South,Technology,Phones,Smartphone X,4,0.1,64800.0,5802.87
ORD-17799,2023-11-05,Home Office,East,Technology,Accessories,Wireless Earbuds,3,0.05,7125.0,1959.86
ORD-17800,2024-03-15,Corporate,West,Office Supplies,Paper,A4 Paper Pack,1,0.1,315.0,95.0
ORD-17801,2023-04-04,Consumer,South,Technology,Phones,Smartphone X,2,0.2,28800.0,-56.87
ORD-17802,2023-01-21,Home Office,West,Technology,Accessories,Laptop Bag,3,0,5400,1940.84
ORD-17803,2024-03-04,Home Office,East,Furniture,Bookcases,Wooden Bookcase,4,0,18000,2993.62
ORD-17804,2024-10-12,Consumer,South,Office Supplies,Storage,Storage Box,3,0.2,2160.0,308.53
ORD-17805,2023-12-16,Home Office,North,Technology,Accessories,Laptop Bag,5,0.2,7200.0,1567.38
ORD-17806,2023-07-02,Consumer,North,Office Supplies,Storage,Storage Box,4,0.2,2880.0,381.02
ORD-17807,2024-02-16,Consumer,West,Technology,Accessories,Wireless Earbuds,1,0,2500,794.17
ORD-17808,2024-03-24,Consumer,South,Technology,Machines,Laser Printer,2,0,18000,1575.02
ORD-17809,2023-07-27,Consumer,South,Office Supplies,Binders,Heavy Binder Set,1,0.2,480.0,75.47
ORD-17810,2023-12-25,Home Office,West,Office Supplies,Binders,Heavy Binder Set,5,0.05,2850.0,653.22
ORD-17811,2024-07-14,Consumer,South,Technology,Accessories,Laptop Bag,1,0.1,1620.0,450.32
ORD-17812,2023-05-10,Consumer,East,Technology,Phones,Smartphone X,5,0,90000,10303.56
ORD-17813,2023-07-31,Corporate,North,Furniture,Tables,Standing Desk,2,0,24000,1655.45
ORD-17814,2023-11-05,Consumer,East,Furniture,Tables,Standing Desk,5,0,60000,5883.89
ORD-17815,2024-12-13,Home Office,South,Furniture,Bookcases,Wooden Bookcase,5,0.1,20250.0,1040.13
ORD-17816,2024-01-09,Corporate,North,Technology,Machines,Laser Printer,2,0,18000,2541.4
ORD-17817,2024-06-04,Consumer,West,Office Supplies,Storage,Storage Box,2,0.2,1440.0,220.06
ORD-17818,2023-12-27,Consumer,East,Furniture,Tables,Standing Desk,2,0,24000,1507.04
ORD-17819,2024-06-28,Home Office,North,Office Supplies,Binders,Heavy Binder Set,5,0,3000,799.7
ORD-17820,2023-12-31,Consumer,West,Furniture,Chairs,Ergo Office Chair,2,0,13000,2361.38
ORD-17821,2024-01-02,Corporate,South,Technology,Machines,Laser Printer,1,0,9000,1172.28
ORD-17822,2024-03-26,Corporate,West,Office Supplies,Binders,Heavy Binder Set,5,0.05,2850.0,724.59
ORD-17823,2023-05-13,Consumer,West,Technology,Accessories,Wireless Earbuds,4,0.05,9500.0,2191.61
ORD-17824,2023-05-04,Corporate,North,Office Supplies,Storage,Storage Box,2,0,1800,496.58
ORD-17825,2023-12-03,Home Office,East,Office Supplies,Paper,A4 Paper Pack,4,0,1400,514.53
ORD-17826,2024-05-06,Consumer,North,Furniture,Chairs,Ergo Office Chair,4,0,26000,5362.51
ORD-17827,2024-07-12,Consumer,North,Furniture,Chairs,Ergo Office Chair,3,0,19500,3717.46
ORD-17828,2023-06-30,Home Office,East,Furniture,Tables,Standing Desk,5,0.05,57000.0,4180.46
ORD-17829,2023-01-21,Home Office,East,Technology,Machines,Laser Printer,5,0,45000,6630.66
ORD-17830,2024-01-08,Home Office,East,Technology,Accessories,Laptop Bag,5,0,9000,2776.3
ORD-17831,2024-06-26,Consumer,North,Office Supplies,Binders,Heavy Binder Set,2,0,1200,316.3
ORD-17832,2023-08-06,Corporate,East,Furniture,Tables,Standing Desk,3,0,36000,4115.2
ORD-17833,2023-11-02,Corporate,West,Technology,Accessories,Laptop Bag,3,0.1,4860.0,1069.94
ORD-17834,2023-09-02,Home Office,East,Furniture,Tables,Standing Desk,3,0,36000,3038.87
ORD-17835,2023-12-22,Consumer,East,Office Supplies,Storage,Storage Box,1,0,900,242.23
ORD-17836,2023-04-12,Corporate,East,Office Supplies,Storage,Storage Box,5,0.1,4050.0,823.39
ORD-17837,2023-10-11,Consumer,East,Technology,Phones,Smartphone X,5,0.1,81000.0,4726.11
ORD-17838,2023-06-29,Consumer,South,Technology,Accessories,Wireless Earbuds,4,0.1,9000.0,2011.5
ORD-17839,2024-11-20,Home Office,West,Technology,Accessories,Wireless Earbuds,2,0.05,4750.0,1359.6
ORD-17840,2023-09-13,Corporate,West,Office Supplies,Storage,Storage Box,2,0.1,1620.0,270.82
ORD-17841,2024-10-22,Corporate,East,Technology,Machines,Laser Printer,4,0.2,28800.0,-870.95
ORD-17842,2024-09-09,Corporate,North,Technology,Machines,Laser Printer,3,0,27000,2514.6
ORD-17843,2024-06-12,Consumer,East,Office Supplies,Storage,Storage Box,2,0,1800,487.05
ORD-17844,2023-12-15,Consumer,West,Technology,Machines,Laser Printer,2,0.05,17100.0,2105.02
ORD-17845,2023-08-12,Corporate,North,Technology,Accessories,Wireless Earbuds,5,0.05,11875.0,3059.51
ORD-17846,2024-11-23,Home Office,West,Technology,Phones,Smartphone X,4,0,72000,8128.48
ORD-17847,2024-11-20,Consumer,East,Furniture,Chairs,Ergo Office Chair,2,0,13000,1985.67
ORD-17848,2024-11-05,Home Office,South,Furniture,Chairs,Ergo Office Chair,4,0,26000,4381.27
ORD-17849,2024-12-11,Corporate,East,Furniture,Chairs,Ergo Office Chair,2,0,13000,2368.55
ORD-17850,2024-10-11,Home Office,North,Technology,Phones,Smartphone X,5,0.1,81000.0,5486.39
ORD-17851,2024-01-22,Home Office,North,Technology,Accessories,Wireless Earbuds,5,0.1,11250.0,2493.24
ORD-17852,2023-12-30,Home Office,North,Office Supplies,Storage,Storage Box,2,0,1800,397.43
ORD-17853,2023-11-02,Home Office,East,Furniture,Chairs,Ergo Office Chair,2,0.2,10400.0,971.97
ORD-17854,2023-09-13,Home Office,West,Furniture,Tables,Standing Desk,2,0,24000,1984.88
ORD-17855,2024-06-09,Corporate,North,Technology,Accessories,Laptop Bag,4,0,7200,2376.26
ORD-17856,2024-09-04,Corporate,South,Technology,Accessories,Laptop Bag,2,0,3600,1091.82
ORD-17857,2024-09-03,Home Office,West,Technology,Phones,Smartphone X,1,0.1,16200.0,1484.2
ORD-17858,2023-06-19,Home Office,South,Office Supplies,Paper,A4 Paper Pack,2,0,700,224.49
ORD-17859,2023-01-03,Corporate,South,Office Supplies,Storage,Storage Box,4,0,3600,844.07
ORD-17860,2024-09-12,Consumer,South,Technology,Phones,Smartphone X,4,0,72000,12358.64
ORD-17861,2023-10-02,Home Office,North,Technology,Accessories,Laptop Bag,5,0.1,8100.0,2061.72
ORD-17862,2023-02-07,Home Office,South,Furniture,Tables,Standing Desk,1,0.1,10800.0,854.72
ORD-17863,2023-12-12,Corporate,South,Technology,Machines,Laser Printer,3,0,27000,3567.13
ORD-17864,2024-12-31,Consumer,East,Office Supplies,Binders,Heavy Binder Set,4,0.1,2160.0,489.53
ORD-17865,2023-04-18,Home Office,West,Office Supplies,Storage,Storage Box,2,0,1800,390.96
ORD-17866,2023-12-27,Corporate,North,Technology,Accessories,Laptop Bag,3,0,5400,1696.13
ORD-17867,2024-11-15,Corporate,North,Office Supplies,Storage,Storage Box,1,0,900,215.82
ORD-17868,2024-07-08,Home Office,South,Office Supplies,Binders,Heavy Binder Set,4,0.05,2280.0,489.58
ORD-17869,2023-06-17,Corporate,North,Office Supplies,Paper,A4 Paper Pack,2,0,700,264.24
ORD-17870,2023-01-19,Corporate,East,Technology,Phones,Smartphone X,1,0,18000,2355.75
ORD-17871,2023-12-13,Corporate,South,Furniture,Tables,Standing Desk,2,0.1,21600.0,1345.64
ORD-17872,2024-02-07,Corporate,East,Office Supplies,Binders,Heavy Binder Set,1,0.2,480.0,84.22
ORD-17873,2024-01-03,Consumer,South,Office Supplies,Paper,A4 Paper Pack,2,0,700,268.85
ORD-17874,2024-03-10,Consumer,West,Technology,Accessories,Wireless Earbuds,5,0,12500,3442.0
ORD-17875,2024-12-13,Home Office,North,Furniture,Bookcases,Wooden Bookcase,1,0,4500,545.16
ORD-17876,2024-07-02,Consumer,South,Furniture,Chairs,Ergo Office Chair,1,0,6500,990.2
ORD-17877,2023-11-22,Home Office,East,Furniture,Bookcases,Wooden Bookcase,1,0.05,4275.0,609.56
ORD-17878,2024-02-13,Consumer,South,Technology,Machines,Laser Printer,3,0,27000,4025.74
ORD-17879,2023-09-02,Corporate,West,Office Supplies,Paper,A4 Paper Pack,3,0.2,840.0,204.79
ORD-17880,2023-06-17,Corporate,East,Technology,Accessories,Wireless Earbuds,4,0.1,9000.0,1866.41
ORD-17881,2024-10-24,Corporate,East,Technology,Phones,Smartphone X,2,0.05,34200.0,3319.66
ORD-17882,2023-04-30,Corporate,West,Furniture,Chairs,Ergo Office Chair,4,0,26000,5695.39
ORD-17883,2023-11-11,Home Office,West,Office Supplies,Paper,A4 Paper Pack,2,0,700,239.92
ORD-17884,2023-10-18,Consumer,East,Office Supplies,Binders,Heavy Binder Set,3,0.2,1440.0,223.51
ORD-17885,2024-08-17,Consumer,North,Furniture,Bookcases,Wooden Bookcase,2,0,9000,1201.86
ORD-17886,2023-09-28,Home Office,West,Office Supplies,Paper,A4 Paper Pack,3,0,1050,356.26
ORD-17887,2024-01-25,Home Office,West,Office Supplies,Paper,A4 Paper Pack,3,0,1050,366.01
ORD-17888,2023-01-31,Consumer,North,Furniture,Chairs,Ergo Office Chair,3,0.1,17550.0,2277.8
ORD-17889,2023-03-23,Corporate,South,Technology,Phones,Smartphone X,1,0,18000,2347.31
ORD-17890,2024-10-17,Consumer,North,Technology,Accessories,Laptop Bag,5,0,9000,2653.29
ORD-17891,2024-07-24,Consumer,East,Furniture,Bookcases,Wooden Bookcase,3,0,13500,1760.47
ORD-17892,2023-01-18,Consumer,West,Furniture,Tables,Standing Desk,2,0.2,19200.0,-437.28
ORD-17893,2024-09-11,Home Office,East,Technology,Phones,Smartphone X,5,0.1,81000.0,4801.43
ORD-17894,2024-10-20,Corporate,West,Office Supplies,Storage,Storage Box,2,0.05,1710.0,343.49
ORD-17895,2023-10-07,Home Office,West,Technology,Accessories,Laptop Bag,4,0.1,6480.0,1718.58
ORD-17896,2023-07-15,Home Office,North,Furniture,Bookcases,Wooden Bookcase,3,0,13500,2167.61
ORD-17897,2024-06-23,Corporate,East,Furniture,Tables,Standing Desk,2,0.05,22800.0,1651.08
ORD-17898,2023-10-28,Home Office,East,Furniture,Tables,Standing Desk,5,0.05,57000.0,5751.09
ORD-17899,2023-02-16,Corporate,South,Office Supplies,Binders,Heavy Binder Set,5,0.2,2400.0,455.81
ORD-17900,2024-07-17,Home Office,North,Furniture,Chairs,Ergo Office Chair,1,0.1,5850.0,518.07
ORD-17901,2024-02-03,Home Office,East,Office Supplies,Paper,A4 Paper Pack,4,0.1,1260.0,383.01
ORD-17902,2023-10-07,Consumer,East,Technology,Accessories,Wireless Earbuds,5,0,12500,3929.33
ORD-17903,2023-11-03,Corporate,East,Technology,Accessories,Wireless Earbuds,5,0.1,11250.0,2784.07
ORD-17904,2023-05-09,Home Office,South,Office Supplies,Binders,Heavy Binder Set,1,0,600,186.1
ORD-17905,2024-06-20,Consumer,East,Technology,Accessories,Laptop Bag,3,0.1,4860.0,1318.28
ORD-17906,2023-02-25,Corporate,South,Office Supplies,Storage,Storage Box,4,0,3600,886.29
ORD-17907,2024-08-24,Consumer,South,Technology,Phones,Smartphone X,5,0.2,72000.0,-24.85
ORD-17908,2024-05-18,Corporate,East,Technology,Phones,Smartphone X,1,0,18000,2248.94
ORD-17909,2024-08-06,Home Office,East,Technology,Accessories,Wireless Earbuds,5,0.05,11875.0,2881.08
ORD-17910,2023-02-23,Home Office,North,Technology,Phones,Smartphone X,2,0.05,34200.0,3743.03
ORD-17911,2023-10-17,Home Office,East,Furniture,Chairs,Ergo Office Chair,2,0.2,10400.0,815.36
ORD-17912,2023-01-30,Consumer,South,Technology,Accessories,Wireless Earbuds,4,0,10000,3265.98
ORD-17913,2024-11-27,Home Office,East,Office Supplies,Binders,Heavy Binder Set,1,0.1,540.0,117.07
ORD-17914,2023-11-03,Corporate,South,Office Supplies,Binders,Heavy Binder Set,5,0,3000,852.45
ORD-17915,2023-12-16,Corporate,East,Technology,Accessories,Wireless Earbuds,4,0.1,9000.0,2372.15
ORD-17916,2024-03-23,Consumer,North,Office Supplies,Binders,Heavy Binder Set,3,0.05,1710.0,485.84
ORD-17917,2023-01-13,Corporate,East,Office Supplies,Paper,A4 Paper Pack,5,0.2,1400.0,357.27
ORD-17918,2023-02-08,Consumer,South,Technology,Accessories,Laptop Bag,4,0,7200,2052.28
ORD-17919,2023-10-05,Home Office,North,Office Supplies,Paper,A4 Paper Pack,4,0.2,1120.0,290.44
ORD-17920,2023-10-10,Corporate,North,Technology,Phones,Smartphone X,5,0,90000,14662.39
ORD-17921,2023-01-05,Consumer,South,Technology,Phones,Smartphone X,1,0,18000,1808.89
ORD-17922,2023-04-10,Consumer,North,Technology,Accessories,Wireless Earbuds,2,0.2,4000.0,686.65
ORD-17923,2023-08-28,Home Office,North,Technology,Phones,Smartphone X,1,0,18000,2896.37
ORD-17924,2024-06-25,Consumer,North,Technology,Accessories,Laptop Bag,2,0,3600,1217.17
ORD-17925,2024-08-01,Corporate,North,Office Supplies,Binders,Heavy Binder Set,4,0.1,2160.0,478.34
ORD-17926,2023-01-30,Consumer,West,Technology,Accessories,Wireless Earbuds,3,0.1,6750.0,1514.65
ORD-17927,2023-06-22,Corporate,North,Technology,Machines,Laser Printer,5,0,45000,6277.26
ORD-17928,2024-02-21,Home Office,West,Furniture,Tables,Standing Desk,2,0.1,21600.0,1618.95
ORD-17929,2023-04-02,Corporate,North,Office Supplies,Binders,Heavy Binder Set,2,0,1200,294.04
ORD-17930,2024-10-03,Home Office,West,Technology,Machines,Laser Printer,3,0,27000,4004.2
ORD-17931,2023-08-26,Home Office,South,Technology,Phones,Smartphone X,2,0.2,28800.0,58.56
ORD-17932,2024-10-26,Consumer,East,Technology,Accessories,Wireless Earbuds,5,0.2,10000.0,2171.53
ORD-17933,2024-09-08,Corporate,East,Furniture,Tables,Standing Desk,5,0,60000,5190.41
ORD-17934,2024-03-29,Corporate,South,Furniture,Bookcases,Wooden Bookcase,1,0,4500,600.98
ORD-17935,2023-11-07,Home Office,West,Furniture,Chairs,Ergo Office Chair,3,0,19500,3084.35
ORD-17936,2024-04-07,Consumer,South,Furniture,Tables,Standing Desk,5,0.05,57000.0,3979.68
ORD-17937,2023-04-26,Consumer,South,Technology,Machines,Laser Printer,1,0.05,8550.0,489.13
ORD-17938,2023-01-11,Home Office,West,Technology,Accessories,Wireless Earbuds,5,0.05,11875.0,3158.38
ORD-17939,2023-07-30,Corporate,North,Office Supplies,Storage,Storage Box,2,0,1800,451.48
ORD-17940,2023-12-31,Corporate,West,Furniture,Chairs,Ergo Office Chair,5,0,32500,4664.13
ORD-17941,2023-06-23,Corporate,West,Technology,Accessories,Laptop Bag,4,0.05,6840.0,1924.18
ORD-17942,2023-05-12,Home Office,West,Office Supplies,Paper,A4 Paper Pack,1,0.2,280.0,56.71
ORD-17943,2024-11-25,Home Office,North,Furniture,Tables,Standing Desk,5,0.1,54000.0,302.7
ORD-17944,2023-07-13,Home Office,East,Office Supplies,Binders,Heavy Binder Set,1,0.05,570.0,133.28
ORD-17945,2024-10-01,Corporate,East,Furniture,Bookcases,Wooden Bookcase,5,0,22500,3794.24
ORD-17946,2023-12-10,Home Office,West,Technology,Accessories,Wireless Earbuds,2,0.2,4000.0,820.87
ORD-17947,2023-03-25,Home Office,South,Furniture,Chairs,Ergo Office Chair,3,0,19500,3456.32
ORD-17948,2024-04-12,Consumer,South,Technology,Machines,Laser Printer,5,0.05,42750.0,4770.06
ORD-17949,2024-08-18,Home Office,East,Office Supplies,Paper,A4 Paper Pack,4,0,1400,462.79
ORD-17950,2023-04-07,Home Office,East,Furniture,Tables,Standing Desk,5,0,60000,8307.74
ORD-17951,2023-09-15,Consumer,North,Furniture,Tables,Standing Desk,1,0,12000,1576.54
ORD-17952,2023-04-27,Corporate,East,Technology,Accessories,Wireless Earbuds,3,0,7500,2180.85
ORD-17953,2023-09-27,Consumer,South,Furniture,Chairs,Ergo Office Chair,5,0.1,29250.0,2742.95
ORD-17954,2024-12-18,Corporate,West,Furniture,Tables,Standing Desk,3,0.2,28800.0,-1164.22
ORD-17955,2023-11-06,Home Office,West,Technology,Machines,Laser Printer,2,0.1,16200.0,1099.88
ORD-17956,2024-08-25,Home Office,South,Office Supplies,Binders,Heavy Binder Set,3,0,1800,519.09
ORD-17957,2024-05-04,Consumer,South,Furniture,Chairs,Ergo Office Chair,5,0.1,29250.0,2341.69
ORD-17958,2024-08-21,Consumer,East,Office Supplies,Binders,Heavy Binder Set,4,0,2400,728.13
ORD-17959,2024-05-09,Consumer,North,Office Supplies,Binders,Heavy Binder Set,1,0,600,187.88
ORD-17960,2024-11-11,Consumer,South,Furniture,Bookcases,Wooden Bookcase,5,0,22500,3621.07
ORD-17961,2023-02-21,Consumer,North,Furniture,Chairs,Ergo Office Chair,5,0,32500,4967.19
ORD-17962,2023-09-27,Consumer,West,Office Supplies,Binders,Heavy Binder Set,4,0,2400,583.5
ORD-17963,2023-06-01,Corporate,West,Technology,Accessories,Laptop Bag,4,0.2,5760.0,1089.46
ORD-17964,2024-08-29,Corporate,North,Technology,Accessories,Laptop Bag,2,0,3600,1259.06
ORD-17965,2023-01-29,Home Office,East,Technology,Accessories,Laptop Bag,5,0,9000,2564.73
ORD-17966,2023-08-10,Consumer,South,Technology,Phones,Smartphone X,1,0,18000,2461.58
ORD-17967,2024-07-07,Consumer,West,Office Supplies,Paper,A4 Paper Pack,3,0.05,997.5,324.46
ORD-17968,2024-04-18,Home Office,South,Furniture,Chairs,Ergo Office Chair,5,0,32500,6718.95
ORD-17969,2023-10-14,Corporate,South,Furniture,Chairs,Ergo Office Chair,2,0.05,12350.0,2158.63
ORD-17970,2024-05-27,Home Office,North,Technology,Accessories,Wireless Earbuds,1,0,2500,699.3
ORD-17971,2023-12-04,Corporate,North,Furniture,Chairs,Ergo Office Chair,5,0.1,29250.0,4363.14
ORD-17972,2023-07-27,Corporate,South,Furniture,Tables,Standing Desk,2,0.05,22800.0,1999.48
ORD-17973,2024-03-10,Corporate,West,Technology,Phones,Smartphone X,4,0.2,57600.0,3432.18
ORD-17974,2024-10-17,Home Office,North,Furniture,Tables,Standing Desk,2,0.1,21600.0,1267.84
ORD-17975,2023-11-03,Home Office,East,Furniture,Tables,Standing Desk,2,0.2,19200.0,-322.23
ORD-17976,2024-10-30,Corporate,East,Technology,Phones,Smartphone X,3,0.1,48600.0,3049.69
ORD-17977,2023-07-04,Consumer,West,Technology,Accessories,Laptop Bag,3,0.05,5130.0,1642.47
ORD-17978,2024-08-14,Corporate,South,Technology,Machines,Laser Printer,3,0,27000,3924.38
ORD-17979,2023-05-21,Consumer,East,Furniture,Tables,Standing Desk,3,0,36000,4152.77
ORD-17980,2023-04-24,Home Office,West,Technology,Phones,Smartphone X,1,0,18000,2232.3
ORD-17981,2023-03-31,Corporate,East,Office Supplies,Binders,Heavy Binder Set,4,0.1,2160.0,444.39
ORD-17982,2023-06-06,Home Office,West,Technology,Phones,Smartphone X,3,0.05,51300.0,6478.02
ORD-17983,2023-10-15,Consumer,South,Technology,Machines,Laser Printer,4,0.1,32400.0,1106.07
ORD-17984,2024-02-20,Home Office,South,Furniture,Chairs,Ergo Office Chair,1,0,6500,1297.95
ORD-17985,2024-04-26,Home Office,South,Furniture,Bookcases,Wooden Bookcase,2,0.1,8100.0,621.87
ORD-17986,2024-10-02,Corporate,South,Furniture,Bookcases,Wooden Bookcase,4,0.2,14400.0,93.48
ORD-17987,2023-03-21,Home Office,West,Furniture,Bookcases,Wooden Bookcase,2,0,9000,1250.75
ORD-17988,2024-08-18,Consumer,North,Technology,Accessories,Wireless Earbuds,2,0,5000,1595.24
ORD-17989,2023-11-25,Corporate,South,Technology,Accessories,Wireless Earbuds,4,0,10000,3133.63
ORD-17990,2023-11-02,Corporate,North,Furniture,Tables,Standing Desk,5,0.2,48000.0,-2202.78
ORD-17991,2023-09-13,Corporate,West,Technology,Accessories,Laptop Bag,3,0,5400,1607.16
ORD-17992,2023-02-22,Home Office,South,Technology,Accessories,Wireless Earbuds,2,0,5000,1680.37
ORD-17993,2023-09-19,Corporate,East,Office Supplies,Storage,Storage Box,5,0,4500,1273.68
ORD-17994,2024-01-30,Corporate,South,Technology,Machines,Laser Printer,3,0.05,25650.0,1608.87
ORD-17995,2024-03-24,Consumer,West,Furniture,Tables,Standing Desk,2,0.2,19200.0,44.15
ORD-17996,2023-03-03,Consumer,West,Technology,Machines,Laser Printer,1,0.2,7200.0,57.29
ORD-17997,2024-05-01,Home Office,West,Office Supplies,Binders,Heavy Binder Set,5,0,3000,756.76
ORD-17998,2023-12-19,Corporate,South,Technology,Accessories,Wireless Earbuds,3,0,7500,2188.21
ORD-17999,2023-02-05,Consumer,West,Technology,Accessories,Laptop Bag,4,0.2,5760.0,1356.99
ORD-18000,2023-10-09,Consumer,East,Technology,Accessories,Laptop Bag,1,0.2,1440.0,337.91
ORD-18001,2024-12-08,Corporate,East,Office Supplies,Paper,A4 Paper Pack,5,0,1750,621.65
ORD-18002,2023-03-01,Consumer,North,Furniture,Tables,Standing Desk,5,0,60000,4586.21
ORD-18003,2023-08-29,Consumer,West,Office Supplies,Storage,Storage Box,3,0,2700,775.29
ORD-18004,2024-07-06,Home Office,North,Technology,Machines,Laser Printer,1,0.1,8100.0,188.75
ORD-18005,2024-06-11,Corporate,North,Office Supplies,Paper,A4 Paper Pack,2,0,700,229.93
ORD-18006,2024-02-07,Corporate,East,Technology,Machines,Laser Printer,2,0.1,16200.0,1178.29
ORD-18007,2023-10-25,Consumer,West,Furniture,Chairs,Ergo Office Chair,1,0.05,6175.0,1042.18
ORD-18008,2023-03-01,Corporate,East,Furniture,Tables,Standing Desk,5,0,60000,6871.75
ORD-18009,2024-11-10,Corporate,East,Furniture,Chairs,Ergo Office Chair,1,0,6500,1151.39
ORD-18010,2024-08-25,Consumer,East,Office Supplies,Binders,Heavy Binder Set,4,0.05,2280.0,646.66
ORD-18011,2024-10-24,Corporate,South,Furniture,Bookcases,Wooden Bookcase,1,0.1,4050.0,270.53
ORD-18012,2023-05-31,Consumer,West,Technology,Machines,Laser Printer,3,0,27000,4016.23
ORD-18013,2023-05-28,Home Office,West,Furniture,Bookcases,Wooden Bookcase,4,0.2,14400.0,262.87
ORD-18014,2023-10-28,Corporate,North,Technology,Phones,Smartphone X,4,0,72000,8276.19
ORD-18015,2023-12-03,Corporate,East,Office Supplies,Paper,A4 Paper Pack,4,0.05,1330.0,377.15
ORD-18016,2023-01-15,Consumer,West,Furniture,Bookcases,Wooden Bookcase,2,0.05,8550.0,740.0
ORD-18017,2024-01-11,Home Office,South,Office Supplies,Paper,A4 Paper Pack,3,0,1050,397.7
ORD-18018,2023-04-13,Home Office,East,Furniture,Tables,Standing Desk,4,0,48000,6204.08
ORD-18019,2023-02-18,Corporate,South,Furniture,Tables,Standing Desk,1,0.2,9600.0,1.96
ORD-18020,2024-02-22,Corporate,West,Office Supplies,Storage,Storage Box,3,0.1,2430.0,528.53
ORD-18021,2023-02-07,Consumer,North,Technology,Phones,Smartphone X,1,0.1,16200.0,1503.47
ORD-18022,2024-10-26,Home Office,North,Office Supplies,Binders,Heavy Binder Set,1,0.05,570.0,148.53
ORD-18023,2024-03-10,Consumer,South,Technology,Accessories,Laptop Bag,2,0.05,3420.0,877.22
ORD-18024,2024-02-14,Home Office,South,Technology,Accessories,Wireless Earbuds,5,0.1,11250.0,2680.09
ORD-18025,2023-03-14,Consumer,West,Furniture,Bookcases,Wooden Bookcase,1,0,4500,800.16
ORD-18026,2024-06-27,Home Office,North,Office Supplies,Binders,Heavy Binder Set,4,0.2,1920.0,231.62
ORD-18027,2024-12-08,Home Office,South,Office Supplies,Paper,A4 Paper Pack,4,0.2,1120.0,288.26
ORD-18028,2023-04-05,Corporate,South,Technology,Machines,Laser Printer,3,0.1,24300.0,2007.52
ORD-18029,2024-05-20,Corporate,West,Technology,Accessories,Laptop Bag,2,0,3600,1154.99
ORD-18030,2023-09-11,Consumer,North,Technology,Accessories,Wireless Earbuds,4,0.05,9500.0,2337.7
ORD-18031,2024-09-17,Consumer,East,Office Supplies,Binders,Heavy Binder Set,3,0.1,1620.0,323.48
ORD-18032,2023-04-14,Corporate,East,Office Supplies,Binders,Heavy Binder Set,4,0,2400,726.42
ORD-18033,2024-03-29,Consumer,South,Office Supplies,Binders,Heavy Binder Set,4,0.2,1920.0,287.22
ORD-18034,2023-08-29,Home Office,North,Office Supplies,Paper,A4 Paper Pack,3,0,1050,357.7
ORD-18035,2023-12-02,Home Office,South,Office Supplies,Binders,Heavy Binder Set,1,0,600,156.09
ORD-18036,2023-11-03,Consumer,East,Office Supplies,Storage,Storage Box,1,0.2,720.0,121.65
ORD-18037,2023-04-02,Corporate,North,Furniture,Bookcases,Wooden Bookcase,1,0,4500,567.61
ORD-18038,2024-06-10,Home Office,West,Furniture,Tables,Standing Desk,5,0.05,57000.0,5565.74
ORD-18039,2023-09-02,Corporate,East,Furniture,Tables,Standing Desk,3,0.05,34200.0,2940.78
ORD-18040,2024-01-30,Home Office,South,Technology,Accessories,Wireless Earbuds,5,0.05,11875.0,2938.04
ORD-18041,2023-03-21,Corporate,West,Technology,Machines,Laser Printer,3,0,27000,3261.82
ORD-18042,2023-07-30,Consumer,East,Technology,Phones,Smartphone X,3,0,54000,6341.5
ORD-18043,2023-02-19,Home Office,West,Furniture,Tables,Standing Desk,4,0,48000,3086.92
ORD-18044,2023-08-31,Home Office,South,Office Supplies,Paper,A4 Paper Pack,5,0.1,1575.0,509.64
ORD-18045,2024-02-04,Consumer,South,Furniture,Tables,Standing Desk,3,0.05,34200.0,3446.23
ORD-18046,2023-08-20,Home Office,South,Technology,Machines,Laser Printer,3,0.2,21600.0,-452.12
ORD-18047,2023-07-18,Corporate,South,Technology,Accessories,Wireless Earbuds,1,0.05,2375.0,616.29
ORD-18048,2024-03-24,Corporate,West,Technology,Accessories,Laptop Bag,4,0.05,6840.0,2169.03
ORD-18049,2024-07-18,Consumer,South,Technology,Phones,Smartphone X,4,0.05,68400.0,8245.06
ORD-18050,2023-06-10,Corporate,East,Office Supplies,Paper,A4 Paper Pack,4,0.2,1120.0,256.43
ORD-18051,2024-09-18,Corporate,North,Technology,Phones,Smartphone X,5,0,90000,10461.4
ORD-18052,2024-07-06,Consumer,North,Technology,Accessories,Wireless Earbuds,5,0,12500,4236.25
ORD-18053,2023-06-13,Corporate,South,Furniture,Tables,Standing Desk,1,0.1,10800.0,635.68
ORD-18054,2023-12-17,Consumer,North,Technology,Accessories,Wireless Earbuds,4,0,10000,3149.99
ORD-18055,2023-06-08,Corporate,East,Technology,Phones,Smartphone X,4,0.05,68400.0,6947.07
ORD-18056,2023-03-14,Home Office,West,Office Supplies,Storage,Storage Box,3,0.05,2565.0,566.1
ORD-18057,2024-06-11,Corporate,East,Technology,Accessories,Laptop Bag,4,0.1,6480.0,1710.26
ORD-18058,2024-09-23,Corporate,West,Office Supplies,Binders,Heavy Binder Set,5,0.2,2400.0,456.84
ORD-18059,2023-03-06,Home Office,East,Furniture,Tables,Standing Desk,5,0,60000,5798.9
ORD-18060,2023-11-06,Consumer,South,Technology,Accessories,Laptop Bag,1,0.05,1710.0,508.06
ORD-18061,2024-04-14,Home Office,South,Technology,Accessories,Laptop Bag,3,0,5400,1520.96
ORD-18062,2024-11-27,Corporate,East,Office Supplies,Binders,Heavy Binder Set,5,0.05,2850.0,687.99
ORD-18063,2023-04-20,Corporate,North,Technology,Phones,Smartphone X,2,0,36000,6313.15
ORD-18064,2024-04-16,Consumer,East,Technology,Phones,Smartphone X,3,0,54000,6529.8
ORD-18065,2024-07-11,Consumer,South,Technology,Phones,Smartphone X,4,0.05,68400.0,6834.08
ORD-18066,2023-06-12,Corporate,West,Technology,Machines,Laser Printer,5,0,45000,5760.68
ORD-18067,2023-02-09,Consumer,East,Technology,Accessories,Laptop Bag,4,0.2,5760.0,954.16
ORD-18068,2024-08-03,Consumer,East,Technology,Accessories,Laptop Bag,2,0.2,2880.0,596.87
ORD-18069,2024-07-24,Corporate,North,Furniture,Chairs,Ergo Office Chair,5,0.05,30875.0,4736.83
ORD-18070,2023-04-18,Consumer,North,Technology,Accessories,Laptop Bag,4,0.05,6840.0,1978.63
ORD-18071,2024-11-28,Corporate,North,Furniture,Chairs,Ergo Office Chair,3,0,19500,3714.39
ORD-18072,2024-12-27,Home Office,South,Furniture,Chairs,Ergo Office Chair,1,0,6500,1295.34
ORD-18073,2024-05-18,Home Office,East,Furniture,Tables,Standing Desk,5,0.2,48000.0,-666.7
ORD-18074,2023-07-04,Corporate,North,Technology,Accessories,Wireless Earbuds,2,0,5000,1312.75
ORD-18075,2023-08-23,Home Office,West,Technology,Phones,Smartphone X,2,0,36000,3899.53
ORD-18076,2023-01-25,Corporate,South,Office Supplies,Paper,A4 Paper Pack,3,0,1050,399.79
ORD-18077,2023-06-13,Consumer,East,Furniture,Chairs,Ergo Office Chair,3,0.2,15600.0,498.08
ORD-18078,2024-10-14,Corporate,West,Office Supplies,Binders,Heavy Binder Set,1,0.1,540.0,121.93
ORD-18079,2023-05-03,Home Office,East,Technology,Accessories,Wireless Earbuds,4,0.05,9500.0,2645.21
ORD-18080,2024-06-20,Consumer,West,Technology,Accessories,Laptop Bag,2,0,3600,1018.1
ORD-18081,2023-04-13,Corporate,North,Furniture,Tables,Standing Desk,5,0,60000,3988.35
ORD-18082,2024-10-27,Home Office,West,Furniture,Bookcases,Wooden Bookcase,1,0.2,3600.0,232.75
ORD-18083,2023-06-27,Home Office,East,Furniture,Chairs,Ergo Office Chair,2,0,13000,2534.92
ORD-18084,2024-03-06,Home Office,East,Technology,Accessories,Wireless Earbuds,5,0.05,11875.0,3395.39
ORD-18085,2023-03-11,Corporate,East,Office Supplies,Paper,A4 Paper Pack,4,0,1400,487.92
ORD-18086,2023-12-21,Home Office,West,Office Supplies,Paper,A4 Paper Pack,3,0.2,840.0,195.3
ORD-18087,2024-07-29,Corporate,West,Office Supplies,Paper,A4 Paper Pack,2,0,700,241.74
ORD-18088,2023-12-07,Home Office,South,Office Supplies,Binders,Heavy Binder Set,1,0,600,147.16
ORD-18089,2024-09-23,Home Office,West,Technology,Accessories,Laptop Bag,1,0.05,1710.0,479.44
ORD-18090,2023-01-01,Home Office,West,Office Supplies,Binders,Heavy Binder Set,1,0,600,150.09
ORD-18091,2024-02-28,Corporate,South,Office Supplies,Paper,A4 Paper Pack,2,0.2,560.0,118.79
ORD-18092,2023-11-23,Consumer,South,Furniture,Tables,Standing Desk,2,0,24000,2782.84
ORD-18093,2024-03-21,Corporate,East,Office Supplies,Binders,Heavy Binder Set,5,0.2,2400.0,432.91
ORD-18094,2023-11-10,Consumer,West,Furniture,Bookcases,Wooden Bookcase,5,0,22500,3803.02
ORD-18095,2024-02-02,Home Office,East,Furniture,Tables,Standing Desk,5,0.2,48000.0,-916.98
ORD-18096,2024-03-18,Home Office,South,Furniture,Chairs,Ergo Office Chair,2,0,13000,2037.9
ORD-18097,2023-05-06,Home Office,South,Office Supplies,Storage,Storage Box,4,0.1,3240.0,608.03
ORD-18098,2023-12-12,Corporate,East,Furniture,Bookcases,Wooden Bookcase,4,0.1,16200.0,1286.98
ORD-18099,2023-12-21,Consumer,East,Office Supplies,Paper,A4 Paper Pack,3,0,1050,325.86
ORD-18100,2024-07-05,Home Office,North,Office Supplies,Paper,A4 Paper Pack,3,0,1050,327.02
ORD-18101,2023-06-17,Corporate,North,Technology,Machines,Laser Printer,2,0,18000,2848.99
ORD-18102,2023-07-14,Consumer,East,Technology,Machines,Laser Printer,2,0.05,17100.0,1392.95
ORD-18103,2024-06-23,Corporate,East,Technology,Phones,Smartphone X,5,0,90000,15035.77
ORD-18104,2024-12-10,Home Office,South,Office Supplies,Binders,Heavy Binder Set,2,0,1200,315.5
ORD-18105,2024-04-30,Home Office,East,Office Supplies,Paper,A4 Paper Pack,4,0,1400,450.29
ORD-18106,2023-12-26,Consumer,North,Office Supplies,Paper,A4 Paper Pack,1,0,350,135.94
ORD-18107,2023-12-19,Corporate,West,Technology,Accessories,Wireless Earbuds,1,0,2500,678.9
ORD-18108,2023-07-25,Corporate,West,Office Supplies,Binders,Heavy Binder Set,5,0,3000,863.48
ORD-18109,2024-03-18,Consumer,South,Furniture,Chairs,Ergo Office Chair,5,0,32500,5189.0
ORD-18110,2024-01-21,Home Office,West,Office Supplies,Paper,A4 Paper Pack,5,0.1,1575.0,420.24
ORD-18111,2024-01-18,Corporate,South,Office Supplies,Storage,Storage Box,2,0,1800,451.83
ORD-18112,2024-02-13,Corporate,East,Office Supplies,Paper,A4 Paper Pack,5,0,1750,670.05
ORD-18113,2023-05-16,Home Office,South,Technology,Machines,Laser Printer,2,0,18000,1493.49
ORD-18114,2023-12-18,Consumer,North,Office Supplies,Binders,Heavy Binder Set,2,0.2,960.0,163.72
ORD-18115,2024-03-01,Corporate,West,Office Supplies,Storage,Storage Box,1,0.05,855.0,218.33
ORD-18116,2023-01-23,Home Office,East,Furniture,Chairs,Ergo Office Chair,2,0,13000,2003.57
ORD-18117,2023-02-13,Consumer,West,Office Supplies,Paper,A4 Paper Pack,4,0,1400,545.73
ORD-18118,2024-05-02,Consumer,West,Office Supplies,Paper,A4 Paper Pack,2,0.1,630.0,161.94
ORD-18119,2023-10-28,Corporate,South,Office Supplies,Binders,Heavy Binder Set,4,0.1,2160.0,536.26
ORD-18120,2024-05-31,Home Office,North,Office Supplies,Binders,Heavy Binder Set,1,0.1,540.0,140.22
ORD-18121,2023-09-27,Home Office,South,Technology,Accessories,Laptop Bag,4,0,7200,2538.65
ORD-18122,2023-06-13,Consumer,West,Furniture,Bookcases,Wooden Bookcase,2,0.2,7200.0,207.88
ORD-18123,2023-04-29,Home Office,South,Furniture,Tables,Standing Desk,2,0.05,22800.0,898.04
ORD-18124,2023-07-01,Consumer,West,Furniture,Tables,Standing Desk,5,0.2,48000.0,-1066.62
ORD-18125,2023-09-21,Consumer,West,Office Supplies,Storage,Storage Box,5,0,4500,1225.77
ORD-18126,2024-07-10,Consumer,West,Technology,Accessories,Wireless Earbuds,2,0,5000,1532.13
ORD-18127,2023-06-29,Corporate,South,Furniture,Bookcases,Wooden Bookcase,4,0,18000,2360.75
ORD-18128,2024-03-16,Home Office,East,Furniture,Bookcases,Wooden Bookcase,4,0,18000,3143.52
ORD-18129,2023-01-26,Home Office,East,Office Supplies,Binders,Heavy Binder Set,2,0.1,1080.0,274.64
ORD-18130,2024-09-15,Consumer,North,Office Supplies,Storage,Storage Box,3,0.1,2430.0,515.12
ORD-18131,2024-02-29,Home Office,South,Technology,Accessories,Laptop Bag,5,0.05,8550.0,2434.14
ORD-18132,2024-08-02,Corporate,North,Furniture,Tables,Standing Desk,3,0.2,28800.0,-1690.18
ORD-18133,2024-10-05,Corporate,South,Technology,Accessories,Laptop Bag,1,0,1800,576.46
ORD-18134,2023-09-17,Corporate,East,Technology,Accessories,Laptop Bag,4,0,7200,2173.37
ORD-18135,2023-06-26,Consumer,North,Office Supplies,Paper,A4 Paper Pack,3,0.1,945.0,278.99
ORD-18136,2023-12-23,Consumer,South,Technology,Accessories,Laptop Bag,5,0.2,7200.0,1408.11
ORD-18137,2023-05-01,Consumer,East,Office Supplies,Paper,A4 Paper Pack,3,0.05,997.5,337.59
ORD-18138,2024-11-17,Consumer,South,Furniture,Chairs,Ergo Office Chair,1,0,6500,986.84
ORD-18139,2023-12-05,Home Office,West,Furniture,Bookcases,Wooden Bookcase,1,0.05,4275.0,630.09
ORD-18140,2024-07-17,Home Office,North,Office Supplies,Paper,A4 Paper Pack,5,0,1750,662.39
ORD-18141,2024-10-23,Home Office,West,Technology,Accessories,Wireless Earbuds,3,0,7500,2094.19
ORD-18142,2024-04-22,Consumer,South,Technology,Phones,Smartphone X,1,0.05,17100.0,1902.51
ORD-18143,2024-07-16,Consumer,North,Technology,Phones,Smartphone X,4,0,72000,12224.76
ORD-18144,2023-10-27,Corporate,South,Technology,Accessories,Laptop Bag,1,0,1800,556.7
ORD-18145,2024-10-02,Corporate,West,Technology,Machines,Laser Printer,2,0,18000,1808.84
ORD-18146,2023-09-12,Home Office,East,Furniture,Chairs,Ergo Office Chair,2,0,13000,1919.75
ORD-18147,2023-07-30,Home Office,East,Technology,Accessories,Wireless Earbuds,2,0.1,4500.0,1188.61
ORD-18148,2024-04-27,Consumer,North,Office Supplies,Binders,Heavy Binder Set,4,0.1,2160.0,492.43
ORD-18149,2023-06-29,Home Office,North,Technology,Accessories,Wireless Earbuds,3,0.05,7125.0,1971.52
ORD-18150,2023-12-20,Consumer,North,Furniture,Bookcases,Wooden Bookcase,4,0.1,16200.0,1288.66
ORD-18151,2024-09-12,Consumer,South,Furniture,Chairs,Ergo Office Chair,4,0,26000,4993.64
ORD-18152,2024-01-15,Home Office,North,Office Supplies,Binders,Heavy Binder Set,3,0,1800,533.51
ORD-18153,2023-02-17,Home Office,South,Furniture,Chairs,Ergo Office Chair,1,0.2,5200.0,260.31
ORD-18154,2024-09-07,Home Office,West,Technology,Machines,Laser Printer,1,0,9000,946.06
ORD-18155,2024-10-18,Home Office,West,Office Supplies,Storage,Storage Box,5,0.1,4050.0,853.0
ORD-18156,2023-04-12,Consumer,East,Technology,Accessories,Laptop Bag,2,0,3600,1232.87
ORD-18157,2023-02-12,Corporate,West,Technology,Machines,Laser Printer,1,0.1,8100.0,394.74
ORD-18158,2024-10-01,Consumer,South,Office Supplies,Storage,Storage Box,2,0.2,1440.0,141.91
ORD-18159,2024-04-25,Corporate,West,Technology,Phones,Smartphone X,3,0.2,43200.0,1657.35
ORD-18160,2023-09-02,Corporate,East,Technology,Accessories,Laptop Bag,5,0,9000,2914.51
ORD-18161,2024-12-05,Corporate,East,Technology,Accessories,Laptop Bag,2,0.1,3240.0,957.42
ORD-18162,2024-12-25,Corporate,North,Office Supplies,Binders,Heavy Binder Set,1,0.1,540.0,130.5
ORD-18163,2024-05-21,Home Office,West,Furniture,Bookcases,Wooden Bookcase,3,0.1,12150.0,1052.05
ORD-18164,2023-01-28,Home Office,North,Office Supplies,Paper,A4 Paper Pack,4,0,1400,459.2
ORD-18165,2024-09-08,Corporate,East,Office Supplies,Paper,A4 Paper Pack,1,0.1,315.0,95.1
ORD-18166,2024-04-05,Consumer,South,Technology,Accessories,Wireless Earbuds,3,0,7500,2465.44
ORD-18167,2024-11-05,Corporate,West,Technology,Phones,Smartphone X,4,0.05,68400.0,8226.47
ORD-18168,2024-09-10,Home Office,East,Furniture,Bookcases,Wooden Bookcase,1,0,4500,717.33
ORD-18169,2024-04-18,Home Office,South,Office Supplies,Binders,Heavy Binder Set,4,0,2400,669.06
ORD-18170,2024-09-02,Home Office,North,Office Supplies,Binders,Heavy Binder Set,5,0.2,2400.0,473.73
ORD-18171,2024-11-12,Consumer,North,Furniture,Tables,Standing Desk,4,0,48000,3746.89
ORD-18172,2024-06-03,Home Office,West,Furniture,Bookcases,Wooden Bookcase,2,0,9000,1489.61
ORD-18173,2024-08-19,Corporate,West,Technology,Phones,Smartphone X,5,0,90000,9193.73
ORD-18174,2024-10-29,Corporate,South,Furniture,Tables,Standing Desk,4,0,48000,6371.64
ORD-18175,2023-07-08,Home Office,North,Furniture,Chairs,Ergo Office Chair,2,0,13000,1924.74
ORD-18176,2023-04-09,Consumer,North,Office Supplies,Paper,A4 Paper Pack,2,0,700,244.16
ORD-18177,2024-07-31,Home Office,South,Furniture,Chairs,Ergo Office Chair,1,0.1,5850.0,892.12
ORD-18178,2023-03-15,Home Office,North,Furniture,Tables,Standing Desk,3,0,36000,2879.68
ORD-18179,2023-06-05,Consumer,West,Office Supplies,Paper,A4 Paper Pack,2,0,700,258.32
ORD-18180,2023-07-18,Home Office,West,Technology,Machines,Laser Printer,3,0.05,25650.0,1938.91
ORD-18181,2023-11-04,Corporate,North,Office Supplies,Storage,Storage Box,1,0.2,720.0,102.72
ORD-18182,2023-01-24,Home Office,South,Furniture,Bookcases,Wooden Bookcase,5,0.1,20250.0,2077.8
ORD-18183,2024-02-03,Consumer,North,Furniture,Bookcases,Wooden Bookcase,4,0,18000,3225.83
ORD-18184,2024-09-22,Home Office,East,Furniture,Tables,Standing Desk,2,0.2,19200.0,-317.19
ORD-18185,2023-12-01,Corporate,West,Technology,Accessories,Wireless Earbuds,5,0.2,10000.0,1439.46
ORD-18186,2024-04-01,Corporate,North,Furniture,Tables,Standing Desk,5,0.2,48000.0,651.82
ORD-18187,2023-09-19,Consumer,East,Technology,Accessories,Wireless Earbuds,3,0,7500,2206.61
ORD-18188,2023-07-09,Corporate,East,Office Supplies,Binders,Heavy Binder Set,1,0,600,144.18
ORD-18189,2023-11-04,Home Office,East,Technology,Machines,Laser Printer,4,0.05,34200.0,2881.54
ORD-18190,2023-08-07,Home Office,West,Furniture,Bookcases,Wooden Bookcase,3,0,13500,2324.46
ORD-18191,2023-06-15,Home Office,East,Office Supplies,Binders,Heavy Binder Set,4,0.05,2280.0,544.57
ORD-18192,2024-03-30,Corporate,South,Technology,Phones,Smartphone X,2,0.2,28800.0,-49.23
ORD-18193,2023-06-25,Corporate,West,Office Supplies,Storage,Storage Box,1,0.05,855.0,166.28
ORD-18194,2024-12-13,Home Office,West,Office Supplies,Storage,Storage Box,3,0.1,2430.0,490.13
ORD-18195,2023-03-14,Corporate,South,Office Supplies,Paper,A4 Paper Pack,2,0.1,630.0,183.54
ORD-18196,2024-06-09,Consumer,South,Office Supplies,Storage,Storage Box,1,0.2,720.0,86.35
ORD-18197,2023-03-07,Home Office,South,Furniture,Bookcases,Wooden Bookcase,1,0.2,3600.0,21.5
ORD-18198,2023-09-17,Consumer,West,Technology,Accessories,Wireless Earbuds,1,0.05,2375.0,716.62
ORD-18199,2024-01-06,Home Office,South,Office Supplies,Binders,Heavy Binder Set,2,0,1200,317.44
ORD-18200,2023-11-25,Home Office,North,Technology,Machines,Laser Printer,2,0.1,16200.0,1476.0
ORD-18201,2023-12-20,Corporate,South,Office Supplies,Paper,A4 Paper Pack,1,0.1,315.0,96.36
ORD-18202,2024-10-12,Home Office,East,Furniture,Bookcases,Wooden Bookcase,5,0.1,20250.0,1565.12
ORD-18203,2024-05-01,Corporate,West,Technology,Accessories,Wireless Earbuds,2,0.2,4000.0,785.65
ORD-18204,2023-08-17,Consumer,West,Office Supplies,Storage,Storage Box,4,0,3600,884.73
ORD-18205,2023-05-27,Consumer,West,Office Supplies,Binders,Heavy Binder Set,2,0.1,1080.0,248.7
ORD-18206,2023-09-18,Consumer,West,Furniture,Bookcases,Wooden Bookcase,4,0.05,17100.0,2174.81
ORD-18207,2023-04-04,Consumer,North,Furniture,Chairs,Ergo Office Chair,3,0,19500,2962.96
ORD-18208,2024-01-06,Consumer,South,Technology,Accessories,Laptop Bag,3,0,5400,1656.18
ORD-18209,2023-08-06,Consumer,East,Furniture,Bookcases,Wooden Bookcase,2,0.1,8100.0,1025.91
ORD-18210,2024-02-05,Consumer,West,Technology,Phones,Smartphone X,1,0.05,17100.0,2352.82
ORD-18211,2023-02-06,Corporate,East,Office Supplies,Paper,A4 Paper Pack,3,0.1,945.0,305.06
ORD-18212,2023-09-02,Consumer,North,Furniture,Chairs,Ergo Office Chair,4,0.2,20800.0,2014.04
ORD-18213,2023-03-14,Corporate,North,Furniture,Bookcases,Wooden Bookcase,4,0.1,16200.0,933.93
ORD-18214,2023-10-12,Consumer,South,Furniture,Tables,Standing Desk,1,0,12000,1565.85
ORD-18215,2023-12-15,Consumer,South,Office Supplies,Storage,Storage Box,3,0,2700,723.35
ORD-18216,2023-07-20,Consumer,West,Office Supplies,Binders,Heavy Binder Set,5,0,3000,723.74
ORD-18217,2023-03-25,Corporate,East,Furniture,Bookcases,Wooden Bookcase,4,0.2,14400.0,-26.34
ORD-18218,2023-03-18,Home Office,East,Technology,Accessories,Laptop Bag,3,0,5400,1632.86
ORD-18219,2023-09-03,Corporate,North,Furniture,Chairs,Ergo Office Chair,5,0.05,30875.0,5514.22
ORD-18220,2024-12-02,Home Office,North,Office Supplies,Binders,Heavy Binder Set,2,0.1,1080.0,228.45
ORD-18221,2024-09-16,Home Office,North,Office Supplies,Storage,Storage Box,1,0.1,810.0,138.17
ORD-18222,2023-10-14,Corporate,South,Office Supplies,Storage,Storage Box,3,0.1,2430.0,391.7
ORD-18223,2024-12-17,Consumer,East,Technology,Phones,Smartphone X,5,0.1,81000.0,3443.84
ORD-18224,2024-06-17,Consumer,North,Office Supplies,Paper,A4 Paper Pack,3,0,1050,354.09
ORD-18225,2024-05-02,Home Office,North,Office Supplies,Paper,A4 Paper Pack,1,0,350,118.51
ORD-18226,2024-05-11,Home Office,West,Technology,Accessories,Laptop Bag,1,0.1,1620.0,367.24
ORD-18227,2023-06-23,Corporate,South,Technology,Phones,Smartphone X,1,0,18000,2509.89
ORD-18228,2024-06-10,Corporate,South,Technology,Machines,Laser Printer,4,0,36000,3359.02
ORD-18229,2024-09-07,Consumer,South,Technology,Accessories,Laptop Bag,3,0,5400,1625.06
ORD-18230,2024-11-05,Corporate,West,Office Supplies,Paper,A4 Paper Pack,1,0,350,124.88
ORD-18231,2023-06-25,Home Office,East,Furniture,Chairs,Ergo Office Chair,3,0,19500,2986.32
ORD-18232,2023-07-15,Home Office,West,Furniture,Chairs,Ergo Office Chair,1,0,6500,1357.83
ORD-18233,2024-10-17,Home Office,East,Furniture,Tables,Standing Desk,3,0,36000,2720.85
ORD-18234,2024-08-20,Consumer,West,Technology,Accessories,Laptop Bag,4,0,7200,2099.56
ORD-18235,2024-08-31,Corporate,South,Technology,Phones,Smartphone X,5,0.1,81000.0,7271.55
ORD-18236,2023-12-10,Home Office,South,Technology,Phones,Smartphone X,3,0,54000,6516.14
ORD-18237,2023-03-28,Home Office,North,Office Supplies,Paper,A4 Paper Pack,3,0,1050,391.95
ORD-18238,2024-05-31,Consumer,South,Office Supplies,Paper,A4 Paper Pack,3,0.05,997.5,304.08
ORD-18239,2024-05-29,Corporate,South,Furniture,Tables,Standing Desk,2,0.05,22800.0,758.28
ORD-18240,2024-01-31,Corporate,South,Technology,Accessories,Laptop Bag,2,0,3600,1062.53
ORD-18241,2023-09-28,Home Office,East,Office Supplies,Binders,Heavy Binder Set,5,0.1,2700.0,526.53
ORD-18242,2024-11-10,Consumer,East,Furniture,Tables,Standing Desk,3,0.1,32400.0,1465.08
ORD-18243,2023-02-17,Home Office,East,Office Supplies,Binders,Heavy Binder Set,3,0.05,1710.0,403.16
ORD-18244,2024-04-02,Consumer,South,Office Supplies,Binders,Heavy Binder Set,3,0.05,1710.0,409.2
ORD-18245,2024-01-12,Corporate,South,Office Supplies,Storage,Storage Box,5,0.2,3600.0,419.94
ORD-18246,2024-01-28,Corporate,North,Office Supplies,Paper,A4 Paper Pack,4,0.05,1330.0,417.45
ORD-18247,2023-06-07,Consumer,South,Technology,Phones,Smartphone X,1,0,18000,1983.77
ORD-18248,2023-06-18,Home Office,East,Office Supplies,Storage,Storage Box,4,0,3600,982.38
ORD-18249,2023-05-15,Corporate,East,Furniture,Tables,Standing Desk,3,0.2,28800.0,-549.9
ORD-18250,2024-05-12,Home Office,South,Furniture,Bookcases,Wooden Bookcase,4,0,18000,2792.01
ORD-18251,2024-03-30,Corporate,South,Office Supplies,Storage,Storage Box,2,0.1,1620.0,332.83
ORD-18252,2023-10-06,Consumer,East,Furniture,Tables,Standing Desk,2,0,24000,2636.65
ORD-18253,2024-05-22,Corporate,South,Furniture,Bookcases,Wooden Bookcase,2,0,9000,1243.42
ORD-18254,2024-05-15,Consumer,West,Furniture,Tables,Standing Desk,4,0.05,45600.0,4817.4
ORD-18255,2024-11-30,Consumer,East,Technology,Accessories,Laptop Bag,5,0.2,7200.0,1575.28
ORD-18256,2023-12-12,Consumer,North,Furniture,Bookcases,Wooden Bookcase,4,0,18000,2577.91
ORD-18257,2024-02-04,Consumer,South,Technology,Accessories,Wireless Earbuds,1,0,2500,813.85
ORD-18258,2024-10-18,Corporate,North,Technology,Machines,Laser Printer,2,0.1,16200.0,762.37
ORD-18259,2023-05-15,Consumer,South,Office Supplies,Paper,A4 Paper Pack,5,0.1,1575.0,422.03
ORD-18260,2024-02-12,Consumer,West,Furniture,Tables,Standing Desk,1,0,12000,1657.13
ORD-18261,2024-08-28,Consumer,North,Technology,Machines,Laser Printer,4,0.2,28800.0,1150.01
ORD-18262,2023-08-10,Home Office,North,Furniture,Bookcases,Wooden Bookcase,2,0.05,8550.0,756.78
ORD-18263,2023-07-20,Corporate,West,Technology,Accessories,Wireless Earbuds,5,0.05,11875.0,3195.32
ORD-18264,2024-02-08,Corporate,North,Technology,Phones,Smartphone X,1,0.2,14400.0,-144.39
ORD-18265,2023-06-06,Consumer,West,Office Supplies,Paper,A4 Paper Pack,5,0,1750,568.57
ORD-18266,2023-05-23,Consumer,South,Furniture,Bookcases,Wooden Bookcase,3,0.05,12825.0,1652.71
ORD-18267,2023-05-25,Consumer,East,Office Supplies,Paper,A4 Paper Pack,5,0.2,1400.0,287.09
ORD-18268,2023-11-24,Home Office,North,Technology,Accessories,Laptop Bag,4,0,7200,2117.37
ORD-18269,2023-09-24,Home Office,West,Furniture,Bookcases,Wooden Bookcase,3,0,13500,1975.4
ORD-18270,2023-11-19,Consumer,East,Technology,Machines,Laser Printer,4,0,36000,5412.9
ORD-18271,2023-11-14,Home Office,West,Technology,Phones,Smartphone X,5,0,90000,9104.71
ORD-18272,2024-01-08,Corporate,West,Technology,Accessories,Wireless Earbuds,5,0.2,10000.0,1698.46
ORD-18273,2023-12-29,Home Office,South,Technology,Accessories,Laptop Bag,4,0.1,6480.0,1721.83
ORD-18274,2024-05-06,Home Office,East,Technology,Accessories,Wireless Earbuds,5,0.2,10000.0,1498.67
ORD-18275,2024-02-17,Consumer,North,Office Supplies,Binders,Heavy Binder Set,3,0.05,1710.0,375.2
ORD-18276,2024-03-15,Corporate,East,Technology,Phones,Smartphone X,1,0,18000,2216.26
ORD-18277,2023-03-26,Corporate,South,Furniture,Bookcases,Wooden Bookcase,5,0.05,21375.0,3259.31
ORD-18278,2023-09-08,Home Office,West,Furniture,Chairs,Ergo Office Chair,2,0.05,12350.0,1392.35
ORD-18279,2023-10-31,Home Office,East,Office Supplies,Paper,A4 Paper Pack,5,0.05,1662.5,573.14
ORD-18280,2024-08-24,Consumer,North,Furniture,Tables,Standing Desk,2,0,24000,1610.68
ORD-18281,2023-02-14,Home Office,East,Office Supplies,Paper,A4 Paper Pack,3,0,1050,351.09
ORD-18282,2024-09-14,Home Office,East,Furniture,Chairs,Ergo Office Chair,5,0.05,30875.0,5209.38
ORD-18283,2024-07-06,Corporate,North,Technology,Accessories,Wireless Earbuds,1,0,2500,720.73
ORD-18284,2024-05-02,Corporate,East,Furniture,Chairs,Ergo Office Chair,1,0.2,5200.0,425.38
ORD-18285,2024-02-25,Home Office,East,Technology,Phones,Smartphone X,5,0.2,72000.0,1703.77
ORD-18286,2024-02-06,Corporate,East,Technology,Accessories,Laptop Bag,4,0.1,6480.0,1523.6
ORD-18287,2023-06-03,Corporate,East,Technology,Machines,Laser Printer,2,0,18000,1816.91
ORD-18288,2023-05-06,Home Office,West,Technology,Accessories,Wireless Earbuds,2,0,5000,1582.88
ORD-18289,2023-02-04,Consumer,North,Technology,Machines,Laser Printer,1,0.1,8100.0,742.21
ORD-18290,2024-05-17,Home Office,North,Technology,Phones,Smartphone X,5,0.2,72000.0,2758.24
ORD-18291,2023-08-27,Consumer,East,Furniture,Tables,Standing Desk,1,0,12000,722.05
ORD-18292,2023-01-11,Home Office,East,Technology,Accessories,Wireless Earbuds,2,0.2,4000.0,645.2
ORD-18293,2024-06-11,Corporate,North,Technology,Accessories,Laptop Bag,4,0,7200,2467.35
ORD-18294,2024-10-17,Corporate,East,Technology,Machines,Laser Printer,4,0,36000,4182.44
ORD-18295,2024-05-22,Home Office,West,Technology,Accessories,Laptop Bag,2,0,3600,1106.08
ORD-18296,2023-01-10,Consumer,West,Furniture,Tables,Standing Desk,2,0,24000,1490.24
ORD-18297,2023-08-01,Home Office,West,Furniture,Tables,Standing Desk,2,0,24000,2731.57
ORD-18298,2024-01-22,Corporate,South,Furniture,Bookcases,Wooden Bookcase,2,0.05,8550.0,1226.75
ORD-18299,2023-01-15,Consumer,South,Technology,Accessories,Wireless Earbuds,5,0.2,10000.0,1839.14
ORD-18300,2023-08-19,Consumer,North,Office Supplies,Paper,A4 Paper Pack,4,0,1400,538.8
ORD-18301,2024-03-20,Corporate,North,Office Supplies,Binders,Heavy Binder Set,1,0,600,144.38
ORD-18302,2024-03-22,Home Office,East,Furniture,Chairs,Ergo Office Chair,3,0,19500,4026.39
ORD-18303,2024-04-02,Consumer,North,Technology,Accessories,Wireless Earbuds,4,0,10000,3119.51
ORD-18304,2023-11-21,Home Office,West,Technology,Machines,Laser Printer,3,0,27000,2676.77
ORD-18305,2023-01-02,Consumer,West,Office Supplies,Paper,A4 Paper Pack,1,0,350,133.65
ORD-18306,2024-07-17,Corporate,South,Furniture,Bookcases,Wooden Bookcase,5,0.05,21375.0,2017.92
ORD-18307,2023-12-10,Corporate,South,Office Supplies,Binders,Heavy Binder Set,2,0,1200,353.73
ORD-18308,2023-06-30,Consumer,East,Technology,Phones,Smartphone X,1,0,18000,3131.94
ORD-18309,2024-11-28,Corporate,North,Technology,Accessories,Laptop Bag,4,0,7200,2272.34
ORD-18310,2023-05-24,Home Office,West,Furniture,Chairs,Ergo Office Chair,1,0,6500,1095.53
ORD-18311,2024-01-03,Home Office,East,Technology,Accessories,Laptop Bag,3,0.1,4860.0,1361.02
ORD-18312,2023-04-29,Corporate,South,Office Supplies,Paper,A4 Paper Pack,4,0,1400,443.73
ORD-18313,2023-01-14,Home Office,East,Technology,Accessories,Laptop Bag,1,0,1800,596.45
ORD-18314,2024-05-24,Corporate,East,Technology,Accessories,Wireless Earbuds,2,0,5000,1442.31
ORD-18315,2023-05-28,Corporate,East,Office Supplies,Paper,A4 Paper Pack,4,0.05,1330.0,381.76
ORD-18316,2023-11-07,Corporate,East,Furniture,Chairs,Ergo Office Chair,3,0,19500,3895.15
ORD-18317,2023-05-07,Corporate,South,Office Supplies,Storage,Storage Box,2,0,1800,398.05
ORD-18318,2024-09-06,Home Office,West,Office Supplies,Storage,Storage Box,3,0.2,2160.0,226.71
ORD-18319,2024-07-16,Corporate,East,Technology,Accessories,Laptop Bag,2,0.2,2880.0,519.7
ORD-18320,2024-12-14,Home Office,South,Office Supplies,Binders,Heavy Binder Set,3,0.1,1620.0,322.69
ORD-18321,2023-09-18,Home Office,West,Technology,Accessories,Wireless Earbuds,5,0.05,11875.0,2731.37
ORD-18322,2023-08-10,Home Office,North,Office Supplies,Paper,A4 Paper Pack,3,0,1050,337.57
ORD-18323,2023-09-01,Corporate,South,Technology,Phones,Smartphone X,2,0,36000,4352.51
ORD-18324,2023-01-07,Consumer,South,Office Supplies,Binders,Heavy Binder Set,3,0,1800,447.42
ORD-18325,2023-12-30,Consumer,East,Technology,Phones,Smartphone X,2,0.2,28800.0,44.57
ORD-18326,2023-03-18,Home Office,West,Technology,Phones,Smartphone X,3,0,54000,7043.41
ORD-18327,2023-06-01,Consumer,North,Office Supplies,Paper,A4 Paper Pack,3,0,1050,364.51
ORD-18328,2023-05-21,Corporate,South,Office Supplies,Paper,A4 Paper Pack,3,0.2,840.0,180.65
ORD-18329,2023-10-17,Corporate,West,Office Supplies,Paper,A4 Paper Pack,5,0.2,1400.0,371.77
ORD-18330,2023-12-18,Consumer,West,Furniture,Tables,Standing Desk,4,0.05,45600.0,3664.7
ORD-18331,2024-03-13,Consumer,South,Office Supplies,Paper,A4 Paper Pack,2,0,700,266.97
ORD-18332,2023-06-04,Home Office,South,Technology,Machines,Laser Printer,4,0.1,32400.0,2656.49
ORD-18333,2024-08-22,Corporate,West,Office Supplies,Binders,Heavy Binder Set,1,0,600,174.77
ORD-18334,2023-04-01,Home Office,East,Technology,Accessories,Laptop Bag,4,0,7200,2186.85
ORD-18335,2024-04-02,Corporate,East,Office Supplies,Storage,Storage Box,3,0,2700,633.57
ORD-18336,2023-11-10,Consumer,East,Technology,Accessories,Wireless Earbuds,4,0.2,8000.0,1146.63
ORD-18337,2024-03-03,Corporate,South,Furniture,Bookcases,Wooden Bookcase,2,0.05,8550.0,704.01
ORD-18338,2024-09-13,Corporate,North,Office Supplies,Storage,Storage Box,4,0.1,3240.0,567.23
ORD-18339,2023-08-19,Corporate,North,Technology,Accessories,Wireless Earbuds,1,0.1,2250.0,614.45
ORD-18340,2024-05-10,Consumer,South,Furniture,Bookcases,Wooden Bookcase,5,0,22500,3592.17
ORD-18341,2024-06-23,Home Office,East,Office Supplies,Binders,Heavy Binder Set,5,0.1,2700.0,495.93
ORD-18342,2024-08-11,Consumer,South,Technology,Phones,Smartphone X,4,0.1,64800.0,2669.41
ORD-18343,2023-08-03,Consumer,West,Office Supplies,Binders,Heavy Binder Set,1,0,600,152.83
ORD-18344,2023-06-09,Corporate,East,Technology,Machines,Laser Printer,2,0.1,16200.0,1134.42
ORD-18345,2024-06-01,Consumer,West,Technology,Accessories,Wireless Earbuds,2,0.1,4500.0,1125.41
ORD-18346,2023-04-25,Home Office,South,Furniture,Chairs,Ergo Office Chair,1,0,6500,1036.11
ORD-18347,2023-06-17,Consumer,North,Technology,Accessories,Laptop Bag,5,0.1,8100.0,2219.88
ORD-18348,2024-05-29,Home Office,West,Furniture,Chairs,Ergo Office Chair,5,0.1,29250.0,3503.27
ORD-18349,2024-11-07,Consumer,West,Furniture,Chairs,Ergo Office Chair,5,0.2,26000.0,1472.08
ORD-18350,2024-02-09,Consumer,South,Office Supplies,Binders,Heavy Binder Set,4,0.05,2280.0,650.65
ORD-18351,2023-10-20,Corporate,West,Office Supplies,Storage,Storage Box,3,0,2700,595.13
ORD-18352,2023-09-05,Home Office,West,Furniture,Tables,Standing Desk,3,0.2,28800.0,-1128.46
ORD-18353,2023-09-12,Consumer,North,Furniture,Tables,Standing Desk,2,0,24000,3164.91
ORD-18354,2023-10-13,Home Office,East,Technology,Accessories,Wireless Earbuds,3,0.2,6000.0,1164.6
ORD-18355,2024-08-21,Corporate,South,Technology,Accessories,Laptop Bag,1,0.1,1620.0,421.94
ORD-18356,2023-02-07,Consumer,North,Technology,Accessories,Laptop Bag,5,0,9000,2565.32
ORD-18357,2024-01-14,Corporate,North,Furniture,Chairs,Ergo Office Chair,2,0.1,11700.0,1047.98
ORD-18358,2024-03-01,Home Office,West,Office Supplies,Storage,Storage Box,1,0,900,239.45
ORD-18359,2024-03-09,Consumer,West,Furniture,Chairs,Ergo Office Chair,2,0,13000,2470.67
ORD-18360,2024-07-09,Corporate,East,Furniture,Tables,Standing Desk,5,0,60000,3853.43
ORD-18361,2023-06-29,Home Office,South,Technology,Machines,Laser Printer,4,0,36000,5258.25
ORD-18362,2024-02-23,Home Office,East,Technology,Phones,Smartphone X,2,0.2,28800.0,622.27
ORD-18363,2024-07-16,Home Office,South,Technology,Accessories,Wireless Earbuds,4,0,10000,3139.34
ORD-18364,2024-12-17,Home Office,East,Office Supplies,Paper,A4 Paper Pack,2,0,700,263.53
ORD-18365,2024-12-19,Home Office,North,Technology,Accessories,Wireless Earbuds,4,0,10000,2706.17
ORD-18366,2023-05-28,Corporate,North,Technology,Phones,Smartphone X,3,0.05,51300.0,6512.74
ORD-18367,2023-01-29,Home Office,East,Office Supplies,Binders,Heavy Binder Set,4,0,2400,609.64
ORD-18368,2024-03-17,Home Office,South,Technology,Accessories,Wireless Earbuds,3,0,7500,2166.07
ORD-18369,2024-01-21,Home Office,North,Technology,Accessories,Wireless Earbuds,4,0,10000,2851.86
ORD-18370,2024-12-27,Corporate,West,Technology,Accessories,Wireless Earbuds,4,0,10000,3229.9
ORD-18371,2023-11-01,Consumer,South,Office Supplies,Storage,Storage Box,3,0.05,2565.0,483.53
ORD-18372,2024-05-19,Consumer,North,Technology,Accessories,Laptop Bag,1,0,1800,615.75
ORD-18373,2024-11-21,Consumer,East,Office Supplies,Storage,Storage Box,3,0.2,2160.0,215.27
ORD-18374,2024-01-20,Consumer,South,Technology,Accessories,Wireless Earbuds,1,0,2500,707.05
ORD-18375,2023-05-24,Home Office,West,Furniture,Bookcases,Wooden Bookcase,2,0,9000,1446.37
ORD-18376,2024-01-08,Corporate,North,Office Supplies,Storage,Storage Box,5,0,4500,980.05
ORD-18377,2024-01-29,Consumer,West,Technology,Machines,Laser Printer,2,0,18000,2057.47
ORD-18378,2023-12-29,Consumer,West,Office Supplies,Paper,A4 Paper Pack,4,0,1400,450.0
ORD-18379,2024-02-16,Home Office,East,Technology,Machines,Laser Printer,4,0.1,32400.0,2970.73
ORD-18380,2024-10-05,Home Office,South,Office Supplies,Storage,Storage Box,4,0,3600,913.04
ORD-18381,2024-09-15,Corporate,North,Office Supplies,Storage,Storage Box,2,0,1800,449.81
ORD-18382,2023-09-19,Home Office,East,Technology,Accessories,Wireless Earbuds,1,0.2,2000.0,410.89
ORD-18383,2023-12-15,Home Office,South,Technology,Phones,Smartphone X,5,0,90000,10330.26
ORD-18384,2024-11-22,Corporate,South,Furniture,Chairs,Ergo Office Chair,1,0.2,5200.0,136.71
ORD-18385,2023-08-22,Corporate,East,Technology,Accessories,Wireless Earbuds,3,0.2,6000.0,952.35
ORD-18386,2023-08-21,Corporate,South,Technology,Accessories,Laptop Bag,4,0.1,6480.0,1750.52
ORD-18387,2024-08-11,Consumer,North,Technology,Accessories,Laptop Bag,4,0,7200,2188.99
ORD-18388,2024-11-14,Home Office,South,Technology,Accessories,Laptop Bag,4,0.05,6840.0,1997.8
ORD-18389,2023-07-05,Home Office,East,Furniture,Bookcases,Wooden Bookcase,1,0,4500,588.0
ORD-18390,2023-03-09,Consumer,West,Technology,Accessories,Wireless Earbuds,2,0.2,4000.0,574.01
ORD-18391,2024-07-26,Home Office,North,Office Supplies,Paper,A4 Paper Pack,1,0.05,332.5,93.21
ORD-18392,2023-10-17,Corporate,East,Office Supplies,Paper,A4 Paper Pack,5,0.2,1400.0,295.97
ORD-18393,2024-08-11,Home Office,West,Office Supplies,Storage,Storage Box,2,0.2,1440.0,241.79
ORD-18394,2023-04-06,Home Office,West,Furniture,Tables,Standing Desk,5,0,60000,6057.07
ORD-18395,2024-02-26,Corporate,East,Technology,Accessories,Laptop Bag,2,0,3600,1232.85
ORD-18396,2023-02-11,Corporate,West,Furniture,Bookcases,Wooden Bookcase,4,0,18000,3204.92
ORD-18397,2024-07-11,Corporate,South,Technology,Machines,Laser Printer,1,0,9000,1281.98
ORD-18398,2024-04-23,Home Office,North,Office Supplies,Paper,A4 Paper Pack,2,0,700,256.6
ORD-18399,2023-10-31,Consumer,West,Furniture,Tables,Standing Desk,5,0.2,48000.0,658.24
ORD-18400,2024-06-26,Consumer,North,Technology,Machines,Laser Printer,2,0,18000,2727.76
ORD-18401,2023-11-21,Consumer,West,Office Supplies,Paper,A4 Paper Pack,4,0.1,1260.0,407.9
ORD-18402,2023-04-11,Corporate,East,Office Supplies,Storage,Storage Box,3,0.1,2430.0,476.47
ORD-18403,2024-06-19,Corporate,West,Technology,Phones,Smartphone X,3,0.05,51300.0,3752.68
ORD-18404,2023-03-08,Corporate,West,Technology,Machines,Laser Printer,4,0,36000,3998.23
ORD-18405,2024-09-25,Corporate,West,Furniture,Tables,Standing Desk,1,0.2,9600.0,-247.0
ORD-18406,2023-11-08,Consumer,North,Technology,Accessories,Wireless Earbuds,3,0.05,7125.0,2079.39
ORD-18407,2024-08-30,Home Office,North,Technology,Machines,Laser Printer,1,0.05,8550.0,439.78
ORD-18408,2024-05-25,Home Office,West,Office Supplies,Storage,Storage Box,5,0,4500,1220.47
ORD-18409,2023-12-26,Home Office,East,Technology,Accessories,Laptop Bag,2,0.05,3420.0,904.91
ORD-18410,2023-04-14,Home Office,South,Office Supplies,Binders,Heavy Binder Set,4,0,2400,643.09
ORD-18411,2023-05-21,Consumer,West,Technology,Accessories,Laptop Bag,5,0.2,7200.0,1300.7
ORD-18412,2023-02-19,Consumer,East,Office Supplies,Paper,A4 Paper Pack,5,0.2,1400.0,373.1
ORD-18413,2023-06-03,Home Office,West,Technology,Machines,Laser Printer,2,0.1,16200.0,1105.38
ORD-18414,2024-01-31,Consumer,North,Furniture,Chairs,Ergo Office Chair,2,0,13000,2538.58
ORD-18415,2024-06-08,Consumer,North,Furniture,Chairs,Ergo Office Chair,5,0.1,29250.0,3662.66
ORD-18416,2024-02-19,Corporate,East,Furniture,Tables,Standing Desk,1,0,12000,957.39
ORD-18417,2024-02-11,Consumer,East,Technology,Accessories,Laptop Bag,1,0,1800,632.41
ORD-18418,2023-11-16,Corporate,North,Technology,Phones,Smartphone X,2,0,36000,4896.3
ORD-18419,2024-05-10,Consumer,South,Technology,Accessories,Laptop Bag,1,0.1,1620.0,398.51
ORD-18420,2024-05-17,Corporate,South,Office Supplies,Binders,Heavy Binder Set,5,0.1,2700.0,487.5
ORD-18421,2023-10-22,Home Office,South,Technology,Accessories,Wireless Earbuds,5,0.1,11250.0,3069.35
ORD-18422,2024-07-21,Consumer,West,Office Supplies,Paper,A4 Paper Pack,3,0.1,945.0,293.27
ORD-18423,2023-04-11,Consumer,West,Technology,Accessories,Laptop Bag,4,0,7200,2253.9
ORD-18424,2024-11-30,Corporate,East,Office Supplies,Binders,Heavy Binder Set,1,0.05,570.0,161.52
ORD-18425,2023-05-20,Home Office,South,Office Supplies,Paper,A4 Paper Pack,5,0.2,1400.0,299.5
ORD-18426,2024-05-22,Home Office,West,Technology,Accessories,Laptop Bag,1,0,1800,627.06
ORD-18427,2024-11-11,Consumer,South,Office Supplies,Storage,Storage Box,1,0.2,720.0,101.46
ORD-18428,2023-07-13,Consumer,West,Technology,Machines,Laser Printer,4,0.05,34200.0,1806.98
ORD-18429,2023-09-11,Corporate,East,Furniture,Bookcases,Wooden Bookcase,1,0,4500,649.78
ORD-18430,2024-09-14,Home Office,West,Office Supplies,Storage,Storage Box,1,0.1,810.0,169.63
ORD-18431,2023-11-23,Home Office,North,Technology,Accessories,Laptop Bag,3,0,5400,1555.81
ORD-18432,2024-11-07,Corporate,North,Furniture,Chairs,Ergo Office Chair,5,0.05,30875.0,3549.97
ORD-18433,2023-08-13,Home Office,East,Technology,Machines,Laser Printer,1,0,9000,893.35
ORD-18434,2023-06-09,Consumer,East,Technology,Machines,Laser Printer,5,0.2,36000.0,761.09
ORD-18435,2023-01-13,Corporate,South,Office Supplies,Paper,A4 Paper Pack,2,0,700,243.59
ORD-18436,2024-08-10,Consumer,West,Office Supplies,Binders,Heavy Binder Set,2,0,1200,327.41
ORD-18437,2024-11-04,Consumer,South,Furniture,Chairs,Ergo Office Chair,1,0.1,5850.0,777.28
ORD-18438,2023-08-18,Corporate,South,Furniture,Tables,Standing Desk,3,0.05,34200.0,2818.91
ORD-18439,2024-12-07,Consumer,East,Technology,Machines,Laser Printer,1,0.2,7200.0,254.39
ORD-18440,2023-08-11,Corporate,West,Technology,Accessories,Laptop Bag,4,0.1,6480.0,1642.6
ORD-18441,2024-08-15,Consumer,North,Furniture,Chairs,Ergo Office Chair,1,0.05,6175.0,958.99
ORD-18442,2024-05-27,Home Office,East,Technology,Accessories,Laptop Bag,5,0.2,7200.0,1686.32
ORD-18443,2023-10-23,Home Office,East,Office Supplies,Paper,A4 Paper Pack,1,0.05,332.5,93.61
ORD-18444,2023-03-30,Corporate,South,Technology,Phones,Smartphone X,2,0.2,28800.0,1359.27
ORD-18445,2023-08-28,Home Office,North,Office Supplies,Paper,A4 Paper Pack,2,0,700,220.18
ORD-18446,2023-04-18,Home Office,East,Technology,Phones,Smartphone X,3,0.05,51300.0,6702.26
ORD-18447,2023-10-07,Consumer,East,Technology,Phones,Smartphone X,1,0,18000,2228.86
ORD-18448,2023-11-12,Corporate,West,Office Supplies,Paper,A4 Paper Pack,2,0,700,269.93
ORD-18449,2024-10-22,Consumer,North,Office Supplies,Binders,Heavy Binder Set,3,0.05,1710.0,380.27
ORD-18450,2023-05-04,Home Office,South,Office Supplies,Binders,Heavy Binder Set,3,0.1,1620.0,365.24
ORD-18451,2024-02-18,Consumer,South,Technology,Phones,Smartphone X,3,0,54000,7384.97
ORD-18452,2024-04-17,Consumer,South,Office Supplies,Paper,A4 Paper Pack,1,0.2,280.0,63.42
ORD-18453,2023-04-25,Consumer,South,Furniture,Tables,Standing Desk,5,0.1,54000.0,835.05
ORD-18454,2024-04-21,Home Office,East,Office Supplies,Binders,Heavy Binder Set,3,0.05,1710.0,426.34
ORD-18455,2024-11-18,Consumer,East,Office Supplies,Paper,A4 Paper Pack,5,0,1750,571.13
ORD-18456,2023-03-29,Home Office,North,Furniture,Tables,Standing Desk,5,0,60000,4349.8
ORD-18457,2024-10-16,Corporate,West,Office Supplies,Binders,Heavy Binder Set,3,0.05,1710.0,477.87
ORD-18458,2024-08-08,Home Office,East,Office Supplies,Storage,Storage Box,3,0.2,2160.0,323.97
ORD-18459,2023-10-22,Home Office,South,Furniture,Tables,Standing Desk,3,0,36000,4394.1
ORD-18460,2023-07-28,Home Office,South,Office Supplies,Binders,Heavy Binder Set,5,0,3000,783.69
ORD-18461,2024-09-18,Corporate,South,Technology,Accessories,Laptop Bag,5,0,9000,2585.66
ORD-18462,2023-05-18,Consumer,West,Office Supplies,Storage,Storage Box,4,0,3600,849.96
ORD-18463,2023-12-19,Consumer,East,Office Supplies,Paper,A4 Paper Pack,2,0,700,272.66
ORD-18464,2023-08-02,Corporate,South,Office Supplies,Binders,Heavy Binder Set,4,0.05,2280.0,533.63
ORD-18465,2024-03-04,Home Office,West,Technology,Accessories,Wireless Earbuds,1,0,2500,663.46
ORD-18466,2024-09-22,Corporate,North,Technology,Machines,Laser Printer,4,0.05,34200.0,4100.37
ORD-18467,2024-10-08,Corporate,East,Office Supplies,Storage,Storage Box,5,0.1,4050.0,824.54
ORD-18468,2024-06-22,Consumer,East,Technology,Machines,Laser Printer,1,0,9000,1213.95
ORD-18469,2023-12-12,Consumer,West,Furniture,Tables,Standing Desk,4,0,48000,3433.89
ORD-18470,2023-06-07,Corporate,East,Office Supplies,Paper,A4 Paper Pack,3,0,1050,370.13
ORD-18471,2024-07-23,Corporate,North,Furniture,Bookcases,Wooden Bookcase,2,0,9000,1085.5
ORD-18472,2024-05-13,Home Office,West,Furniture,Chairs,Ergo Office Chair,5,0,32500,6184.43
ORD-18473,2024-04-03,Corporate,North,Office Supplies,Storage,Storage Box,4,0.2,2880.0,376.47
ORD-18474,2024-11-08,Consumer,West,Furniture,Tables,Standing Desk,4,0.05,45600.0,4314.75
ORD-18475,2023-01-11,Corporate,North,Furniture,Bookcases,Wooden Bookcase,5,0,22500,3580.35
ORD-18476,2023-03-22,Consumer,West,Furniture,Bookcases,Wooden Bookcase,3,0.2,10800.0,641.14
ORD-18477,2023-08-20,Corporate,East,Technology,Machines,Laser Printer,3,0.05,25650.0,3245.86
ORD-18478,2023-04-26,Corporate,South,Technology,Accessories,Laptop Bag,3,0.2,4320.0,859.27
ORD-18479,2024-11-07,Consumer,South,Technology,Accessories,Wireless Earbuds,4,0.1,9000.0,1971.71
ORD-18480,2023-04-30,Consumer,North,Office Supplies,Binders,Heavy Binder Set,1,0,600,154.29
ORD-18481,2023-02-14,Consumer,East,Technology,Accessories,Wireless Earbuds,3,0.1,6750.0,1630.17
ORD-18482,2023-11-23,Corporate,South,Furniture,Bookcases,Wooden Bookcase,3,0,13500,1967.38
ORD-18483,2023-08-07,Home Office,North,Furniture,Chairs,Ergo Office Chair,2,0.1,11700.0,1104.92
ORD-18484,2023-05-22,Corporate,East,Technology,Accessories,Wireless Earbuds,5,0.2,10000.0,1592.84
ORD-18485,2024-04-03,Consumer,East,Furniture,Chairs,Ergo Office Chair,3,0.1,17550.0,2124.2
ORD-18486,2023-10-19,Corporate,East,Office Supplies,Storage,Storage Box,4,0,3600,795.8
ORD-18487,2024-01-09,Home Office,South,Furniture,Bookcases,Wooden Bookcase,4,0,18000,2662.83
ORD-18488,2023-12-09,Home Office,East,Technology,Machines,Laser Printer,3,0,27000,3007.53
ORD-18489,2023-09-19,Consumer,West,Office Supplies,Storage,Storage Box,5,0.2,3600.0,332.38
ORD-18490,2023-10-25,Consumer,North,Technology,Phones,Smartphone X,5,0,90000,12365.07
ORD-18491,2024-08-26,Corporate,West,Technology,Machines,Laser Printer,4,0,36000,4047.79
ORD-18492,2023-05-14,Consumer,North,Furniture,Tables,Standing Desk,3,0,36000,3279.86
ORD-18493,2023-04-17,Consumer,South,Office Supplies,Storage,Storage Box,3,0,2700,715.46
ORD-18494,2023-12-04,Consumer,North,Technology,Accessories,Laptop Bag,2,0.2,2880.0,591.46
ORD-18495,2024-05-19,Consumer,East,Technology,Machines,Laser Printer,2,0,18000,1701.6
ORD-18496,2024-04-27,Corporate,East,Technology,Machines,Laser Printer,5,0,45000,3881.76
ORD-18497,2023-01-25,Corporate,South,Furniture,Tables,Standing Desk,1,0.2,9600.0,-278.24
ORD-18498,2024-12-29,Corporate,West,Office Supplies,Binders,Heavy Binder Set,1,0,600,180.79
ORD-18499,2023-12-16,Consumer,South,Technology,Accessories,Wireless Earbuds,5,0,12500,4000.9
ORD-18500,2023-04-30,Corporate,East,Office Supplies,Paper,A4 Paper Pack,1,0.05,332.5,99.54
ORD-18501,2023-06-30,Corporate,West,Office Supplies,Paper,A4 Paper Pack,4,0,1400,532.63
ORD-18502,2023-07-24,Consumer,South,Furniture,Chairs,Ergo Office Chair,1,0,6500,1334.86
ORD-18503,2023-06-14,Corporate,South,Furniture,Chairs,Ergo Office Chair,5,0.2,26000.0,2200.72
ORD-18504,2023-11-26,Corporate,East,Office Supplies,Paper,A4 Paper Pack,4,0,1400,440.17
ORD-18505,2024-01-30,Corporate,East,Technology,Accessories,Wireless Earbuds,5,0.05,11875.0,3572.43
ORD-18506,2024-03-18,Corporate,South,Technology,Accessories,Laptop Bag,4,0.1,6480.0,1502.59
ORD-18507,2023-03-12,Corporate,South,Technology,Machines,Laser Printer,1,0,9000,976.11
ORD-18508,2024-06-26,Consumer,East,Technology,Machines,Laser Printer,2,0,18000,2127.15
ORD-18509,2023-03-25,Corporate,North,Furniture,Bookcases,Wooden Bookcase,4,0,18000,2934.69
ORD-18510,2023-12-03,Home Office,East,Technology,Accessories,Laptop Bag,2,0,3600,1081.05
ORD-18511,2023-08-14,Corporate,North,Office Supplies,Binders,Heavy Binder Set,3,0.2,1440.0,242.21
ORD-18512,2023-03-19,Home Office,West,Technology,Accessories,Wireless Earbuds,3,0.2,6000.0,1317.59
ORD-18513,2023-06-08,Corporate,East,Technology,Phones,Smartphone X,2,0,36000,4053.06
ORD-18514,2024-03-17,Corporate,East,Office Supplies,Paper,A4 Paper Pack,2,0.1,630.0,205.16
ORD-18515,2023-10-06,Consumer,South,Furniture,Chairs,Ergo Office Chair,1,0,6500,1326.16
ORD-18516,2024-09-25,Consumer,West,Office Supplies,Storage,Storage Box,3,0.1,2430.0,502.92
ORD-18517,2023-05-24,Consumer,West,Technology,Machines,Laser Printer,4,0,36000,2979.26
ORD-18518,2024-04-11,Consumer,North,Technology,Accessories,Laptop Bag,2,0.05,3420.0,938.64
ORD-18519,2023-05-10,Home Office,North,Office Supplies,Storage,Storage Box,4,0,3600,1023.65
ORD-18520,2023-12-24,Home Office,East,Office Supplies,Paper,A4 Paper Pack,4,0.2,1120.0,292.62
ORD-18521,2024-02-22,Corporate,North,Office Supplies,Binders,Heavy Binder Set,1,0.05,570.0,149.28
ORD-18522,2024-06-20,Corporate,South,Technology,Accessories,Wireless Earbuds,5,0.05,11875.0,3361.13
ORD-18523,2024-07-03,Home Office,East,Furniture,Chairs,Ergo Office Chair,3,0.05,18525.0,2250.49
ORD-18524,2024-08-05,Home Office,West,Technology,Machines,Laser Printer,1,0,9000,1340.67
ORD-18525,2023-01-05,Consumer,South,Technology,Phones,Smartphone X,1,0,18000,2574.12
ORD-18526,2023-04-07,Consumer,North,Technology,Phones,Smartphone X,3,0,54000,5967.03
ORD-18527,2024-02-01,Consumer,North,Furniture,Chairs,Ergo Office Chair,5,0.2,26000.0,1267.47
ORD-18528,2023-08-08,Consumer,North,Office Supplies,Paper,A4 Paper Pack,1,0.05,332.5,96.2
ORD-18529,2023-08-03,Corporate,North,Office Supplies,Storage,Storage Box,2,0,1800,494.47
ORD-18530,2024-07-21,Corporate,West,Office Supplies,Binders,Heavy Binder Set,2,0.1,1080.0,198.2
ORD-18531,2023-09-01,Home Office,East,Office Supplies,Paper,A4 Paper Pack,5,0.1,1575.0,473.08
ORD-18532,2023-12-06,Consumer,North,Office Supplies,Paper,A4 Paper Pack,1,0,350,121.52
ORD-18533,2023-11-11,Corporate,East,Furniture,Chairs,Ergo Office Chair,3,0,19500,2969.82
ORD-18534,2023-01-12,Consumer,East,Furniture,Chairs,Ergo Office Chair,2,0.2,10400.0,593.23
ORD-18535,2023-04-27,Corporate,East,Furniture,Tables,Standing Desk,1,0.2,9600.0,169.39
ORD-18536,2024-07-28,Corporate,West,Furniture,Bookcases,Wooden Bookcase,4,0,18000,2529.49
ORD-18537,2023-12-10,Consumer,East,Furniture,Tables,Standing Desk,4,0.1,43200.0,2961.51
ORD-18538,2023-05-05,Consumer,North,Office Supplies,Storage,Storage Box,3,0,2700,570.75
ORD-18539,2023-06-09,Corporate,West,Office Supplies,Binders,Heavy Binder Set,3,0,1800,496.42
ORD-18540,2024-06-23,Consumer,South,Technology,Phones,Smartphone X,4,0,72000,10124.01
ORD-18541,2024-12-04,Home Office,South,Technology,Machines,Laser Printer,3,0.2,21600.0,762.98
ORD-18542,2023-06-17,Consumer,South,Office Supplies,Paper,A4 Paper Pack,2,0.2,560.0,139.12
ORD-18543,2023-07-21,Corporate,West,Technology,Phones,Smartphone X,1,0,18000,2197.36
ORD-18544,2023-10-29,Corporate,North,Office Supplies,Binders,Heavy Binder Set,5,0.05,2850.0,826.2
ORD-18545,2023-02-01,Home Office,North,Technology,Phones,Smartphone X,1,0,18000,3077.55
ORD-18546,2024-09-22,Home Office,East,Technology,Accessories,Wireless Earbuds,5,0.05,11875.0,2885.79
ORD-18547,2024-01-01,Consumer,East,Furniture,Chairs,Ergo Office Chair,5,0,32500,6176.29
ORD-18548,2024-01-07,Corporate,West,Technology,Accessories,Laptop Bag,1,0,1800,512.08
ORD-18549,2024-12-07,Corporate,East,Furniture,Chairs,Ergo Office Chair,1,0,6500,1414.47
ORD-18550,2024-05-12,Corporate,East,Technology,Phones,Smartphone X,1,0.1,16200.0,1271.27
ORD-18551,2023-12-06,Consumer,South,Technology,Accessories,Wireless Earbuds,2,0,5000,1503.59
ORD-18552,2024-11-19,Corporate,East,Office Supplies,Binders,Heavy Binder Set,1,0.2,480.0,86.09
ORD-18553,2023-07-12,Consumer,North,Office Supplies,Storage,Storage Box,3,0,2700,589.77
ORD-18554,2023-07-03,Corporate,South,Furniture,Bookcases,Wooden Bookcase,3,0,13500,2078.09
ORD-18555,2024-03-28,Corporate,West,Technology,Machines,Laser Printer,4,0.2,28800.0,-507.29
ORD-18556,2023-02-04,Corporate,North,Office Supplies,Binders,Heavy Binder Set,4,0,2400,619.88
ORD-18557,2023-02-20,Corporate,East,Office Supplies,Paper,A4 Paper Pack,3,0,1050,359.24
ORD-18558,2024-08-06,Home Office,South,Technology,Accessories,Laptop Bag,4,0,7200,2121.89
ORD-18559,2023-03-01,Consumer,West,Technology,Phones,Smartphone X,5,0,90000,15324.54
ORD-18560,2023-12-10,Home Office,North,Office Supplies,Paper,A4 Paper Pack,5,0.1,1575.0,482.41
ORD-18561,2023-11-18,Home Office,West,Technology,Phones,Smartphone X,3,0,54000,7583.48
ORD-18562,2023-01-09,Consumer,North,Furniture,Bookcases,Wooden Bookcase,4,0.05,17100.0,2549.76
ORD-18563,2024-08-28,Consumer,North,Office Supplies,Storage,Storage Box,2,0.1,1620.0,317.81
ORD-18564,2024-12-23,Corporate,South,Furniture,Bookcases,Wooden Bookcase,5,0.05,21375.0,2230.22
ORD-18565,2023-01-17,Home Office,West,Office Supplies,Binders,Heavy Binder Set,3,0,1800,574.36
ORD-18566,2023-05-29,Home Office,West,Furniture,Tables,Standing Desk,5,0,60000,6007.66
ORD-18567,2024-12-24,Home Office,West,Technology,Accessories,Wireless Earbuds,5,0.2,10000.0,1723.43
ORD-18568,2023-08-29,Corporate,East,Office Supplies,Paper,A4 Paper Pack,5,0.05,1662.5,494.49
ORD-18569,2024-08-12,Consumer,North,Office Supplies,Paper,A4 Paper Pack,3,0.2,840.0,205.57
ORD-18570,2023-11-05,Corporate,South,Technology,Accessories,Laptop Bag,5,0.2,7200.0,1240.23
ORD-18571,2023-02-10,Home Office,West,Furniture,Chairs,Ergo Office Chair,3,0.1,17550.0,1486.92
ORD-18572,2023-10-04,Consumer,North,Furniture,Chairs,Ergo Office Chair,3,0.2,15600.0,673.73
ORD-18573,2024-01-06,Home Office,South,Furniture,Bookcases,Wooden Bookcase,2,0,9000,1696.33
ORD-18574,2024-11-08,Consumer,West,Technology,Accessories,Laptop Bag,2,0.05,3420.0,1053.29
ORD-18575,2024-09-17,Corporate,South,Office Supplies,Binders,Heavy Binder Set,5,0,3000,789.25
ORD-18576,2023-04-14,Home Office,West,Office Supplies,Storage,Storage Box,1,0.1,810.0,127.26
ORD-18577,2023-03-06,Consumer,South,Office Supplies,Binders,Heavy Binder Set,4,0.2,1920.0,244.81
ORD-18578,2023-08-02,Corporate,North,Technology,Machines,Laser Printer,1,0.05,8550.0,1023.76
ORD-18579,2023-12-31,Home Office,North,Furniture,Bookcases,Wooden Bookcase,4,0,18000,2131.9
ORD-18580,2024-01-02,Consumer,North,Office Supplies,Storage,Storage Box,1,0,900,246.05
ORD-18581,2024-10-09,Home Office,South,Technology,Accessories,Wireless Earbuds,2,0,5000,1323.59
ORD-18582,2024-06-15,Consumer,North,Furniture,Tables,Standing Desk,5,0.1,54000.0,79.63
ORD-18583,2023-03-12,Home Office,North,Furniture,Chairs,Ergo Office Chair,5,0,32500,4833.25
ORD-18584,2024-03-01,Consumer,West,Office Supplies,Binders,Heavy Binder Set,4,0,2400,627.18
ORD-18585,2024-06-07,Home Office,East,Furniture,Tables,Standing Desk,3,0.05,34200.0,1232.57
ORD-18586,2023-11-12,Home Office,South,Technology,Accessories,Laptop Bag,1,0,1800,634.15
ORD-18587,2023-06-05,Corporate,West,Office Supplies,Paper,A4 Paper Pack,3,0.1,945.0,293.72
ORD-18588,2024-10-14,Home Office,North,Technology,Accessories,Laptop Bag,1,0,1800,578.21
ORD-18589,2024-03-19,Consumer,South,Technology,Accessories,Laptop Bag,1,0.1,1620.0,458.57
ORD-18590,2024-09-15,Corporate,West,Office Supplies,Paper,A4 Paper Pack,3,0.05,997.5,288.98
ORD-18591,2024-02-03,Home Office,North,Technology,Accessories,Wireless Earbuds,2,0.05,4750.0,1245.7
ORD-18592,2023-10-15,Corporate,West,Technology,Accessories,Laptop Bag,5,0,9000,3044.67
ORD-18593,2024-05-11,Corporate,West,Office Supplies,Storage,Storage Box,4,0.2,2880.0,440.01
ORD-18594,2024-11-08,Home Office,West,Furniture,Tables,Standing Desk,5,0.2,48000.0,-1251.0
ORD-18595,2023-11-23,Corporate,South,Furniture,Bookcases,Wooden Bookcase,5,0.05,21375.0,2548.66
ORD-18596,2024-05-24,Corporate,North,Office Supplies,Storage,Storage Box,1,0,900,253.98
ORD-18597,2024-06-24,Home Office,South,Office Supplies,Paper,A4 Paper Pack,5,0,1750,569.4
ORD-18598,2024-07-30,Corporate,East,Furniture,Chairs,Ergo Office Chair,2,0.1,11700.0,1159.52
ORD-18599,2024-05-24,Corporate,East,Technology,Machines,Laser Printer,4,0.05,34200.0,3248.7
ORD-18600,2023-11-27,Corporate,East,Office Supplies,Binders,Heavy Binder Set,2,0.2,960.0,178.1
ORD-18601,2024-09-13,Corporate,South,Technology,Phones,Smartphone X,3,0,54000,5751.46
ORD-18602,2023-04-12,Home Office,West,Furniture,Chairs,Ergo Office Chair,2,0,13000,2483.72
ORD-18603,2024-05-16,Consumer,South,Technology,Accessories,Laptop Bag,2,0.2,2880.0,577.82
ORD-18604,2024-12-20,Corporate,West,Technology,Machines,Laser Printer,5,0.2,36000.0,912.45
ORD-18605,2023-10-24,Consumer,West,Furniture,Chairs,Ergo Office Chair,1,0.1,5850.0,712.59
ORD-18606,2024-08-24,Home Office,North,Technology,Phones,Smartphone X,4,0.1,64800.0,6386.26
ORD-18607,2024-09-07,Home Office,North,Technology,Accessories,Laptop Bag,1,0.05,1710.0,444.93
ORD-18608,2023-09-17,Consumer,West,Furniture,Tables,Standing Desk,2,0,24000,2003.72
ORD-18609,2023-08-22,Corporate,West,Office Supplies,Binders,Heavy Binder Set,1,0.2,480.0,78.56
ORD-18610,2023-12-24,Home Office,East,Technology,Accessories,Wireless Earbuds,4,0,10000,2834.52
ORD-18611,2024-09-04,Corporate,North,Office Supplies,Paper,A4 Paper Pack,2,0,700,228.31
ORD-18612,2024-12-11,Home Office,West,Furniture,Tables,Standing Desk,1,0.05,11400.0,1193.34
ORD-18613,2024-12-07,Corporate,South,Technology,Machines,Laser Printer,3,0,27000,3251.77
ORD-18614,2024-02-15,Consumer,South,Office Supplies,Binders,Heavy Binder Set,1,0,600,186.74
ORD-18615,2024-09-18,Consumer,North,Furniture,Bookcases,Wooden Bookcase,4,0.05,17100.0,1981.99
ORD-18616,2024-01-09,Corporate,South,Technology,Accessories,Wireless Earbuds,4,0,10000,2605.81
ORD-18617,2024-06-12,Home Office,North,Technology,Phones,Smartphone X,4,0,72000,12441.92
ORD-18618,2023-04-23,Home Office,West,Technology,Accessories,Wireless Earbuds,2,0,5000,1696.95
ORD-18619,2023-01-25,Home Office,North,Technology,Phones,Smartphone X,2,0,36000,4708.19
ORD-18620,2023-12-14,Corporate,North,Furniture,Tables,Standing Desk,1,0.05,11400.0,1162.0
ORD-18621,2023-07-29,Consumer,South,Furniture,Bookcases,Wooden Bookcase,3,0,13500,1838.88
ORD-18622,2024-09-27,Corporate,North,Furniture,Bookcases,Wooden Bookcase,3,0.1,12150.0,680.39
ORD-18623,2023-09-20,Consumer,West,Office Supplies,Paper,A4 Paper Pack,4,0,1400,436.63
ORD-18624,2023-05-31,Corporate,East,Office Supplies,Storage,Storage Box,4,0.2,2880.0,330.1
ORD-18625,2023-01-15,Consumer,East,Office Supplies,Binders,Heavy Binder Set,3,0,1800,462.07
ORD-18626,2024-09-18,Corporate,South,Technology,Phones,Smartphone X,1,0.1,16200.0,761.57
ORD-18627,2023-10-24,Home Office,West,Office Supplies,Binders,Heavy Binder Set,1,0.05,570.0,149.4
ORD-18628,2024-09-16,Consumer,East,Office Supplies,Binders,Heavy Binder Set,4,0.1,2160.0,496.81
ORD-18629,2023-02-18,Corporate,West,Furniture,Bookcases,Wooden Bookcase,2,0,9000,1672.72
ORD-18630,2023-07-26,Consumer,East,Technology,Accessories,Laptop Bag,1,0.2,1440.0,324.92
ORD-18631,2024-11-06,Corporate,North,Technology,Accessories,Laptop Bag,1,0.2,1440.0,260.98
ORD-18632,2024-09-08,Home Office,South,Furniture,Tables,Standing Desk,1,0.05,11400.0,1197.66
ORD-18633,2024-03-17,Consumer,South,Furniture,Tables,Standing Desk,4,0,48000,3257.57
ORD-18634,2024-11-06,Home Office,North,Technology,Accessories,Wireless Earbuds,1,0,2500,709.85
ORD-18635,2024-10-02,Corporate,West,Office Supplies,Paper,A4 Paper Pack,3,0,1050,406.64
ORD-18636,2024-06-08,Consumer,North,Technology,Accessories,Laptop Bag,5,0,9000,2934.62
ORD-18637,2023-09-30,Consumer,South,Technology,Accessories,Laptop Bag,1,0.05,1710.0,544.99
ORD-18638,2024-04-29,Consumer,South,Office Supplies,Paper,A4 Paper Pack,2,0,700,249.62
ORD-18639,2024-10-05,Consumer,North,Office Supplies,Paper,A4 Paper Pack,3,0.05,997.5,338.89
ORD-18640,2024-12-20,Home Office,North,Technology,Accessories,Laptop Bag,2,0.2,2880.0,528.33
ORD-18641,2023-04-16,Consumer,North,Furniture,Chairs,Ergo Office Chair,1,0,6500,1132.36
ORD-18642,2024-01-10,Corporate,West,Technology,Accessories,Laptop Bag,2,0,3600,1112.85
ORD-18643,2024-02-23,Home Office,West,Office Supplies,Binders,Heavy Binder Set,4,0.05,2280.0,501.12
ORD-18644,2023-01-06,Home Office,South,Technology,Accessories,Laptop Bag,1,0,1800,572.02
ORD-18645,2023-06-28,Consumer,East,Furniture,Bookcases,Wooden Bookcase,5,0,22500,2923.03
ORD-18646,2023-06-04,Home Office,West,Furniture,Bookcases,Wooden Bookcase,2,0,9000,1300.87
ORD-18647,2024-06-14,Consumer,East,Furniture,Tables,Standing Desk,3,0.2,28800.0,181.96
ORD-18648,2024-06-13,Corporate,West,Technology,Phones,Smartphone X,5,0,90000,9745.42
ORD-18649,2023-03-09,Home Office,South,Office Supplies,Paper,A4 Paper Pack,5,0,1750,616.96
ORD-18650,2023-02-28,Consumer,North,Technology,Machines,Laser Printer,3,0,27000,2994.12
ORD-18651,2023-10-25,Consumer,West,Office Supplies,Paper,A4 Paper Pack,2,0.1,630.0,182.11
ORD-18652,2024-09-22,Home Office,South,Furniture,Tables,Standing Desk,4,0,48000,3423.4
ORD-18653,2023-06-13,Corporate,South,Technology,Machines,Laser Printer,2,0,18000,1668.55
ORD-18654,2023-11-30,Consumer,South,Office Supplies,Storage,Storage Box,2,0.05,1710.0,377.9
ORD-18655,2023-09-13,Home Office,West,Technology,Accessories,Wireless Earbuds,3,0,7500,2549.53
ORD-18656,2024-11-22,Consumer,East,Office Supplies,Storage,Storage Box,3,0.05,2565.0,532.94
ORD-18657,2023-07-13,Consumer,East,Furniture,Tables,Standing Desk,1,0.05,11400.0,728.92
ORD-18658,2023-07-22,Home Office,North,Technology,Phones,Smartphone X,3,0.05,51300.0,5996.85
ORD-18659,2023-10-16,Home Office,South,Furniture,Bookcases,Wooden Bookcase,2,0,9000,1146.19
ORD-18660,2024-04-09,Consumer,East,Furniture,Tables,Standing Desk,3,0,36000,4068.74
ORD-18661,2024-06-19,Consumer,West,Technology,Accessories,Wireless Earbuds,5,0.1,11250.0,2582.14
ORD-18662,2023-12-20,Consumer,East,Furniture,Tables,Standing Desk,4,0,48000,5633.28
ORD-18663,2024-05-07,Home Office,North,Technology,Phones,Smartphone X,4,0.05,68400.0,5761.62
ORD-18664,2023-03-19,Consumer,West,Office Supplies,Paper,A4 Paper Pack,2,0,700,218.47
ORD-18665,2023-11-24,Home Office,West,Technology,Accessories,Wireless Earbuds,3,0.1,6750.0,1817.58
ORD-18666,2023-05-04,Corporate,North,Office Supplies,Storage,Storage Box,3,0.1,2430.0,552.41
ORD-18667,2023-09-19,Corporate,South,Office Supplies,Storage,Storage Box,2,0,1800,424.47
ORD-18668,2024-06-20,Home Office,West,Office Supplies,Storage,Storage Box,1,0.1,810.0,132.88
ORD-18669,2024-04-16,Consumer,South,Technology,Phones,Smartphone X,5,0.1,81000.0,6573.44
ORD-18670,2024-12-30,Consumer,North,Technology,Accessories,Laptop Bag,2,0,3600,1058.96
ORD-18671,2024-04-20,Corporate,East,Technology,Accessories,Laptop Bag,3,0,5400,1596.47
ORD-18672,2023-12-26,Corporate,South,Technology,Accessories,Wireless Earbuds,2,0,5000,1591.9
ORD-18673,2024-03-07,Consumer,North,Technology,Accessories,Laptop Bag,1,0,1800,549.38
ORD-18674,2024-08-10,Consumer,East,Technology,Machines,Laser Printer,2,0.05,17100.0,1672.63
ORD-18675,2024-09-11,Consumer,East,Technology,Accessories,Laptop Bag,5,0.1,8100.0,2365.37
ORD-18676,2024-08-05,Consumer,South,Furniture,Tables,Standing Desk,2,0,24000,2267.92
ORD-18677,2023-05-14,Home Office,West,Technology,Machines,Laser Printer,3,0,27000,3350.05
ORD-18678,2023-12-14,Home Office,North,Technology,Phones,Smartphone X,1,0,18000,2492.89
ORD-18679,2023-12-26,Consumer,East,Furniture,Bookcases,Wooden Bookcase,1,0.05,4275.0,527.4
ORD-18680,2023-10-13,Corporate,South,Office Supplies,Storage,Storage Box,5,0.1,4050.0,865.47
ORD-18681,2024-12-01,Corporate,North,Technology,Phones,Smartphone X,5,0,90000,9842.88
ORD-18682,2024-07-30,Consumer,North,Technology,Machines,Laser Printer,5,0.05,42750.0,5271.54
ORD-18683,2024-12-07,Home Office,East,Technology,Accessories,Laptop Bag,5,0.2,7200.0,1415.07
ORD-18684,2024-02-28,Home Office,North,Technology,Accessories,Wireless Earbuds,1,0.05,2375.0,567.15
ORD-18685,2023-06-26,Corporate,South,Furniture,Tables,Standing Desk,5,0.2,48000.0,-1004.74
ORD-18686,2024-05-28,Home Office,West,Technology,Accessories,Laptop Bag,1,0,1800,525.02
ORD-18687,2024-01-06,Home Office,South,Office Supplies,Storage,Storage Box,2,0,1800,487.45
ORD-18688,2024-12-22,Corporate,North,Office Supplies,Binders,Heavy Binder Set,5,0.2,2400.0,369.87
ORD-18689,2023-09-09,Corporate,East,Technology,Machines,Laser Printer,5,0.2,36000.0,756.42
ORD-18690,2024-08-16,Home Office,West,Technology,Accessories,Wireless Earbuds,5,0,12500,3689.32
ORD-18691,2023-02-08,Home Office,North,Office Supplies,Binders,Heavy Binder Set,1,0.1,540.0,132.29
ORD-18692,2023-06-24,Corporate,South,Furniture,Chairs,Ergo Office Chair,2,0.05,12350.0,2163.49
ORD-18693,2023-03-27,Corporate,North,Office Supplies,Binders,Heavy Binder Set,2,0,1200,313.51
ORD-18694,2023-10-07,Corporate,South,Office Supplies,Storage,Storage Box,5,0.2,3600.0,608.03
ORD-18695,2024-08-27,Corporate,North,Technology,Accessories,Wireless Earbuds,3,0.2,6000.0,946.2
ORD-18696,2023-10-09,Consumer,North,Technology,Accessories,Wireless Earbuds,3,0,7500,2037.47
ORD-18697,2024-09-16,Home Office,East,Office Supplies,Storage,Storage Box,5,0.1,4050.0,868.61
ORD-18698,2024-03-14,Corporate,East,Technology,Accessories,Wireless Earbuds,5,0,12500,3975.21
ORD-18699,2024-05-09,Corporate,West,Furniture,Bookcases,Wooden Bookcase,1,0.05,4275.0,412.21
ORD-18700,2023-11-10,Consumer,West,Office Supplies,Storage,Storage Box,1,0,900,205.06
ORD-18701,2024-10-26,Home Office,North,Technology,Phones,Smartphone X,1,0.2,14400.0,-181.04
ORD-18702,2024-10-19,Consumer,South,Technology,Accessories,Wireless Earbuds,1,0.05,2375.0,593.37
ORD-18703,2023-07-25,Corporate,East,Furniture,Tables,Standing Desk,2,0,24000,2178.12
ORD-18704,2023-03-02,Consumer,West,Office Supplies,Storage,Storage Box,5,0.2,3600.0,513.02
ORD-18705,2024-01-01,Home Office,North,Furniture,Bookcases,Wooden Bookcase,3,0,13500,2555.12
ORD-18706,2023-09-18,Consumer,South,Furniture,Chairs,Ergo Office Chair,4,0.1,23400.0,2916.67
ORD-18707,2023-07-22,Consumer,North,Technology,Accessories,Laptop Bag,3,0.1,4860.0,1440.66
ORD-18708,2024-12-14,Consumer,North,Furniture,Tables,Standing Desk,5,0,60000,3837.15
ORD-18709,2023-01-26,Home Office,North,Technology,Phones,Smartphone X,4,0.1,64800.0,4281.32
ORD-18710,2024-03-18,Corporate,South,Furniture,Chairs,Ergo Office Chair,2,0,13000,1909.19
ORD-18711,2023-10-18,Home Office,South,Office Supplies,Paper,A4 Paper Pack,3,0,1050,389.53
ORD-18712,2024-06-05,Home Office,North,Office Supplies,Binders,Heavy Binder Set,3,0,1800,480.5
ORD-18713,2024-04-27,Consumer,West,Office Supplies,Paper,A4 Paper Pack,3,0,1050,368.83
ORD-18714,2023-11-26,Corporate,East,Technology,Phones,Smartphone X,5,0,90000,12179.61
ORD-18715,2023-03-15,Consumer,West,Furniture,Bookcases,Wooden Bookcase,5,0,22500,3968.38
ORD-18716,2023-09-04,Home Office,East,Office Supplies,Binders,Heavy Binder Set,3,0.1,1620.0,326.79
ORD-18717,2024-06-09,Corporate,West,Furniture,Chairs,Ergo Office Chair,5,0,32500,4771.24
ORD-18718,2023-10-15,Corporate,West,Furniture,Bookcases,Wooden Bookcase,3,0.1,12150.0,1545.06
ORD-18719,2024-12-01,Home Office,North,Technology,Accessories,Wireless Earbuds,2,0.05,4750.0,1289.04
ORD-18720,2023-01-06,Consumer,South,Office Supplies,Storage,Storage Box,4,0.2,2880.0,403.7
ORD-18721,2023-02-14,Consumer,North,Technology,Accessories,Laptop Bag,4,0,7200,2377.83
ORD-18722,2023-12-26,Consumer,South,Office Supplies,Storage,Storage Box,1,0.05,855.0,204.42
ORD-18723,2024-12-08,Home Office,North,Technology,Machines,Laser Printer,3,0,27000,4142.34
ORD-18724,2023-03-05,Corporate,West,Technology,Accessories,Laptop Bag,1,0,1800,610.23
ORD-18725,2023-03-16,Home Office,East,Furniture,Bookcases,Wooden Bookcase,1,0.1,4050.0,212.05
ORD-18726,2023-08-22,Home Office,North,Furniture,Tables,Standing Desk,4,0.05,45600.0,2953.92
ORD-18727,2023-02-15,Corporate,East,Technology,Machines,Laser Printer,3,0.1,24300.0,1348.68
ORD-18728,2023-12-30,Corporate,East,Technology,Machines,Laser Printer,3,0,27000,2804.24
ORD-18729,2024-08-11,Corporate,North,Office Supplies,Binders,Heavy Binder Set,5,0.2,2400.0,475.82
ORD-18730,2024-03-12,Home Office,North,Technology,Accessories,Wireless Earbuds,3,0.1,6750.0,1811.03
ORD-18731,2024-12-11,Home Office,North,Technology,Accessories,Wireless Earbuds,3,0,7500,2365.63
ORD-18732,2023-09-09,Home Office,East,Furniture,Tables,Standing Desk,3,0.1,32400.0,1095.84
ORD-18733,2023-04-19,Home Office,West,Technology,Accessories,Wireless Earbuds,4,0,10000,2796.93
ORD-18734,2024-08-26,Corporate,West,Furniture,Chairs,Ergo Office Chair,5,0.2,26000.0,620.16
ORD-18735,2024-07-02,Corporate,East,Office Supplies,Binders,Heavy Binder Set,3,0.2,1440.0,190.28
ORD-18736,2023-05-17,Home Office,West,Furniture,Chairs,Ergo Office Chair,1,0,6500,1160.02
ORD-18737,2023-01-07,Consumer,East,Furniture,Bookcases,Wooden Bookcase,5,0,22500,2659.44
ORD-18738,2023-10-04,Corporate,South,Technology,Phones,Smartphone X,4,0.05,68400.0,7801.23
ORD-18739,2023-09-03,Consumer,South,Technology,Accessories,Laptop Bag,4,0.2,5760.0,1157.33
ORD-18740,2024-12-26,Consumer,South,Office Supplies,Binders,Heavy Binder Set,1,0.05,570.0,138.63
ORD-18741,2023-09-27,Home Office,West,Office Supplies,Paper,A4 Paper Pack,1,0,350,121.41
ORD-18742,2023-05-11,Consumer,South,Office Supplies,Paper,A4 Paper Pack,3,0,1050,367.91
ORD-18743,2024-08-08,Corporate,South,Office Supplies,Paper,A4 Paper Pack,1,0,350,117.89
ORD-18744,2024-09-01,Home Office,South,Technology,Phones,Smartphone X,1,0.2,14400.0,849.36
ORD-18745,2023-06-10,Home Office,South,Technology,Machines,Laser Printer,1,0,9000,839.57
ORD-18746,2023-02-02,Corporate,North,Office Supplies,Paper,A4 Paper Pack,4,0.2,1120.0,240.47
ORD-18747,2024-02-03,Consumer,East,Furniture,Bookcases,Wooden Bookcase,2,0,9000,1071.5
ORD-18748,2023-10-28,Consumer,West,Office Supplies,Storage,Storage Box,2,0,1800,500.42
ORD-18749,2023-09-13,Consumer,South,Technology,Accessories,Wireless Earbuds,5,0,12500,3792.93
ORD-18750,2023-10-11,Home Office,West,Technology,Accessories,Laptop Bag,2,0,3600,1107.25
ORD-18751,2023-07-10,Consumer,South,Office Supplies,Storage,Storage Box,4,0,3600,864.92
ORD-18752,2024-06-13,Home Office,North,Furniture,Chairs,Ergo Office Chair,2,0,13000,1919.91
ORD-18753,2023-12-09,Consumer,East,Technology,Accessories,Wireless Earbuds,5,0,12500,4119.34
ORD-18754,2023-09-10,Corporate,North,Furniture,Tables,Standing Desk,1,0,12000,1630.0
ORD-18755,2023-05-15,Home Office,South,Office Supplies,Storage,Storage Box,5,0,4500,1291.56
ORD-18756,2023-08-07,Home Office,East,Technology,Accessories,Wireless Earbuds,4,0.1,9000.0,2313.61
ORD-18757,2023-07-19,Home Office,West,Furniture,Bookcases,Wooden Bookcase,3,0.05,12825.0,1944.79
ORD-18758,2024-11-13,Corporate,North,Office Supplies,Paper,A4 Paper Pack,2,0,700,228.29
ORD-18759,2023-03-18,Corporate,West,Technology,Accessories,Wireless Earbuds,2,0,5000,1391.26
ORD-18760,2024-05-24,Home Office,South,Technology,Accessories,Wireless Earbuds,4,0,10000,2904.5
ORD-18761,2023-06-06,Consumer,South,Technology,Phones,Smartphone X,1,0,18000,2066.28
ORD-18762,2023-06-23,Corporate,South,Office Supplies,Binders,Heavy Binder Set,1,0.05,570.0,164.9
ORD-18763,2024-12-23,Home Office,West,Furniture,Chairs,Ergo Office Chair,3,0,19500,3995.3
ORD-18764,2024-04-05,Consumer,South,Technology,Machines,Laser Printer,1,0,9000,769.47
ORD-18765,2023-11-23,Home Office,North,Technology,Phones,Smartphone X,5,0.2,72000.0,1891.65
ORD-18766,2023-11-09,Consumer,North,Office Supplies,Binders,Heavy Binder Set,4,0.2,1920.0,269.82
ORD-18767,2024-06-20,Consumer,North,Technology,Accessories,Wireless Earbuds,4,0.2,8000.0,1672.38
ORD-18768,2023-01-31,Home Office,East,Technology,Phones,Smartphone X,5,0,90000,9222.36
ORD-18769,2023-10-20,Consumer,East,Technology,Phones,Smartphone X,3,0,54000,8200.65
ORD-18770,2024-03-05,Home Office,East,Office Supplies,Paper,A4 Paper Pack,4,0.1,1260.0,396.73
ORD-18771,2023-03-08,Corporate,South,Furniture,Chairs,Ergo Office Chair,5,0.1,29250.0,3178.46
ORD-18772,2023-04-12,Home Office,North,Office Supplies,Storage,Storage Box,2,0.1,1620.0,360.4
ORD-18773,2023-05-06,Home Office,North,Furniture,Chairs,Ergo Office Chair,2,0,13000,2098.57
ORD-18774,2023-12-26,Corporate,West,Office Supplies,Paper,A4 Paper Pack,5,0.2,1400.0,345.62
ORD-18775,2023-12-14,Corporate,South,Office Supplies,Paper,A4 Paper Pack,3,0,1050,343.42
ORD-18776,2024-02-11,Consumer,South,Technology,Accessories,Wireless Earbuds,3,0.05,7125.0,1773.29
ORD-18777,2024-10-07,Corporate,East,Furniture,Tables,Standing Desk,3,0.2,28800.0,-1183.2
ORD-18778,2024-03-03,Home Office,East,Technology,Accessories,Wireless Earbuds,1,0.05,2375.0,552.72
ORD-18779,2024-05-15,Home Office,South,Office Supplies,Binders,Heavy Binder Set,5,0.2,2400.0,470.12
ORD-18780,2023-04-19,Home Office,East,Furniture,Chairs,Ergo Office Chair,3,0.2,15600.0,650.24
ORD-18781,2023-07-29,Home Office,West,Furniture,Tables,Standing Desk,5,0,60000,6121.24
ORD-18782,2024-07-28,Corporate,South,Furniture,Tables,Standing Desk,3,0,36000,2391.48
ORD-18783,2023-03-30,Home Office,North,Furniture,Bookcases,Wooden Bookcase,4,0,18000,2873.72
ORD-18784,2023-07-12,Consumer,North,Office Supplies,Paper,A4 Paper Pack,1,0.05,332.5,94.81
ORD-18785,2023-07-22,Corporate,West,Office Supplies,Storage,Storage Box,2,0.05,1710.0,362.96
ORD-18786,2023-03-28,Corporate,East,Technology,Machines,Laser Printer,2,0.2,14400.0,116.44
ORD-18787,2023-10-03,Consumer,South,Technology,Machines,Laser Printer,3,0.2,21600.0,122.86
ORD-18788,2023-11-22,Home Office,South,Technology,Phones,Smartphone X,4,0.05,68400.0,7203.34
ORD-18789,2023-02-15,Home Office,South,Technology,Accessories,Laptop Bag,4,0.1,6480.0,1439.28
ORD-18790,2023-07-11,Corporate,East,Office Supplies,Storage,Storage Box,4,0,3600,770.65
ORD-18791,2024-12-10,Consumer,South,Furniture,Chairs,Ergo Office Chair,5,0,32500,6673.51
ORD-18792,2024-02-07,Consumer,South,Technology,Machines,Laser Printer,5,0.2,36000.0,185.56
ORD-18793,2024-10-14,Home Office,East,Furniture,Bookcases,Wooden Bookcase,1,0.05,4275.0,422.79
ORD-18794,2024-01-25,Corporate,North,Furniture,Bookcases,Wooden Bookcase,3,0,13500,1877.31
ORD-18795,2023-09-17,Home Office,East,Technology,Accessories,Wireless Earbuds,3,0.05,7125.0,1714.62
ORD-18796,2023-10-22,Home Office,West,Office Supplies,Paper,A4 Paper Pack,2,0,700,243.29
ORD-18797,2024-11-11,Home Office,North,Office Supplies,Binders,Heavy Binder Set,2,0,1200,310.08
ORD-18798,2024-12-03,Corporate,North,Furniture,Tables,Standing Desk,3,0,36000,3339.46
ORD-18799,2024-06-06,Consumer,North,Furniture,Tables,Standing Desk,5,0.1,54000.0,1954.33
ORD-18800,2023-02-22,Home Office,East,Furniture,Tables,Standing Desk,4,0.2,38400.0,-1651.42
ORD-18801,2023-08-30,Home Office,South,Furniture,Tables,Standing Desk,3,0,36000,2417.07
ORD-18802,2023-04-16,Corporate,North,Technology,Accessories,Laptop Bag,5,0.2,7200.0,1705.04
ORD-18803,2023-06-03,Consumer,North,Technology,Machines,Laser Printer,1,0,9000,1350.72
ORD-18804,2024-02-10,Home Office,South,Office Supplies,Storage,Storage Box,5,0.2,3600.0,391.45
ORD-18805,2024-04-26,Home Office,East,Technology,Machines,Laser Printer,2,0.2,14400.0,-530.4
ORD-18806,2024-10-09,Home Office,West,Office Supplies,Binders,Heavy Binder Set,4,0.05,2280.0,645.8
ORD-18807,2023-02-04,Consumer,South,Office Supplies,Paper,A4 Paper Pack,5,0,1750,640.04
ORD-18808,2023-10-11,Consumer,North,Office Supplies,Paper,A4 Paper Pack,4,0,1400,440.76
ORD-18809,2024-03-15,Corporate,West,Office Supplies,Binders,Heavy Binder Set,4,0,2400,638.93
ORD-18810,2023-05-20,Consumer,South,Technology,Accessories,Laptop Bag,3,0.1,4860.0,1076.28
ORD-18811,2023-03-10,Consumer,East,Furniture,Bookcases,Wooden Bookcase,3,0,13500,1540.94
ORD-18812,2023-06-16,Corporate,South,Furniture,Chairs,Ergo Office Chair,4,0.2,20800.0,846.06
ORD-18813,2023-12-08,Corporate,East,Office Supplies,Paper,A4 Paper Pack,4,0.2,1120.0,242.21
ORD-18814,2023-08-07,Consumer,North,Furniture,Chairs,Ergo Office Chair,1,0,6500,1177.81
ORD-18815,2023-02-25,Consumer,East,Furniture,Tables,Standing Desk,3,0.2,28800.0,-590.33
ORD-18816,2023-10-08,Home Office,East,Furniture,Chairs,Ergo Office Chair,2,0,13000,2232.52
ORD-18817,2024-10-11,Home Office,East,Furniture,Bookcases,Wooden Bookcase,3,0,13500,1651.46
ORD-18818,2024-08-12,Home Office,West,Technology,Phones,Smartphone X,3,0.1,48600.0,5118.15
ORD-18819,2023-02-10,Home Office,South,Technology,Machines,Laser Printer,2,0.1,16200.0,975.75
ORD-18820,2024-12-05,Home Office,West,Technology,Accessories,Laptop Bag,2,0.2,2880.0,651.19
ORD-18821,2024-10-09,Consumer,West,Office Supplies,Storage,Storage Box,5,0.1,4050.0,612.21
ORD-18822,2024-04-10,Corporate,South,Furniture,Bookcases,Wooden Bookcase,2,0.1,8100.0,628.23
ORD-18823,2023-01-25,Consumer,East,Technology,Machines,Laser Printer,2,0.2,14400.0,571.17
ORD-18824,2024-10-03,Consumer,West,Technology,Accessories,Wireless Earbuds,4,0,10000,3122.09
ORD-18825,2024-04-14,Consumer,North,Office Supplies,Binders,Heavy Binder Set,3,0.2,1440.0,188.85
ORD-18826,2024-10-08,Corporate,North,Furniture,Bookcases,Wooden Bookcase,1,0,4500,728.94
ORD-18827,2024-10-16,Home Office,West,Office Supplies,Binders,Heavy Binder Set,5,0.1,2700.0,701.08
ORD-18828,2023-12-14,Corporate,East,Office Supplies,Storage,Storage Box,5,0,4500,961.97
ORD-18829,2024-03-05,Corporate,South,Furniture,Bookcases,Wooden Bookcase,5,0,22500,3809.09
ORD-18830,2024-10-13,Home Office,North,Furniture,Tables,Standing Desk,5,0.05,57000.0,4093.57
ORD-18831,2023-08-20,Home Office,West,Furniture,Tables,Standing Desk,4,0,48000,3879.47
ORD-18832,2023-12-24,Corporate,South,Technology,Accessories,Laptop Bag,3,0,5400,1651.65
ORD-18833,2023-04-11,Home Office,North,Technology,Accessories,Wireless Earbuds,2,0.05,4750.0,1332.62
ORD-18834,2024-04-07,Consumer,East,Office Supplies,Paper,A4 Paper Pack,5,0.1,1575.0,429.28
ORD-18835,2024-05-29,Home Office,East,Office Supplies,Paper,A4 Paper Pack,2,0,700,217.64
ORD-18836,2023-12-12,Corporate,South,Technology,Accessories,Laptop Bag,1,0,1800,518.76
ORD-18837,2024-07-20,Corporate,West,Office Supplies,Storage,Storage Box,3,0,2700,667.93
ORD-18838,2024-08-30,Consumer,West,Office Supplies,Binders,Heavy Binder Set,3,0,1800,494.41
ORD-18839,2023-07-30,Corporate,South,Office Supplies,Paper,A4 Paper Pack,4,0.05,1330.0,431.54
ORD-18840,2024-05-18,Consumer,North,Technology,Accessories,Wireless Earbuds,4,0,10000,2789.24
ORD-18841,2023-03-12,Corporate,South,Office Supplies,Paper,A4 Paper Pack,5,0,1750,624.77
ORD-18842,2023-08-22,Corporate,West,Office Supplies,Binders,Heavy Binder Set,1,0.05,570.0,143.51
ORD-18843,2024-02-06,Home Office,South,Furniture,Bookcases,Wooden Bookcase,4,0.2,14400.0,141.72
ORD-18844,2023-05-11,Consumer,South,Technology,Accessories,Wireless Earbuds,1,0,2500,820.41
ORD-18845,2024-04-29,Corporate,North,Office Supplies,Storage,Storage Box,5,0,4500,1194.71
ORD-18846,2023-07-22,Consumer,North,Technology,Phones,Smartphone X,1,0,18000,2867.8
ORD-18847,2024-04-20,Consumer,East,Furniture,Tables,Standing Desk,4,0,48000,5569.03
ORD-18848,2024-05-20,Corporate,South,Technology,Accessories,Laptop Bag,4,0,7200,2588.57
ORD-18849,2023-05-22,Consumer,East,Office Supplies,Storage,Storage Box,1,0,900,242.2
ORD-18850,2023-08-31,Corporate,North,Office Supplies,Storage,Storage Box,2,0,1800,501.24
ORD-18851,2024-01-08,Corporate,East,Technology,Phones,Smartphone X,4,0,72000,10567.67
ORD-18852,2023-11-27,Corporate,East,Furniture,Chairs,Ergo Office Chair,4,0.2,20800.0,895.4
ORD-18853,2023-05-15,Corporate,North,Furniture,Tables,Standing Desk,4,0,48000,6517.74
ORD-18854,2024-04-07,Home Office,South,Furniture,Tables,Standing Desk,4,0.05,45600.0,2959.89
ORD-18855,2024-11-09,Corporate,South,Technology,Phones,Smartphone X,4,0.2,57600.0,-349.03
ORD-18856,2023-04-09,Home Office,West,Furniture,Chairs,Ergo Office Chair,1,0.2,5200.0,491.73
ORD-18857,2024-12-16,Corporate,East,Office Supplies,Storage,Storage Box,4,0.2,2880.0,314.69
ORD-18858,2023-09-21,Consumer,South,Technology,Accessories,Laptop Bag,4,0,7200,2519.5
ORD-18859,2024-02-22,Corporate,West,Technology,Phones,Smartphone X,2,0.1,32400.0,3160.41
ORD-18860,2024-05-31,Home Office,East,Technology,Accessories,Laptop Bag,5,0,9000,3208.59
ORD-18861,2023-07-29,Home Office,South,Technology,Machines,Laser Printer,4,0.1,32400.0,1166.83
ORD-18862,2024-04-29,Consumer,East,Office Supplies,Storage,Storage Box,3,0.1,2430.0,538.84
ORD-18863,2024-08-19,Corporate,East,Office Supplies,Binders,Heavy Binder Set,5,0,3000,783.35
ORD-18864,2023-03-03,Corporate,North,Furniture,Chairs,Ergo Office Chair,4,0.2,20800.0,1423.71
ORD-18865,2024-09-10,Consumer,South,Office Supplies,Paper,A4 Paper Pack,1,0.1,315.0,98.16
ORD-18866,2024-05-18,Home Office,South,Technology,Machines,Laser Printer,1,0.2,7200.0,-278.62
ORD-18867,2024-03-12,Home Office,South,Office Supplies,Storage,Storage Box,1,0.05,855.0,197.53
ORD-18868,2024-04-05,Consumer,South,Office Supplies,Paper,A4 Paper Pack,3,0.2,840.0,180.67
ORD-18869,2023-04-23,Consumer,West,Technology,Machines,Laser Printer,1,0,9000,1090.1
ORD-18870,2024-04-03,Consumer,South,Furniture,Chairs,Ergo Office Chair,3,0.1,17550.0,2554.27
ORD-18871,2023-06-21,Consumer,East,Office Supplies,Binders,Heavy Binder Set,2,0,1200,317.28
ORD-18872,2023-02-23,Home Office,North,Office Supplies,Paper,A4 Paper Pack,1,0.1,315.0,84.15
ORD-18873,2023-07-11,Home Office,South,Office Supplies,Storage,Storage Box,5,0.2,3600.0,495.32
ORD-18874,2024-12-25,Consumer,South,Technology,Machines,Laser Printer,2,0.2,14400.0,524.81
ORD-18875,2024-01-03,Home Office,West,Furniture,Tables,Standing Desk,4,0.05,45600.0,1803.8
ORD-18876,2023-03-02,Consumer,North,Office Supplies,Storage,Storage Box,1,0.1,810.0,147.42
ORD-18877,2023-06-30,Home Office,South,Furniture,Chairs,Ergo Office Chair,4,0.2,20800.0,945.16
ORD-18878,2023-03-02,Corporate,East,Furniture,Tables,Standing Desk,3,0.2,28800.0,-905.05
ORD-18879,2023-11-26,Corporate,West,Technology,Machines,Laser Printer,4,0,36000,4937.52
ORD-18880,2024-08-15,Home Office,West,Furniture,Tables,Standing Desk,2,0,24000,2702.65
ORD-18881,2023-05-31,Corporate,North,Furniture,Chairs,Ergo Office Chair,4,0,26000,4711.43
ORD-18882,2024-01-20,Consumer,North,Office Supplies,Binders,Heavy Binder Set,3,0,1800,452.89
ORD-18883,2023-10-25,Corporate,West,Technology,Phones,Smartphone X,5,0,90000,9014.18
ORD-18884,2023-07-02,Home Office,East,Office Supplies,Paper,A4 Paper Pack,4,0.05,1330.0,453.31
ORD-18885,2024-03-02,Home Office,East,Office Supplies,Binders,Heavy Binder Set,4,0,2400,715.62
ORD-18886,2023-12-10,Consumer,South,Furniture,Chairs,Ergo Office Chair,2,0,13000,2165.69
ORD-18887,2023-12-31,Home Office,East,Technology,Accessories,Laptop Bag,1,0,1800,539.52
ORD-18888,2024-07-30,Corporate,West,Technology,Phones,Smartphone X,3,0.05,51300.0,6029.36
ORD-18889,2023-10-12,Home Office,North,Technology,Accessories,Wireless Earbuds,5,0,12500,3713.33
ORD-18890,2023-04-26,Consumer,East,Technology,Phones,Smartphone X,4,0.1,64800.0,5868.21
ORD-18891,2024-02-01,Corporate,South,Technology,Accessories,Laptop Bag,5,0,9000,2633.96
ORD-18892,2024-07-10,Home Office,South,Furniture,Bookcases,Wooden Bookcase,4,0,18000,3232.91
ORD-18893,2024-10-23,Home Office,North,Office Supplies,Binders,Heavy Binder Set,2,0,1200,295.57
ORD-18894,2023-02-17,Home Office,West,Office Supplies,Binders,Heavy Binder Set,3,0.2,1440.0,210.83
ORD-18895,2023-12-01,Consumer,West,Furniture,Tables,Standing Desk,4,0,48000,4294.55
ORD-18896,2023-11-30,Home Office,North,Furniture,Tables,Standing Desk,3,0,36000,4151.96
ORD-18897,2024-08-03,Home Office,West,Office Supplies,Binders,Heavy Binder Set,1,0.2,480.0,72.9
ORD-18898,2024-01-16,Consumer,East,Office Supplies,Storage,Storage Box,1,0,900,190.31
ORD-18899,2024-12-21,Home Office,North,Technology,Accessories,Laptop Bag,2,0,3600,1202.26
ORD-18900,2024-12-17,Consumer,West,Technology,Phones,Smartphone X,5,0,90000,10615.36
ORD-18901,2024-08-17,Home Office,North,Technology,Accessories,Wireless Earbuds,3,0.2,6000.0,990.23
ORD-18902,2024-12-26,Consumer,North,Furniture,Chairs,Ergo Office Chair,5,0.2,26000.0,923.77
ORD-18903,2023-05-24,Consumer,West,Furniture,Bookcases,Wooden Bookcase,3,0,13500,1598.87
ORD-18904,2024-06-26,Home Office,North,Technology,Accessories,Wireless Earbuds,2,0.2,4000.0,742.78
ORD-18905,2024-08-09,Home Office,North,Furniture,Tables,Standing Desk,5,0.1,54000.0,2708.42
ORD-18906,2024-07-23,Home Office,West,Office Supplies,Storage,Storage Box,4,0.2,2880.0,343.29
ORD-18907,2023-06-21,Corporate,North,Technology,Machines,Laser Printer,5,0,45000,6749.13
ORD-18908,2024-04-02,Home Office,West,Technology,Machines,Laser Printer,5,0,45000,6777.17
ORD-18909,2023-06-08,Consumer,North,Technology,Accessories,Laptop Bag,1,0.2,1440.0,234.89
ORD-18910,2023-07-27,Consumer,North,Office Supplies,Paper,A4 Paper Pack,4,0.1,1260.0,356.81
ORD-18911,2024-07-21,Home Office,East,Office Supplies,Storage,Storage Box,1,0.05,855.0,193.49
ORD-18912,2024-02-04,Home Office,West,Office Supplies,Binders,Heavy Binder Set,1,0.05,570.0,149.3
ORD-18913,2024-09-18,Consumer,East,Furniture,Tables,Standing Desk,3,0,36000,3849.42
ORD-18914,2023-03-03,Corporate,South,Technology,Accessories,Wireless Earbuds,3,0,7500,2351.34
ORD-18915,2023-08-31,Home Office,North,Office Supplies,Binders,Heavy Binder Set,2,0,1200,358.71
ORD-18916,2024-01-20,Consumer,North,Technology,Machines,Laser Printer,3,0.1,24300.0,1071.97
ORD-18917,2023-04-09,Corporate,South,Office Supplies,Binders,Heavy Binder Set,2,0.05,1140.0,302.45
ORD-18918,2023-03-28,Home Office,South,Furniture,Bookcases,Wooden Bookcase,2,0.05,8550.0,1216.55
ORD-18919,2023-07-01,Home Office,West,Technology,Accessories,Wireless Earbuds,3,0,7500,2122.31
ORD-18920,2023-10-14,Corporate,East,Furniture,Chairs,Ergo Office Chair,5,0,32500,5636.67
ORD-18921,2024-08-09,Consumer,East,Office Supplies,Binders,Heavy Binder Set,2,0.05,1140.0,279.6
ORD-18922,2023-10-30,Corporate,East,Furniture,Bookcases,Wooden Bookcase,2,0.2,7200.0,460.72
ORD-18923,2024-04-14,Home Office,South,Office Supplies,Binders,Heavy Binder Set,3,0,1800,520.38
ORD-18924,2023-07-15,Corporate,North,Office Supplies,Storage,Storage Box,4,0.2,2880.0,396.39
ORD-18925,2023-11-13,Home Office,North,Furniture,Tables,Standing Desk,4,0,48000,5238.71
ORD-18926,2024-07-17,Corporate,South,Office Supplies,Binders,Heavy Binder Set,2,0.05,1140.0,309.49
ORD-18927,2024-07-11,Consumer,North,Technology,Accessories,Laptop Bag,1,0.1,1620.0,474.33
ORD-18928,2023-01-18,Consumer,South,Office Supplies,Binders,Heavy Binder Set,4,0.1,2160.0,429.66
ORD-18929,2024-06-24,Home Office,West,Furniture,Chairs,Ergo Office Chair,4,0.2,20800.0,832.24
ORD-18930,2024-05-14,Consumer,North,Technology,Phones,Smartphone X,2,0,36000,4135.59
ORD-18931,2024-04-04,Corporate,East,Furniture,Chairs,Ergo Office Chair,5,0.2,26000.0,832.18
ORD-18932,2024-04-22,Home Office,East,Furniture,Bookcases,Wooden Bookcase,3,0.2,10800.0,491.25
ORD-18933,2024-07-21,Corporate,South,Office Supplies,Binders,Heavy Binder Set,2,0.05,1140.0,286.7
ORD-18934,2023-08-07,Consumer,West,Office Supplies,Binders,Heavy Binder Set,4,0,2400,663.48
ORD-18935,2024-11-11,Home Office,East,Office Supplies,Storage,Storage Box,4,0.05,3420.0,771.13
ORD-18936,2023-04-05,Corporate,South,Technology,Phones,Smartphone X,4,0,72000,8459.71
ORD-18937,2023-05-24,Home Office,South,Office Supplies,Paper,A4 Paper Pack,1,0.1,315.0,82.05
ORD-18938,2024-11-02,Corporate,North,Office Supplies,Storage,Storage Box,4,0.1,3240.0,708.8
ORD-18939,2024-03-16,Consumer,South,Technology,Machines,Laser Printer,5,0,45000,4234.24
ORD-18940,2024-10-24,Consumer,East,Furniture,Chairs,Ergo Office Chair,3,0.2,15600.0,1295.18
ORD-18941,2023-11-18,Corporate,South,Technology,Accessories,Wireless Earbuds,1,0,2500,842.01
ORD-18942,2023-05-09,Corporate,West,Furniture,Bookcases,Wooden Bookcase,1,0.1,4050.0,267.23
ORD-18943,2023-04-09,Home Office,South,Office Supplies,Storage,Storage Box,3,0,2700,616.64
ORD-18944,2024-08-12,Consumer,South,Technology,Machines,Laser Printer,5,0,45000,3701.02
ORD-18945,2023-09-24,Consumer,North,Technology,Machines,Laser Printer,1,0,9000,911.07
ORD-18946,2024-02-17,Home Office,North,Technology,Accessories,Wireless Earbuds,5,0,12500,3750.33
ORD-18947,2023-04-26,Corporate,West,Office Supplies,Binders,Heavy Binder Set,5,0.05,2850.0,748.64
ORD-18948,2024-01-11,Home Office,East,Technology,Phones,Smartphone X,2,0,36000,5011.76
ORD-18949,2023-02-07,Consumer,West,Technology,Accessories,Laptop Bag,2,0.05,3420.0,950.85
ORD-18950,2023-11-05,Home Office,North,Office Supplies,Storage,Storage Box,3,0.1,2430.0,386.34
ORD-18951,2024-06-09,Consumer,East,Office Supplies,Paper,A4 Paper Pack,4,0.1,1260.0,376.96
ORD-18952,2024-08-23,Home Office,East,Technology,Accessories,Wireless Earbuds,5,0,12500,3252.86
ORD-18953,2024-12-26,Corporate,North,Office Supplies,Paper,A4 Paper Pack,3,0,1050,391.81
ORD-18954,2024-10-29,Home Office,East,Furniture,Tables,Standing Desk,1,0,12000,1618.68
ORD-18955,2024-07-10,Consumer,North,Furniture,Bookcases,Wooden Bookcase,5,0,22500,3724.22
ORD-18956,2023-02-05,Home Office,West,Office Supplies,Binders,Heavy Binder Set,3,0,1800,511.03
ORD-18957,2023-05-04,Corporate,North,Furniture,Bookcases,Wooden Bookcase,4,0.2,14400.0,614.6
ORD-18958,2023-04-07,Home Office,North,Technology,Machines,Laser Printer,3,0.1,24300.0,969.08
ORD-18959,2024-05-02,Corporate,East,Technology,Machines,Laser Printer,4,0,36000,3953.72
ORD-18960,2024-11-14,Home Office,East,Technology,Phones,Smartphone X,2,0.2,28800.0,-545.22
ORD-18961,2024-02-04,Corporate,South,Furniture,Bookcases,Wooden Bookcase,3,0.05,12825.0,1507.62
ORD-18962,2023-06-28,Consumer,North,Office Supplies,Paper,A4 Paper Pack,4,0.2,1120.0,256.25
ORD-18963,2024-12-04,Consumer,West,Furniture,Bookcases,Wooden Bookcase,1,0.05,4275.0,410.93
ORD-18964,2023-11-12,Consumer,North,Office Supplies,Paper,A4 Paper Pack,4,0.1,1260.0,407.94
ORD-18965,2023-12-04,Home Office,North,Office Supplies,Binders,Heavy Binder Set,2,0,1200,347.26
ORD-18966,2024-01-01,Consumer,East,Furniture,Tables,Standing Desk,5,0,60000,4644.02
ORD-18967,2024-04-11,Home Office,South,Furniture,Bookcases,Wooden Bookcase,3,0,13500,1512.41
ORD-18968,2024-03-12,Home Office,East,Technology,Accessories,Laptop Bag,3,0.05,5130.0,1419.11
ORD-18969,2024-07-05,Home Office,East,Furniture,Tables,Standing Desk,5,0,60000,3940.52
ORD-18970,2024-02-23,Home Office,West,Technology,Machines,Laser Printer,5,0,45000,6613.46
ORD-18971,2023-01-26,Corporate,North,Technology,Machines,Laser Printer,2,0.1,16200.0,627.39
ORD-18972,2023-03-03,Consumer,West,Office Supplies,Binders,Heavy Binder Set,3,0.1,1620.0,373.86
ORD-18973,2024-04-01,Corporate,North,Office Supplies,Storage,Storage Box,1,0,900,227.8
ORD-18974,2023-12-15,Consumer,West,Furniture,Tables,Standing Desk,2,0,24000,2727.49
ORD-18975,2023-10-08,Consumer,North,Furniture,Chairs,Ergo Office Chair,1,0.05,6175.0,758.54
ORD-18976,2024-02-01,Home Office,North,Furniture,Tables,Standing Desk,3,0.05,34200.0,1575.89
ORD-18977,2024-07-11,Corporate,North,Furniture,Tables,Standing Desk,4,0.2,38400.0,-486.41
ORD-18978,2024-07-19,Home Office,West,Office Supplies,Paper,A4 Paper Pack,3,0,1050,369.82
ORD-18979,2023-09-28,Corporate,West,Furniture,Bookcases,Wooden Bookcase,5,0,22500,2825.13
ORD-18980,2024-12-28,Home Office,North,Office Supplies,Storage,Storage Box,1,0.05,855.0,202.55
ORD-18981,2024-04-03,Home Office,West,Furniture,Bookcases,Wooden Bookcase,1,0,4500,701.77
ORD-18982,2023-08-03,Consumer,West,Furniture,Tables,Standing Desk,4,0,48000,5918.3
ORD-18983,2024-04-16,Corporate,West,Office Supplies,Storage,Storage Box,3,0,2700,635.7
ORD-18984,2024-11-10,Home Office,East,Office Supplies,Binders,Heavy Binder Set,1,0.05,570.0,121.51
ORD-18985,2024-06-28,Home Office,East,Office Supplies,Storage,Storage Box,5,0.2,3600.0,378.95
ORD-18986,2024-09-29,Home Office,East,Furniture,Tables,Standing Desk,2,0,24000,3078.8
ORD-18987,2023-08-20,Corporate,West,Technology,Accessories,Wireless Earbuds,3,0.05,7125.0,1846.16
ORD-18988,2023-02-08,Corporate,North,Technology,Accessories,Wireless Earbuds,3,0.05,7125.0,1731.01
ORD-18989,2024-01-31,Home Office,South,Furniture,Bookcases,Wooden Bookcase,2,0.05,8550.0,1359.17
ORD-18990,2023-01-20,Consumer,West,Office Supplies,Storage,Storage Box,3,0,2700,652.98
ORD-18991,2024-06-14,Home Office,West,Furniture,Tables,Standing Desk,4,0,48000,4414.94
ORD-18992,2024-04-11,Corporate,East,Technology,Accessories,Laptop Bag,2,0,3600,1076.76
ORD-18993,2024-05-26,Home Office,South,Office Supplies,Storage,Storage Box,2,0.1,1620.0,310.48
ORD-18994,2023-06-20,Consumer,East,Technology,Accessories,Wireless Earbuds,3,0.1,6750.0,1484.46
ORD-18995,2024-09-21,Home Office,South,Office Supplies,Storage,Storage Box,3,0.1,2430.0,497.82
ORD-18996,2024-07-03,Corporate,West,Office Supplies,Paper,A4 Paper Pack,4,0.05,1330.0,406.65
ORD-18997,2024-03-24,Consumer,North,Technology,Accessories,Wireless Earbuds,1,0.1,2250.0,453.83
ORD-18998,2023-01-01,Corporate,West,Technology,Phones,Smartphone X,2,0,36000,5752.82
ORD-18999,2024-09-19,Home Office,West,Office Supplies,Binders,Heavy Binder Set,5,0,3000,841.95
ORD-19000,2024-08-11,Consumer,West,Furniture,Tables,Standing Desk,5,0.2,48000.0,-651.46
ORD-19001,2024-12-13,Corporate,East,Technology,Machines,Laser Printer,4,0.2,28800.0,-31.65
ORD-19002,2023-01-03,Consumer,South,Technology,Accessories,Laptop Bag,3,0,5400,1665.13
ORD-19003,2023-04-11,Corporate,South,Technology,Accessories,Laptop Bag,1,0,1800,641.76
ORD-19004,2023-12-03,Home Office,West,Technology,Accessories,Laptop Bag,2,0.05,3420.0,874.98
ORD-19005,2024-10-01,Consumer,South,Office Supplies,Paper,A4 Paper Pack,1,0.05,332.5,97.55
ORD-19006,2023-06-09,Corporate,North,Technology,Phones,Smartphone X,1,0.2,14400.0,-232.18
ORD-19007,2023-03-28,Home Office,South,Office Supplies,Binders,Heavy Binder Set,3,0,1800,489.06
ORD-19008,2023-08-11,Corporate,East,Office Supplies,Storage,Storage Box,4,0,3600,921.46
ORD-19009,2023-01-08,Consumer,South,Office Supplies,Storage,Storage Box,2,0,1800,511.73
ORD-19010,2023-03-28,Corporate,South,Furniture,Bookcases,Wooden Bookcase,2,0,9000,1420.95
ORD-19011,2023-03-19,Home Office,South,Office Supplies,Binders,Heavy Binder Set,3,0,1800,523.93
ORD-19012,2023-11-30,Home Office,West,Technology,Accessories,Wireless Earbuds,3,0,7500,2177.86
ORD-19013,2024-05-26,Consumer,West,Office Supplies,Storage,Storage Box,5,0.1,4050.0,668.09
ORD-19014,2024-05-11,Consumer,South,Furniture,Chairs,Ergo Office Chair,2,0.05,12350.0,1881.32
ORD-19015,2024-08-23,Corporate,East,Furniture,Tables,Standing Desk,5,0.05,57000.0,2692.44
ORD-19016,2024-11-08,Home Office,North,Technology,Phones,Smartphone X,1,0,18000,1895.59
ORD-19017,2023-07-17,Consumer,East,Technology,Accessories,Laptop Bag,5,0,9000,2613.02
ORD-19018,2024-02-28,Corporate,East,Furniture,Chairs,Ergo Office Chair,1,0,6500,1312.34
ORD-19019,2023-07-24,Home Office,East,Office Supplies,Binders,Heavy Binder Set,1,0,600,182.0
ORD-19020,2024-12-12,Corporate,South,Furniture,Bookcases,Wooden Bookcase,5,0.1,20250.0,1174.88
ORD-19021,2024-07-22,Consumer,West,Technology,Accessories,Wireless Earbuds,1,0,2500,657.52
ORD-19022,2023-01-02,Home Office,West,Office Supplies,Binders,Heavy Binder Set,1,0,600,184.19
ORD-19023,2023-01-17,Consumer,North,Furniture,Tables,Standing Desk,2,0,24000,1711.09
ORD-19024,2023-01-26,Corporate,South,Office Supplies,Paper,A4 Paper Pack,5,0.05,1662.5,546.46
ORD-19025,2023-03-02,Corporate,East,Technology,Phones,Smartphone X,5,0,90000,12968.86
ORD-19026,2023-05-12,Consumer,South,Furniture,Bookcases,Wooden Bookcase,4,0.2,14400.0,451.83
ORD-19027,2023-05-05,Consumer,West,Technology,Phones,Smartphone X,3,0,54000,6623.47
ORD-19028,2023-03-08,Home Office,South,Furniture,Bookcases,Wooden Bookcase,4,0.05,17100.0,1661.86
ORD-19029,2024-03-31,Consumer,West,Office Supplies,Paper,A4 Paper Pack,5,0,1750,607.69
ORD-19030,2023-07-08,Corporate,South,Office Supplies,Storage,Storage Box,4,0,3600,961.9
ORD-19031,2024-11-26,Corporate,South,Technology,Accessories,Laptop Bag,3,0,5400,1711.64
ORD-19032,2023-02-10,Home Office,South,Office Supplies,Binders,Heavy Binder Set,4,0,2400,583.65
ORD-19033,2024-05-29,Consumer,South,Office Supplies,Binders,Heavy Binder Set,4,0,2400,664.73
ORD-19034,2023-09-29,Home Office,East,Furniture,Chairs,Ergo Office Chair,5,0,32500,5746.12
ORD-19035,2023-06-12,Consumer,South,Furniture,Chairs,Ergo Office Chair,2,0.2,10400.0,889.42
ORD-19036,2023-09-11,Corporate,South,Office Supplies,Paper,A4 Paper Pack,2,0,700,246.65
ORD-19037,2024-10-26,Corporate,East,Technology,Machines,Laser Printer,2,0,18000,1542.69
ORD-19038,2023-11-11,Home Office,East,Furniture,Bookcases,Wooden Bookcase,1,0,4500,685.88
ORD-19039,2024-06-29,Consumer,South,Technology,Accessories,Wireless Earbuds,5,0,12500,3945.13
ORD-19040,2024-03-05,Consumer,East,Technology,Accessories,Wireless Earbuds,1,0,2500,788.43
ORD-19041,2024-07-11,Consumer,North,Furniture,Chairs,Ergo Office Chair,2,0,13000,2198.11
ORD-19042,2024-08-27,Home Office,West,Technology,Accessories,Laptop Bag,2,0,3600,1019.82
ORD-19043,2024-05-28,Corporate,East,Technology,Phones,Smartphone X,5,0.05,85500.0,11984.69
ORD-19044,2024-05-05,Corporate,South,Office Supplies,Paper,A4 Paper Pack,3,0,1050,369.3
ORD-19045,2023-05-03,Corporate,West,Technology,Machines,Laser Printer,4,0.05,34200.0,2777.45
ORD-19046,2023-09-10,Home Office,South,Office Supplies,Paper,A4 Paper Pack,3,0,1050,406.89
ORD-19047,2023-12-28,Consumer,East,Furniture,Bookcases,Wooden Bookcase,1,0,4500,712.08
ORD-19048,2023-04-09,Consumer,South,Office Supplies,Paper,A4 Paper Pack,4,0,1400,502.3
ORD-19049,2024-07-17,Home Office,East,Technology,Machines,Laser Printer,1,0.05,8550.0,691.1
ORD-19050,2023-05-12,Corporate,North,Office Supplies,Storage,Storage Box,1,0,900,232.85
ORD-19051,2024-05-22,Consumer,East,Technology,Machines,Laser Printer,1,0.2,7200.0,239.37
ORD-19052,2023-12-03,Consumer,East,Office Supplies,Binders,Heavy Binder Set,4,0.1,2160.0,426.89
ORD-19053,2023-02-08,Consumer,West,Technology,Accessories,Laptop Bag,2,0.1,3240.0,812.14
ORD-19054,2023-04-21,Corporate,South,Furniture,Chairs,Ergo Office Chair,1,0.05,6175.0,846.19
ORD-19055,2023-06-13,Corporate,West,Office Supplies,Binders,Heavy Binder Set,2,0.2,960.0,138.05
ORD-19056,2024-04-23,Corporate,East,Furniture,Chairs,Ergo Office Chair,1,0.2,5200.0,500.99
ORD-19057,2024-01-08,Home Office,West,Office Supplies,Binders,Heavy Binder Set,4,0,2400,633.6
ORD-19058,2024-09-25,Home Office,West,Technology,Accessories,Laptop Bag,5,0,9000,2768.62
ORD-19059,2023-06-14,Home Office,East,Technology,Phones,Smartphone X,2,0.2,28800.0,556.69
ORD-19060,2024-12-31,Home Office,East,Technology,Accessories,Wireless Earbuds,3,0.2,6000.0,1211.38
ORD-19061,2024-04-13,Consumer,West,Technology,Machines,Laser Printer,5,0.1,40500.0,3577.7
ORD-19062,2024-01-25,Corporate,North,Office Supplies,Paper,A4 Paper Pack,1,0.1,315.0,79.28
ORD-19063,2023-08-27,Corporate,East,Technology,Accessories,Wireless Earbuds,1,0.2,2000.0,335.54
ORD-19064,2024-08-16,Home Office,North,Technology,Phones,Smartphone X,4,0,72000,11846.0
ORD-19065,2024-02-17,Consumer,East,Office Supplies,Paper,A4 Paper Pack,5,0.05,1662.5,583.28
ORD-19066,2024-02-11,Home Office,West,Technology,Accessories,Laptop Bag,1,0,1800,574.27
ORD-19067,2024-09-08,Home Office,South,Technology,Accessories,Laptop Bag,4,0,7200,2490.42
ORD-19068,2024-10-13,Corporate,South,Office Supplies,Storage,Storage Box,2,0.2,1440.0,143.06
ORD-19069,2024-04-21,Corporate,North,Furniture,Tables,Standing Desk,2,0,24000,2189.47
ORD-19070,2024-07-28,Consumer,East,Office Supplies,Paper,A4 Paper Pack,5,0.05,1662.5,521.02
ORD-19071,2023-07-19,Consumer,North,Furniture,Bookcases,Wooden Bookcase,2,0.05,8550.0,1283.4
ORD-19072,2024-03-20,Consumer,South,Furniture,Tables,Standing Desk,4,0,48000,5114.77
ORD-19073,2024-05-05,Home Office,West,Technology,Machines,Laser Printer,4,0.2,28800.0,-909.23
ORD-19074,2024-07-31,Consumer,North,Technology,Machines,Laser Printer,3,0.05,25650.0,2032.41
ORD-19075,2024-11-20,Home Office,North,Furniture,Chairs,Ergo Office Chair,1,0,6500,1357.51
ORD-19076,2023-09-01,Consumer,North,Furniture,Tables,Standing Desk,2,0,24000,2290.29
ORD-19077,2024-04-20,Consumer,North,Furniture,Tables,Standing Desk,4,0,48000,5840.11
ORD-19078,2024-01-20,Home Office,West,Office Supplies,Paper,A4 Paper Pack,4,0,1400,507.02
ORD-19079,2024-01-27,Corporate,East,Furniture,Chairs,Ergo Office Chair,3,0,19500,3794.82
ORD-19080,2023-09-29,Consumer,South,Furniture,Chairs,Ergo Office Chair,1,0.1,5850.0,517.89
ORD-19081,2023-09-27,Consumer,East,Office Supplies,Binders,Heavy Binder Set,1,0.1,540.0,122.26
ORD-19082,2024-08-31,Consumer,East,Furniture,Chairs,Ergo Office Chair,3,0.2,15600.0,1368.48
ORD-19083,2023-07-29,Corporate,North,Technology,Phones,Smartphone X,4,0.05,68400.0,6178.73
ORD-19084,2024-04-23,Consumer,West,Office Supplies,Paper,A4 Paper Pack,2,0.2,560.0,132.71
ORD-19085,2024-02-06,Corporate,South,Technology,Accessories,Wireless Earbuds,2,0,5000,1418.23
ORD-19086,2024-07-10,Corporate,South,Furniture,Tables,Standing Desk,5,0.2,48000.0,-2848.0
ORD-19087,2024-07-30,Corporate,East,Office Supplies,Binders,Heavy Binder Set,5,0,3000,895.06
ORD-19088,2023-09-05,Corporate,West,Furniture,Tables,Standing Desk,1,0,12000,846.87
ORD-19089,2024-12-18,Consumer,West,Technology,Phones,Smartphone X,2,0,36000,5195.54
ORD-19090,2024-07-13,Home Office,South,Office Supplies,Binders,Heavy Binder Set,2,0,1200,304.98
ORD-19091,2024-07-08,Consumer,North,Furniture,Tables,Standing Desk,3,0,36000,3170.53
ORD-19092,2023-10-29,Home Office,North,Office Supplies,Binders,Heavy Binder Set,3,0.2,1440.0,189.36
ORD-19093,2024-09-21,Home Office,East,Office Supplies,Storage,Storage Box,2,0,1800,437.89
ORD-19094,2023-08-10,Home Office,East,Office Supplies,Binders,Heavy Binder Set,1,0,600,176.78
ORD-19095,2023-05-06,Consumer,West,Office Supplies,Binders,Heavy Binder Set,3,0,1800,458.68
ORD-19096,2024-12-20,Corporate,South,Furniture,Bookcases,Wooden Bookcase,2,0.2,7200.0,76.66
ORD-19097,2024-12-16,Home Office,South,Office Supplies,Storage,Storage Box,4,0.1,3240.0,646.36
ORD-19098,2023-05-05,Consumer,West,Furniture,Bookcases,Wooden Bookcase,2,0,9000,1008.91
ORD-19099,2024-11-17,Consumer,South,Furniture,Tables,Standing Desk,4,0.2,38400.0,-524.96
ORD-19100,2024-01-14,Consumer,East,Office Supplies,Binders,Heavy Binder Set,1,0,600,188.53
ORD-19101,2024-01-22,Consumer,South,Office Supplies,Binders,Heavy Binder Set,4,0.2,1920.0,281.85
ORD-19102,2024-08-05,Consumer,South,Technology,Machines,Laser Printer,1,0,9000,1248.43
ORD-19103,2023-06-11,Home Office,West,Furniture,Tables,Standing Desk,2,0,24000,1800.47
ORD-19104,2024-04-16,Consumer,East,Office Supplies,Storage,Storage Box,3,0,2700,765.57
ORD-19105,2024-09-09,Home Office,West,Technology,Phones,Smartphone X,2,0,36000,4503.95
ORD-19106,2023-06-30,Corporate,South,Furniture,Chairs,Ergo Office Chair,4,0.05,24700.0,3538.03
ORD-19107,2023-10-30,Corporate,North,Furniture,Bookcases,Wooden Bookcase,5,0.05,21375.0,2959.57
ORD-19108,2024-03-20,Home Office,North,Office Supplies,Binders,Heavy Binder Set,5,0.2,2400.0,456.02
ORD-19109,2024-09-12,Consumer,South,Furniture,Tables,Standing Desk,3,0,36000,4250.16
ORD-19110,2024-03-13,Corporate,East,Office Supplies,Binders,Heavy Binder Set,4,0,2400,670.39
ORD-19111,2024-10-06,Home Office,West,Technology,Machines,Laser Printer,5,0,45000,3919.47
ORD-19112,2023-03-23,Corporate,South,Office Supplies,Paper,A4 Paper Pack,4,0,1400,461.31
ORD-19113,2024-08-08,Corporate,North,Technology,Phones,Smartphone X,5,0,90000,9701.3
ORD-19114,2023-10-11,Corporate,North,Technology,Machines,Laser Printer,3,0.1,24300.0,2028.85
ORD-19115,2024-07-12,Home Office,East,Furniture,Tables,Standing Desk,5,0,60000,3939.15
ORD-19116,2024-10-14,Corporate,West,Office Supplies,Paper,A4 Paper Pack,3,0.2,840.0,177.76
ORD-19117,2023-09-23,Home Office,East,Technology,Machines,Laser Printer,4,0.05,34200.0,3582.18
ORD-19118,2024-12-15,Corporate,North,Technology,Phones,Smartphone X,4,0,72000,11827.63
ORD-19119,2023-05-31,Home Office,South,Furniture,Chairs,Ergo Office Chair,3,0,19500,3374.64
ORD-19120,2023-06-16,Consumer,East,Technology,Accessories,Laptop Bag,3,0.05,5130.0,1629.62
ORD-19121,2024-05-25,Consumer,North,Technology,Machines,Laser Printer,2,0.2,14400.0,521.44
ORD-19122,2024-03-12,Home Office,West,Furniture,Tables,Standing Desk,4,0.05,45600.0,1500.59
ORD-19123,2023-11-26,Home Office,South,Furniture,Bookcases,Wooden Bookcase,4,0,18000,2221.59
ORD-19124,2023-06-22,Corporate,West,Furniture,Tables,Standing Desk,3,0,36000,3059.31
ORD-19125,2024-03-02,Home Office,South,Furniture,Chairs,Ergo Office Chair,5,0.1,29250.0,2690.37
ORD-19126,2024-09-18,Corporate,South,Technology,Accessories,Wireless Earbuds,3,0.2,6000.0,1125.8
ORD-19127,2024-07-10,Consumer,North,Technology,Machines,Laser Printer,5,0,45000,5469.29
ORD-19128,2024-07-15,Corporate,West,Technology,Accessories,Wireless Earbuds,4,0.2,8000.0,1541.95
ORD-19129,2024-05-23,Home Office,West,Furniture,Tables,Standing Desk,4,0.1,43200.0,3410.71
ORD-19130,2023-05-30,Consumer,West,Technology,Phones,Smartphone X,4,0,72000,10263.72
ORD-19131,2024-03-29,Consumer,West,Furniture,Tables,Standing Desk,1,0.2,9600.0,-154.7
ORD-19132,2024-07-09,Corporate,North,Office Supplies,Binders,Heavy Binder Set,1,0.1,540.0,128.09
ORD-19133,2024-06-09,Home Office,West,Furniture,Bookcases,Wooden Bookcase,2,0.2,7200.0,257.18
ORD-19134,2023-07-21,Consumer,East,Technology,Phones,Smartphone X,3,0,54000,5733.7
ORD-19135,2024-06-13,Consumer,North,Technology,Accessories,Laptop Bag,5,0.2,7200.0,1335.39
ORD-19136,2024-11-04,Consumer,South,Furniture,Tables,Standing Desk,2,0.05,22800.0,829.73
ORD-19137,2024-10-21,Consumer,South,Furniture,Tables,Standing Desk,1,0,12000,1063.56
ORD-19138,2024-01-19,Consumer,West,Furniture,Bookcases,Wooden Bookcase,5,0.1,20250.0,2055.01
ORD-19139,2023-01-23,Corporate,East,Technology,Accessories,Wireless Earbuds,1,0.2,2000.0,317.74
ORD-19140,2023-06-18,Consumer,North,Technology,Accessories,Wireless Earbuds,5,0.1,11250.0,3132.84
ORD-19141,2023-08-22,Consumer,South,Technology,Accessories,Laptop Bag,2,0,3600,1123.78
ORD-19142,2024-02-02,Home Office,West,Furniture,Bookcases,Wooden Bookcase,3,0.2,10800.0,457.73
ORD-19143,2024-10-26,Consumer,North,Office Supplies,Paper,A4 Paper Pack,2,0,700,253.53
ORD-19144,2023-01-06,Corporate,South,Office Supplies,Paper,A4 Paper Pack,4,0.05,1330.0,461.85
ORD-19145,2024-06-27,Consumer,East,Furniture,Bookcases,Wooden Bookcase,4,0.1,16200.0,833.92
ORD-19146,2023-07-29,Home Office,South,Technology,Phones,Smartphone X,4,0,72000,8062.34
ORD-19147,2023-06-16,Home Office,West,Furniture,Bookcases,Wooden Bookcase,5,0.1,20250.0,1465.94
ORD-19148,2023-10-24,Corporate,East,Technology,Accessories,Laptop Bag,1,0.1,1620.0,449.46
ORD-19149,2024-12-09,Consumer,South,Office Supplies,Storage,Storage Box,3,0,2700,780.99
ORD-19150,2023-06-28,Home Office,South,Technology,Accessories,Laptop Bag,4,0,7200,2217.7
ORD-19151,2024-07-12,Consumer,East,Technology,Phones,Smartphone X,4,0,72000,9871.78
ORD-19152,2023-04-15,Consumer,West,Furniture,Tables,Standing Desk,2,0.05,22800.0,846.64
ORD-19153,2023-02-13,Corporate,South,Furniture,Bookcases,Wooden Bookcase,4,0,18000,3269.32
ORD-19154,2024-09-11,Corporate,West,Office Supplies,Storage,Storage Box,3,0.05,2565.0,612.07
ORD-19155,2024-12-07,Consumer,East,Technology,Phones,Smartphone X,5,0.05,85500.0,7729.02
ORD-19156,2023-10-09,Home Office,East,Technology,Accessories,Laptop Bag,3,0.1,4860.0,1164.38
ORD-19157,2023-10-29,Home Office,East,Technology,Phones,Smartphone X,1,0.05,17100.0,2299.79
ORD-19158,2024-02-11,Corporate,South,Office Supplies,Paper,A4 Paper Pack,4,0.05,1330.0,428.44
ORD-19159,2024-06-24,Consumer,South,Furniture,Tables,Standing Desk,5,0.05,57000.0,5203.95
ORD-19160,2023-01-31,Consumer,South,Office Supplies,Paper,A4 Paper Pack,1,0.1,315.0,93.13
ORD-19161,2023-10-10,Home Office,West,Technology,Phones,Smartphone X,2,0.1,32400.0,3694.78
ORD-19162,2024-12-21,Corporate,South,Furniture,Bookcases,Wooden Bookcase,4,0.2,14400.0,770.48
ORD-19163,2024-10-03,Home Office,North,Furniture,Chairs,Ergo Office Chair,4,0.1,23400.0,2245.84
ORD-19164,2024-05-11,Corporate,East,Office Supplies,Binders,Heavy Binder Set,1,0.05,570.0,123.02
ORD-19165,2024-01-30,Corporate,North,Office Supplies,Storage,Storage Box,1,0.05,855.0,173.39
ORD-19166,2024-05-23,Corporate,West,Technology,Phones,Smartphone X,3,0.05,51300.0,4977.52
ORD-19167,2023-08-27,Consumer,West,Office Supplies,Paper,A4 Paper Pack,2,0.2,560.0,123.67
ORD-19168,2023-05-27,Consumer,South,Office Supplies,Storage,Storage Box,1,0,900,254.98
ORD-19169,2024-10-14,Consumer,North,Furniture,Chairs,Ergo Office Chair,1,0,6500,1413.4
ORD-19170,2023-02-12,Home Office,South,Office Supplies,Binders,Heavy Binder Set,5,0.2,2400.0,474.59
ORD-19171,2024-10-27,Home Office,South,Furniture,Tables,Standing Desk,5,0.05,57000.0,4276.43
ORD-19172,2023-12-31,Corporate,West,Technology,Phones,Smartphone X,1,0,18000,2133.72
ORD-19173,2024-09-08,Corporate,East,Technology,Accessories,Laptop Bag,2,0.2,2880.0,574.69
ORD-19174,2024-03-14,Home Office,South,Technology,Accessories,Wireless Earbuds,2,0.1,4500.0,946.74
ORD-19175,2024-03-30,Consumer,East,Technology,Phones,Smartphone X,1,0,18000,2101.15
ORD-19176,2023-08-30,Home Office,East,Office Supplies,Binders,Heavy Binder Set,3,0.2,1440.0,173.61
ORD-19177,2023-02-07,Consumer,South,Office Supplies,Binders,Heavy Binder Set,3,0.1,1620.0,374.35
ORD-19178,2024-03-19,Corporate,West,Office Supplies,Storage,Storage Box,2,0,1800,503.72
ORD-19179,2024-07-06,Corporate,South,Technology,Accessories,Laptop Bag,2,0.1,3240.0,930.57
ORD-19180,2023-03-07,Home Office,South,Office Supplies,Storage,Storage Box,1,0.2,720.0,65.91
ORD-19181,2024-11-21,Home Office,West,Office Supplies,Storage,Storage Box,2,0,1800,510.17
ORD-19182,2024-07-05,Consumer,East,Furniture,Chairs,Ergo Office Chair,4,0,26000,4262.29
ORD-19183,2023-12-31,Corporate,West,Office Supplies,Paper,A4 Paper Pack,1,0.1,315.0,86.02
ORD-19184,2023-03-07,Home Office,North,Furniture,Bookcases,Wooden Bookcase,5,0,22500,3384.22
ORD-19185,2023-01-09,Consumer,South,Technology,Accessories,Laptop Bag,5,0,9000,2996.25
ORD-19186,2023-05-04,Home Office,East,Furniture,Chairs,Ergo Office Chair,1,0.2,5200.0,362.1
ORD-19187,2024-06-10,Consumer,North,Office Supplies,Storage,Storage Box,5,0,4500,1176.93
ORD-19188,2023-02-18,Home Office,North,Technology,Phones,Smartphone X,5,0.1,81000.0,8381.37
ORD-19189,2024-11-06,Consumer,West,Office Supplies,Binders,Heavy Binder Set,2,0,1200,302.2
ORD-19190,2023-08-14,Consumer,East,Office Supplies,Binders,Heavy Binder Set,5,0,3000,912.22
ORD-19191,2023-07-20,Corporate,East,Technology,Phones,Smartphone X,5,0.1,81000.0,4558.36
ORD-19192,2023-04-24,Home Office,East,Furniture,Chairs,Ergo Office Chair,4,0,26000,3928.42
ORD-19193,2023-03-11,Corporate,West,Office Supplies,Binders,Heavy Binder Set,5,0,3000,851.74
ORD-19194,2023-02-02,Home Office,South,Furniture,Chairs,Ergo Office Chair,5,0,32500,5867.92
ORD-19195,2023-03-03,Consumer,North,Technology,Accessories,Laptop Bag,1,0,1800,567.24
ORD-19196,2023-01-08,Home Office,South,Furniture,Chairs,Ergo Office Chair,5,0.05,30875.0,5296.34
ORD-19197,2024-11-13,Home Office,South,Furniture,Chairs,Ergo Office Chair,3,0,19500,2773.91
ORD-19198,2024-12-20,Home Office,West,Furniture,Tables,Standing Desk,2,0,24000,1528.45
ORD-19199,2023-06-02,Home Office,East,Technology,Phones,Smartphone X,4,0,72000,9641.07
ORD-19200,2023-07-31,Corporate,West,Technology,Accessories,Wireless Earbuds,5,0.05,11875.0,3484.86
ORD-19201,2024-09-08,Corporate,West,Office Supplies,Storage,Storage Box,5,0.05,4275.0,799.39
ORD-19202,2024-04-11,Consumer,North,Office Supplies,Binders,Heavy Binder Set,2,0.1,1080.0,277.09
ORD-19203,2023-08-15,Home Office,North,Technology,Accessories,Laptop Bag,4,0,7200,2472.82
ORD-19204,2023-02-13,Consumer,South,Technology,Accessories,Wireless Earbuds,3,0,7500,1978.18
ORD-19205,2023-09-16,Corporate,North,Technology,Accessories,Laptop Bag,2,0,3600,1021.63
ORD-19206,2023-03-29,Corporate,North,Office Supplies,Paper,A4 Paper Pack,5,0,1750,660.8
ORD-19207,2023-08-29,Consumer,East,Technology,Machines,Laser Printer,5,0.1,40500.0,894.71
ORD-19208,2024-03-23,Home Office,North,Office Supplies,Paper,A4 Paper Pack,1,0,350,116.18
ORD-19209,2023-10-07,Home Office,East,Technology,Phones,Smartphone X,5,0,90000,13631.14
ORD-19210,2024-04-29,Corporate,South,Technology,Accessories,Wireless Earbuds,4,0.2,8000.0,1706.56
ORD-19211,2024-08-19,Home Office,West,Furniture,Tables,Standing Desk,4,0,48000,6104.44
ORD-19212,2024-02-14,Consumer,South,Office Supplies,Binders,Heavy Binder Set,3,0,1800,487.66
ORD-19213,2024-10-06,Consumer,South,Office Supplies,Storage,Storage Box,3,0,2700,591.98
ORD-19214,2023-08-30,Consumer,South,Technology,Phones,Smartphone X,2,0.2,28800.0,1549.14
ORD-19215,2023-12-19,Consumer,East,Office Supplies,Binders,Heavy Binder Set,1,0,600,150.81
ORD-19216,2024-02-02,Corporate,East,Furniture,Chairs,Ergo Office Chair,3,0,19500,3411.16
ORD-19217,2024-05-07,Home Office,South,Furniture,Bookcases,Wooden Bookcase,4,0,18000,3267.19
ORD-19218,2023-05-06,Consumer,East,Office Supplies,Paper,A4 Paper Pack,1,0,350,111.18
ORD-19219,2023-06-18,Consumer,South,Furniture,Tables,Standing Desk,2,0.2,19200.0,-684.42
ORD-19220,2024-09-13,Home Office,West,Furniture,Bookcases,Wooden Bookcase,3,0.05,12825.0,1774.14
ORD-19221,2024-04-05,Consumer,South,Furniture,Chairs,Ergo Office Chair,2,0,13000,1878.71
ORD-19222,2024-10-25,Home Office,North,Technology,Phones,Smartphone X,3,0.1,48600.0,4966.67
ORD-19223,2023-09-28,Corporate,South,Office Supplies,Storage,Storage Box,3,0,2700,641.13
ORD-19224,2024-03-18,Home Office,East,Furniture,Bookcases,Wooden Bookcase,5,0.2,18000.0,-131.9
ORD-19225,2024-03-25,Consumer,South,Technology,Accessories,Laptop Bag,3,0,5400,1703.47
ORD-19226,2023-06-10,Corporate,East,Technology,Machines,Laser Printer,5,0,45000,6109.86
ORD-19227,2023-09-10,Consumer,South,Office Supplies,Storage,Storage Box,3,0.2,2160.0,204.65
ORD-19228,2023-01-08,Home Office,East,Office Supplies,Storage,Storage Box,1,0,900,202.68
ORD-19229,2024-07-11,Consumer,South,Technology,Accessories,Laptop Bag,2,0.05,3420.0,1017.53
ORD-19230,2024-09-26,Consumer,East,Furniture,Tables,Standing Desk,4,0,48000,3171.9
ORD-19231,2024-10-10,Home Office,South,Technology,Accessories,Laptop Bag,1,0,1800,566.61
ORD-19232,2023-02-03,Home Office,South,Furniture,Tables,Standing Desk,1,0.2,9600.0,-227.77
ORD-19233,2023-07-26,Home Office,West,Technology,Phones,Smartphone X,4,0.05,68400.0,9101.11
ORD-19234,2024-04-09,Home Office,South,Technology,Accessories,Wireless Earbuds,1,0.1,2250.0,580.53
ORD-19235,2024-07-26,Home Office,West,Office Supplies,Binders,Heavy Binder Set,2,0,1200,367.91
ORD-19236,2023-06-02,Consumer,West,Technology,Accessories,Wireless Earbuds,3,0,7500,2082.93
ORD-19237,2024-09-30,Corporate,South,Furniture,Bookcases,Wooden Bookcase,2,0,9000,1345.91
ORD-19238,2024-08-26,Home Office,South,Office Supplies,Storage,Storage Box,4,0,3600,985.2
ORD-19239,2023-07-11,Home Office,South,Technology,Phones,Smartphone X,1,0,18000,1994.0
ORD-19240,2023-12-28,Corporate,North,Furniture,Bookcases,Wooden Bookcase,5,0,22500,3434.48
ORD-19241,2024-04-14,Home Office,East,Technology,Machines,Laser Printer,2,0.1,16200.0,936.94
ORD-19242,2023-01-10,Home Office,West,Office Supplies,Storage,Storage Box,5,0.05,4275.0,896.72
ORD-19243,2024-12-20,Corporate,North,Office Supplies,Storage,Storage Box,3,0,2700,764.7
ORD-19244,2024-04-06,Consumer,East,Technology,Phones,Smartphone X,2,0.05,34200.0,3244.33
ORD-19245,2024-03-05,Home Office,South,Office Supplies,Storage,Storage Box,5,0,4500,971.15
ORD-19246,2024-11-21,Home Office,South,Furniture,Tables,Standing Desk,3,0.05,34200.0,2307.41
ORD-19247,2023-12-22,Home Office,South,Technology,Accessories,Laptop Bag,4,0.1,6480.0,1833.4
ORD-19248,2024-03-29,Consumer,East,Technology,Machines,Laser Printer,1,0,9000,985.46
ORD-19249,2024-06-30,Home Office,South,Office Supplies,Binders,Heavy Binder Set,1,0,600,183.02
ORD-19250,2024-06-27,Home Office,East,Furniture,Chairs,Ergo Office Chair,1,0,6500,1023.94
ORD-19251,2024-02-12,Consumer,West,Furniture,Bookcases,Wooden Bookcase,5,0.1,20250.0,2499.32
ORD-19252,2024-01-13,Corporate,South,Furniture,Tables,Standing Desk,3,0,36000,2848.45
ORD-19253,2023-03-25,Consumer,North,Furniture,Tables,Standing Desk,1,0,12000,1304.96
ORD-19254,2023-02-08,Consumer,North,Technology,Accessories,Wireless Earbuds,1,0,2500,771.44
ORD-19255,2024-04-17,Home Office,West,Technology,Phones,Smartphone X,4,0,72000,9352.55
ORD-19256,2024-01-29,Consumer,East,Office Supplies,Paper,A4 Paper Pack,2,0,700,264.71
ORD-19257,2024-01-05,Corporate,East,Furniture,Tables,Standing Desk,2,0,24000,2080.48
ORD-19258,2024-11-15,Home Office,South,Office Supplies,Binders,Heavy Binder Set,3,0,1800,435.03
ORD-19259,2024-10-22,Home Office,North,Office Supplies,Storage,Storage Box,2,0.1,1620.0,325.32
ORD-19260,2024-11-10,Home Office,East,Technology,Accessories,Wireless Earbuds,2,0.05,4750.0,1340.62
ORD-19261,2024-05-18,Consumer,West,Office Supplies,Storage,Storage Box,1,0.05,855.0,169.34
ORD-19262,2023-04-02,Consumer,East,Office Supplies,Paper,A4 Paper Pack,2,0,700,236.22
ORD-19263,2023-11-18,Home Office,West,Office Supplies,Storage,Storage Box,4,0,3600,975.14
ORD-19264,2023-05-14,Consumer,South,Furniture,Chairs,Ergo Office Chair,2,0,13000,2366.28
ORD-19265,2023-12-19,Consumer,West,Furniture,Tables,Standing Desk,5,0,60000,4747.52
ORD-19266,2024-12-09,Corporate,East,Furniture,Tables,Standing Desk,1,0,12000,1084.56
ORD-19267,2024-03-29,Consumer,South,Furniture,Tables,Standing Desk,3,0.1,32400.0,2402.63
ORD-19268,2024-06-15,Home Office,East,Furniture,Chairs,Ergo Office Chair,1,0,6500,1174.02
ORD-19269,2024-04-21,Consumer,East,Office Supplies,Storage,Storage Box,1,0,900,242.73
ORD-19270,2023-06-27,Consumer,West,Office Supplies,Storage,Storage Box,5,0.2,3600.0,374.64
ORD-19271,2024-04-12,Corporate,East,Furniture,Tables,Standing Desk,5,0,60000,6414.2
ORD-19272,2023-12-30,Consumer,South,Technology,Accessories,Wireless Earbuds,5,0.2,10000.0,2021.63
ORD-19273,2024-09-03,Consumer,East,Technology,Machines,Laser Printer,3,0,27000,3037.91
ORD-19274,2024-12-11,Corporate,South,Technology,Accessories,Wireless Earbuds,2,0,5000,1440.44
ORD-19275,2024-08-11,Corporate,East,Furniture,Chairs,Ergo Office Chair,4,0,26000,3991.05
ORD-19276,2023-09-18,Consumer,East,Office Supplies,Paper,A4 Paper Pack,2,0,700,252.3
ORD-19277,2023-03-28,Home Office,North,Furniture,Bookcases,Wooden Bookcase,4,0.05,17100.0,2276.56
ORD-19278,2024-07-05,Home Office,South,Furniture,Tables,Standing Desk,5,0,60000,4291.31
ORD-19279,2024-03-30,Home Office,East,Office Supplies,Paper,A4 Paper Pack,4,0,1400,449.3
ORD-19280,2024-06-01,Consumer,West,Furniture,Tables,Standing Desk,1,0.1,10800.0,0.09
ORD-19281,2023-07-28,Home Office,South,Office Supplies,Binders,Heavy Binder Set,3,0,1800,491.25
ORD-19282,2024-12-29,Consumer,West,Technology,Phones,Smartphone X,4,0.05,68400.0,9552.35
ORD-19283,2024-09-06,Consumer,East,Furniture,Chairs,Ergo Office Chair,4,0,26000,5401.44
ORD-19284,2024-07-11,Corporate,West,Furniture,Chairs,Ergo Office Chair,4,0,26000,4015.99
ORD-19285,2023-07-03,Home Office,East,Office Supplies,Binders,Heavy Binder Set,1,0.2,480.0,90.78
ORD-19286,2024-01-24,Home Office,West,Technology,Phones,Smartphone X,3,0,54000,8732.8
ORD-19287,2023-06-13,Corporate,East,Furniture,Chairs,Ergo Office Chair,1,0,6500,1002.1
ORD-19288,2024-11-23,Corporate,South,Office Supplies,Binders,Heavy Binder Set,3,0.05,1710.0,395.24
ORD-19289,2023-10-22,Consumer,West,Office Supplies,Binders,Heavy Binder Set,2,0,1200,378.78
ORD-19290,2023-01-13,Home Office,West,Furniture,Chairs,Ergo Office Chair,3,0,19500,2990.5
ORD-19291,2024-08-17,Home Office,South,Technology,Phones,Smartphone X,5,0,90000,14506.02
ORD-19292,2023-07-20,Home Office,South,Technology,Accessories,Laptop Bag,4,0,7200,2289.86
ORD-19293,2023-10-01,Consumer,East,Technology,Accessories,Laptop Bag,3,0.05,5130.0,1349.73
ORD-19294,2023-08-07,Consumer,South,Office Supplies,Paper,A4 Paper Pack,2,0.05,665.0,210.38
ORD-19295,2024-11-14,Consumer,North,Office Supplies,Binders,Heavy Binder Set,1,0,600,154.01
ORD-19296,2023-11-03,Consumer,West,Office Supplies,Binders,Heavy Binder Set,2,0,1200,364.03
ORD-19297,2024-04-22,Consumer,East,Office Supplies,Binders,Heavy Binder Set,3,0.1,1620.0,327.49
ORD-19298,2023-07-19,Corporate,South,Office Supplies,Binders,Heavy Binder Set,2,0,1200,361.73
ORD-19299,2024-10-19,Corporate,North,Office Supplies,Binders,Heavy Binder Set,4,0.1,2160.0,524.4
ORD-19300,2024-05-27,Corporate,South,Technology,Machines,Laser Printer,4,0.05,34200.0,2121.41
ORD-19301,2024-02-27,Corporate,South,Technology,Phones,Smartphone X,4,0,72000,7422.29
ORD-19302,2023-06-06,Corporate,West,Furniture,Chairs,Ergo Office Chair,5,0.1,29250.0,4388.29
ORD-19303,2024-07-10,Consumer,North,Furniture,Bookcases,Wooden Bookcase,4,0,18000,2875.84
ORD-19304,2024-01-04,Consumer,West,Office Supplies,Binders,Heavy Binder Set,5,0,3000,898.03
ORD-19305,2024-04-17,Corporate,North,Technology,Accessories,Laptop Bag,5,0.05,8550.0,2436.95
ORD-19306,2024-11-13,Corporate,West,Furniture,Bookcases,Wooden Bookcase,5,0.05,21375.0,2072.86
ORD-19307,2024-01-19,Home Office,East,Technology,Phones,Smartphone X,1,0.1,16200.0,1029.23
ORD-19308,2023-12-03,Home Office,West,Technology,Accessories,Laptop Bag,2,0.1,3240.0,773.48
ORD-19309,2024-07-26,Home Office,North,Technology,Accessories,Wireless Earbuds,4,0.05,9500.0,2841.94
ORD-19310,2024-02-04,Corporate,South,Technology,Accessories,Laptop Bag,2,0.1,3240.0,814.84
ORD-19311,2024-04-21,Consumer,West,Office Supplies,Paper,A4 Paper Pack,4,0.05,1330.0,460.47
ORD-19312,2023-10-16,Consumer,North,Furniture,Bookcases,Wooden Bookcase,2,0.05,8550.0,847.26
ORD-19313,2024-08-06,Consumer,East,Office Supplies,Binders,Heavy Binder Set,3,0,1800,433.61
ORD-19314,2023-03-27,Home Office,North,Furniture,Chairs,Ergo Office Chair,5,0,32500,6580.15
ORD-19315,2023-03-15,Home Office,South,Office Supplies,Binders,Heavy Binder Set,3,0,1800,546.31
ORD-19316,2023-01-04,Corporate,West,Office Supplies,Binders,Heavy Binder Set,5,0,3000,956.47
ORD-19317,2023-04-03,Consumer,West,Office Supplies,Storage,Storage Box,2,0,1800,437.65
ORD-19318,2023-11-12,Consumer,North,Technology,Phones,Smartphone X,2,0.1,32400.0,2956.94
ORD-19319,2023-04-19,Corporate,North,Technology,Machines,Laser Printer,3,0,27000,3976.46
ORD-19320,2024-12-13,Corporate,West,Office Supplies,Paper,A4 Paper Pack,3,0,1050,365.23
ORD-19321,2023-10-24,Consumer,East,Technology,Machines,Laser Printer,4,0,36000,5683.72
ORD-19322,2024-10-30,Home Office,South,Office Supplies,Storage,Storage Box,5,0,4500,1015.97
ORD-19323,2023-05-29,Home Office,North,Office Supplies,Storage,Storage Box,3,0,2700,701.49
ORD-19324,2023-05-21,Corporate,East,Office Supplies,Paper,A4 Paper Pack,5,0,1750,606.23
ORD-19325,2023-11-27,Corporate,East,Furniture,Tables,Standing Desk,2,0.05,22800.0,1066.47
ORD-19326,2024-11-28,Corporate,East,Office Supplies,Binders,Heavy Binder Set,1,0.2,480.0,88.8
ORD-19327,2023-12-11,Corporate,East,Technology,Phones,Smartphone X,5,0,90000,12120.05
ORD-19328,2024-08-18,Corporate,West,Technology,Accessories,Laptop Bag,4,0.05,6840.0,2102.26
ORD-19329,2023-03-25,Home Office,North,Technology,Accessories,Laptop Bag,1,0.2,1440.0,279.87
ORD-19330,2023-12-25,Corporate,West,Technology,Accessories,Wireless Earbuds,1,0,2500,834.93
ORD-19331,2023-12-12,Consumer,North,Office Supplies,Paper,A4 Paper Pack,1,0,350,113.51
ORD-19332,2024-04-21,Consumer,South,Furniture,Chairs,Ergo Office Chair,4,0,26000,5247.78
ORD-19333,2023-04-13,Home Office,East,Furniture,Bookcases,Wooden Bookcase,3,0,13500,1637.29
ORD-19334,2023-03-18,Consumer,North,Furniture,Tables,Standing Desk,3,0.2,28800.0,-105.91
ORD-19335,2023-04-22,Home Office,North,Technology,Phones,Smartphone X,2,0,36000,4342.54
ORD-19336,2024-02-28,Corporate,East,Technology,Accessories,Wireless Earbuds,1,0,2500,763.84
ORD-19337,2023-07-16,Corporate,West,Technology,Machines,Laser Printer,3,0.2,21600.0,-322.88
ORD-19338,2023-08-29,Home Office,East,Technology,Accessories,Laptop Bag,5,0,9000,2823.71
ORD-19339,2023-01-20,Home Office,West,Technology,Accessories,Laptop Bag,2,0.05,3420.0,895.36
ORD-19340,2023-10-06,Home Office,South,Office Supplies,Binders,Heavy Binder Set,2,0,1200,380.97
ORD-19341,2024-06-08,Consumer,West,Technology,Accessories,Wireless Earbuds,3,0.2,6000.0,934.31
ORD-19342,2023-03-18,Corporate,East,Furniture,Chairs,Ergo Office Chair,2,0.1,11700.0,1404.38
ORD-19343,2023-11-30,Home Office,North,Technology,Accessories,Laptop Bag,5,0,9000,2818.47
ORD-19344,2024-02-09,Corporate,East,Technology,Machines,Laser Printer,2,0.05,17100.0,952.76
ORD-19345,2024-02-29,Home Office,West,Office Supplies,Binders,Heavy Binder Set,1,0.2,480.0,61.61
ORD-19346,2023-07-10,Corporate,West,Office Supplies,Storage,Storage Box,5,0,4500,1260.57
ORD-19347,2024-01-12,Consumer,West,Office Supplies,Storage,Storage Box,1,0,900,232.11
ORD-19348,2024-08-10,Home Office,West,Office Supplies,Binders,Heavy Binder Set,5,0,3000,800.72
ORD-19349,2023-09-08,Corporate,South,Office Supplies,Storage,Storage Box,5,0,4500,1021.42
ORD-19350,2024-12-25,Consumer,West,Technology,Accessories,Laptop Bag,4,0.2,5760.0,1360.27
ORD-19351,2024-06-23,Consumer,North,Office Supplies,Binders,Heavy Binder Set,2,0,1200,378.53
ORD-19352,2023-07-09,Consumer,South,Technology,Accessories,Wireless Earbuds,3,0.2,6000.0,1297.93
ORD-19353,2024-04-25,Consumer,North,Office Supplies,Paper,A4 Paper Pack,5,0,1750,631.49
ORD-19354,2024-08-30,Consumer,West,Technology,Machines,Laser Printer,2,0,18000,2781.75
ORD-19355,2023-10-01,Consumer,South,Office Supplies,Paper,A4 Paper Pack,2,0.2,560.0,147.08
ORD-19356,2023-07-15,Corporate,South,Office Supplies,Binders,Heavy Binder Set,5,0,3000,867.72
ORD-19357,2024-10-23,Corporate,West,Technology,Accessories,Wireless Earbuds,3,0.05,7125.0,2006.26
ORD-19358,2023-08-25,Consumer,East,Office Supplies,Binders,Heavy Binder Set,2,0,1200,355.37
ORD-19359,2023-03-23,Consumer,South,Office Supplies,Paper,A4 Paper Pack,1,0.05,332.5,117.82
ORD-19360,2023-07-30,Home Office,South,Technology,Machines,Laser Printer,1,0.2,7200.0,46.77
ORD-19361,2023-07-09,Consumer,South,Office Supplies,Binders,Heavy Binder Set,4,0,2400,664.79
ORD-19362,2023-09-04,Corporate,East,Furniture,Chairs,Ergo Office Chair,1,0,6500,1309.86
ORD-19363,2023-04-04,Consumer,West,Office Supplies,Binders,Heavy Binder Set,2,0.05,1140.0,258.58
ORD-19364,2024-02-19,Consumer,West,Office Supplies,Binders,Heavy Binder Set,3,0,1800,448.84
ORD-19365,2023-05-26,Home Office,South,Technology,Phones,Smartphone X,1,0,18000,3136.76
ORD-19366,2023-04-09,Consumer,North,Office Supplies,Storage,Storage Box,2,0,1800,463.03
ORD-19367,2024-07-18,Corporate,North,Furniture,Chairs,Ergo Office Chair,4,0,26000,4166.32
ORD-19368,2023-06-12,Home Office,East,Office Supplies,Storage,Storage Box,4,0,3600,898.92
ORD-19369,2023-05-26,Corporate,East,Office Supplies,Paper,A4 Paper Pack,2,0.1,630.0,180.56
ORD-19370,2023-04-03,Home Office,South,Technology,Accessories,Laptop Bag,3,0,5400,1777.59
ORD-19371,2024-01-29,Home Office,South,Furniture,Bookcases,Wooden Bookcase,3,0.1,12150.0,980.4
ORD-19372,2023-03-31,Consumer,East,Technology,Phones,Smartphone X,2,0.05,34200.0,3797.86
ORD-19373,2024-01-27,Home Office,North,Office Supplies,Binders,Heavy Binder Set,4,0,2400,714.02
ORD-19374,2023-04-11,Corporate,East,Technology,Phones,Smartphone X,4,0.1,64800.0,6943.99
ORD-19375,2024-08-02,Home Office,East,Technology,Machines,Laser Printer,1,0,9000,745.64
ORD-19376,2023-06-09,Corporate,West,Office Supplies,Paper,A4 Paper Pack,1,0,350,119.21
ORD-19377,2024-06-12,Consumer,East,Furniture,Bookcases,Wooden Bookcase,5,0.05,21375.0,3000.02
ORD-19378,2023-02-24,Home Office,North,Technology,Machines,Laser Printer,5,0,45000,5874.8
ORD-19379,2023-01-07,Corporate,South,Technology,Machines,Laser Printer,2,0.1,16200.0,1140.26
ORD-19380,2023-07-10,Corporate,East,Technology,Accessories,Laptop Bag,4,0,7200,2412.81
ORD-19381,2024-12-08,Home Office,East,Technology,Phones,Smartphone X,5,0,90000,11326.31
ORD-19382,2024-03-17,Consumer,West,Technology,Phones,Smartphone X,4,0.1,64800.0,2852.76
ORD-19383,2024-01-12,Home Office,East,Office Supplies,Storage,Storage Box,5,0.1,4050.0,794.77
ORD-19384,2024-07-20,Corporate,North,Technology,Phones,Smartphone X,4,0,72000,8041.32
ORD-19385,2024-02-23,Home Office,South,Furniture,Bookcases,Wooden Bookcase,5,0,22500,2562.25
ORD-19386,2023-03-21,Consumer,North,Technology,Accessories,Laptop Bag,5,0.1,8100.0,2182.14
ORD-19387,2024-08-10,Home Office,North,Office Supplies,Binders,Heavy Binder Set,4,0.05,2280.0,514.18
ORD-19388,2023-09-05,Consumer,West,Technology,Phones,Smartphone X,2,0.1,32400.0,1867.3
ORD-19389,2024-08-12,Home Office,West,Office Supplies,Binders,Heavy Binder Set,4,0,2400,642.37
ORD-19390,2024-02-29,Home Office,South,Furniture,Bookcases,Wooden Bookcase,2,0.1,8100.0,604.31
ORD-19391,2024-11-19,Consumer,South,Office Supplies,Binders,Heavy Binder Set,5,0.2,2400.0,307.96
ORD-19392,2023-10-08,Home Office,East,Furniture,Chairs,Ergo Office Chair,2,0.2,10400.0,505.43
ORD-19393,2024-07-22,Corporate,East,Technology,Phones,Smartphone X,3,0,54000,7224.93
ORD-19394,2023-05-14,Consumer,East,Technology,Accessories,Wireless Earbuds,2,0.2,4000.0,824.58
ORD-19395,2023-08-15,Corporate,North,Furniture,Tables,Standing Desk,3,0.2,28800.0,392.89
ORD-19396,2023-04-20,Home Office,North,Furniture,Tables,Standing Desk,4,0.2,38400.0,-2079.18
ORD-19397,2023-10-18,Consumer,West,Office Supplies,Storage,Storage Box,1,0,900,224.62
ORD-19398,2023-12-22,Home Office,East,Technology,Accessories,Laptop Bag,4,0,7200,2024.52
ORD-19399,2024-11-21,Corporate,South,Furniture,Tables,Standing Desk,4,0,48000,4595.93
ORD-19400,2023-02-12,Home Office,East,Technology,Phones,Smartphone X,2,0.2,28800.0,-165.84
ORD-19401,2023-01-07,Corporate,East,Furniture,Tables,Standing Desk,1,0,12000,871.88
ORD-19402,2024-12-01,Corporate,East,Furniture,Chairs,Ergo Office Chair,3,0,19500,3353.9
ORD-19403,2023-10-01,Corporate,South,Technology,Phones,Smartphone X,1,0,18000,2664.13
ORD-19404,2023-03-04,Corporate,West,Technology,Machines,Laser Printer,5,0.05,42750.0,3971.11
ORD-19405,2023-12-03,Home Office,South,Furniture,Bookcases,Wooden Bookcase,4,0,18000,2555.11
ORD-19406,2023-10-14,Home Office,North,Furniture,Chairs,Ergo Office Chair,2,0,13000,2411.35
ORD-19407,2023-10-30,Home Office,North,Furniture,Bookcases,Wooden Bookcase,2,0,9000,1626.44
ORD-19408,2024-05-21,Corporate,North,Office Supplies,Binders,Heavy Binder Set,1,0,600,180.3
ORD-19409,2024-11-13,Corporate,South,Office Supplies,Binders,Heavy Binder Set,1,0.2,480.0,84.69
ORD-19410,2024-10-18,Consumer,North,Technology,Machines,Laser Printer,3,0.05,25650.0,2229.62
ORD-19411,2023-08-18,Consumer,South,Office Supplies,Paper,A4 Paper Pack,3,0,1050,353.54
ORD-19412,2023-06-28,Home Office,West,Furniture,Tables,Standing Desk,2,0.1,21600.0,710.05
ORD-19413,2024-09-21,Consumer,South,Furniture,Tables,Standing Desk,4,0.2,38400.0,219.42
ORD-19414,2023-07-07,Consumer,South,Technology,Machines,Laser Printer,3,0.1,24300.0,1872.79
ORD-19415,2024-04-22,Consumer,West,Furniture,Chairs,Ergo Office Chair,2,0,13000,2138.01
ORD-19416,2023-02-24,Consumer,East,Office Supplies,Paper,A4 Paper Pack,5,0.2,1400.0,298.32
ORD-19417,2023-10-23,Consumer,East,Technology,Machines,Laser Printer,4,0,36000,5537.82
ORD-19418,2024-06-15,Consumer,West,Office Supplies,Paper,A4 Paper Pack,5,0,1750,635.78
ORD-19419,2023-03-04,Consumer,North,Office Supplies,Paper,A4 Paper Pack,5,0,1750,570.46
ORD-19420,2023-04-28,Corporate,South,Furniture,Bookcases,Wooden Bookcase,5,0,22500,2808.73
ORD-19421,2023-03-04,Corporate,East,Office Supplies,Binders,Heavy Binder Set,3,0.05,1710.0,418.72
ORD-19422,2023-02-13,Home Office,West,Technology,Machines,Laser Printer,3,0,27000,2783.42
ORD-19423,2023-08-25,Consumer,East,Technology,Machines,Laser Printer,4,0,36000,5388.08
ORD-19424,2023-10-28,Consumer,East,Furniture,Chairs,Ergo Office Chair,1,0.2,5200.0,115.26
ORD-19425,2023-12-07,Corporate,South,Office Supplies,Paper,A4 Paper Pack,4,0.2,1120.0,213.72
ORD-19426,2023-02-23,Home Office,South,Furniture,Chairs,Ergo Office Chair,5,0.2,26000.0,1519.78
ORD-19427,2023-12-06,Home Office,South,Office Supplies,Binders,Heavy Binder Set,4,0.05,2280.0,623.49
ORD-19428,2023-12-27,Consumer,East,Office Supplies,Binders,Heavy Binder Set,2,0,1200,362.1
ORD-19429,2023-05-07,Home Office,West,Office Supplies,Storage,Storage Box,3,0.2,2160.0,206.86
ORD-19430,2024-04-16,Corporate,North,Technology,Accessories,Wireless Earbuds,2,0.2,4000.0,721.49
ORD-19431,2023-04-30,Home Office,East,Technology,Accessories,Laptop Bag,5,0.1,8100.0,2081.1
ORD-19432,2024-04-29,Consumer,West,Office Supplies,Storage,Storage Box,1,0.1,810.0,141.69
ORD-19433,2024-06-04,Consumer,North,Technology,Accessories,Wireless Earbuds,2,0.05,4750.0,1224.35
ORD-19434,2023-08-10,Consumer,South,Technology,Phones,Smartphone X,5,0.05,85500.0,9214.86
ORD-19435,2023-09-01,Home Office,North,Office Supplies,Storage,Storage Box,4,0.1,3240.0,735.19
ORD-19436,2023-01-23,Corporate,East,Technology,Machines,Laser Printer,3,0.05,25650.0,1434.82
ORD-19437,2024-11-05,Home Office,West,Technology,Accessories,Laptop Bag,2,0.2,2880.0,657.88
ORD-19438,2024-10-20,Consumer,East,Technology,Accessories,Wireless Earbuds,2,0,5000,1434.51
ORD-19439,2024-08-07,Corporate,East,Office Supplies,Storage,Storage Box,1,0.2,720.0,92.65
ORD-19440,2023-12-08,Home Office,West,Office Supplies,Binders,Heavy Binder Set,1,0,600,164.18
ORD-19441,2024-12-31,Corporate,South,Technology,Phones,Smartphone X,2,0.2,28800.0,-24.43
ORD-19442,2023-12-26,Home Office,North,Technology,Phones,Smartphone X,4,0,72000,11625.29
ORD-19443,2023-06-06,Corporate,South,Office Supplies,Binders,Heavy Binder Set,5,0.1,2700.0,557.51
ORD-19444,2024-11-19,Consumer,South,Furniture,Bookcases,Wooden Bookcase,3,0,13500,1879.66
ORD-19445,2024-03-07,Home Office,West,Technology,Phones,Smartphone X,3,0,54000,7754.18
ORD-19446,2023-06-14,Consumer,East,Office Supplies,Storage,Storage Box,3,0.1,2430.0,544.95
ORD-19447,2024-08-26,Corporate,North,Technology,Phones,Smartphone X,3,0,54000,5646.98
ORD-19448,2024-07-04,Corporate,North,Technology,Phones,Smartphone X,4,0.2,57600.0,604.77
ORD-19449,2023-10-07,Consumer,East,Office Supplies,Storage,Storage Box,1,0.1,810.0,141.96
ORD-19450,2023-06-08,Home Office,South,Office Supplies,Storage,Storage Box,1,0,900,260.6
ORD-19451,2023-05-03,Consumer,West,Furniture,Bookcases,Wooden Bookcase,4,0,18000,2222.73
ORD-19452,2024-02-02,Consumer,South,Office Supplies,Paper,A4 Paper Pack,4,0.2,1120.0,286.11
ORD-19453,2024-01-20,Corporate,East,Technology,Accessories,Wireless Earbuds,3,0.1,6750.0,1623.18
ORD-19454,2024-10-17,Consumer,East,Technology,Accessories,Laptop Bag,1,0.2,1440.0,285.95
ORD-19455,2024-12-26,Home Office,North,Office Supplies,Storage,Storage Box,2,0.05,1710.0,417.67
ORD-19456,2023-08-26,Corporate,East,Office Supplies,Storage,Storage Box,2,0,1800,514.59
ORD-19457,2023-08-03,Consumer,North,Furniture,Chairs,Ergo Office Chair,3,0.05,18525.0,3076.52
ORD-19458,2023-06-24,Corporate,East,Technology,Machines,Laser Printer,4,0.05,34200.0,3207.28
ORD-19459,2024-08-14,Corporate,West,Office Supplies,Paper,A4 Paper Pack,1,0,350,129.99
ORD-19460,2024-02-17,Corporate,East,Technology,Accessories,Wireless Earbuds,4,0,10000,3077.0
ORD-19461,2024-05-09,Corporate,West,Furniture,Bookcases,Wooden Bookcase,4,0.1,16200.0,1449.43
ORD-19462,2023-01-21,Home Office,West,Technology,Accessories,Wireless Earbuds,4,0.1,9000.0,1913.46
ORD-19463,2024-09-22,Corporate,North,Furniture,Tables,Standing Desk,4,0,48000,2945.47
ORD-19464,2023-04-23,Consumer,West,Technology,Accessories,Laptop Bag,4,0.2,5760.0,1249.98
ORD-19465,2023-06-02,Home Office,East,Technology,Accessories,Wireless Earbuds,5,0.1,11250.0,2634.61
ORD-19466,2023-10-22,Corporate,West,Furniture,Bookcases,Wooden Bookcase,2,0,9000,1332.16
ORD-19467,2023-08-25,Home Office,West,Technology,Accessories,Laptop Bag,5,0.1,8100.0,1954.63
ORD-19468,2024-02-17,Home Office,West,Furniture,Tables,Standing Desk,2,0.2,19200.0,-295.76
ORD-19469,2024-10-13,Home Office,East,Furniture,Tables,Standing Desk,1,0,12000,1078.91
ORD-19470,2024-12-31,Corporate,West,Office Supplies,Binders,Heavy Binder Set,2,0.1,1080.0,269.11
ORD-19471,2024-06-12,Home Office,North,Technology,Accessories,Laptop Bag,5,0.05,8550.0,2577.44
ORD-19472,2023-09-16,Consumer,South,Office Supplies,Paper,A4 Paper Pack,1,0,350,126.67
ORD-19473,2024-09-25,Consumer,West,Office Supplies,Binders,Heavy Binder Set,4,0,2400,690.21
ORD-19474,2024-06-08,Home Office,West,Technology,Accessories,Laptop Bag,3,0.1,4860.0,1263.35
ORD-19475,2023-10-21,Corporate,East,Office Supplies,Binders,Heavy Binder Set,4,0,2400,688.0
ORD-19476,2024-12-21,Consumer,West,Office Supplies,Binders,Heavy Binder Set,1,0.1,540.0,131.34
ORD-19477,2023-09-25,Consumer,West,Furniture,Chairs,Ergo Office Chair,3,0,19500,3636.28
ORD-19478,2024-07-24,Corporate,West,Furniture,Bookcases,Wooden Bookcase,1,0,4500,784.22
ORD-19479,2024-11-28,Consumer,North,Furniture,Tables,Standing Desk,3,0,36000,3347.86
ORD-19480,2023-01-27,Corporate,West,Technology,Accessories,Wireless Earbuds,4,0,10000,2946.64
ORD-19481,2024-11-10,Consumer,South,Technology,Machines,Laser Printer,4,0.1,32400.0,2453.89
ORD-19482,2023-05-12,Consumer,North,Technology,Machines,Laser Printer,4,0,36000,5688.35
ORD-19483,2024-02-18,Home Office,North,Office Supplies,Storage,Storage Box,2,0,1800,405.86
ORD-19484,2024-07-10,Home Office,West,Technology,Phones,Smartphone X,1,0.05,17100.0,1843.69
ORD-19485,2023-04-29,Home Office,North,Office Supplies,Binders,Heavy Binder Set,1,0,600,190.32
ORD-19486,2024-04-14,Home Office,South,Office Supplies,Binders,Heavy Binder Set,1,0,600,151.57
ORD-19487,2024-11-29,Consumer,West,Technology,Accessories,Laptop Bag,3,0.2,4320.0,814.5
ORD-19488,2023-07-27,Consumer,North,Technology,Phones,Smartphone X,4,0.2,57600.0,-656.59
ORD-19489,2023-11-16,Consumer,North,Office Supplies,Paper,A4 Paper Pack,3,0,1050,371.59
ORD-19490,2023-01-24,Home Office,West,Furniture,Bookcases,Wooden Bookcase,3,0.05,12825.0,1739.0
ORD-19491,2024-01-27,Consumer,North,Furniture,Bookcases,Wooden Bookcase,5,0,22500,2745.07
ORD-19492,2023-01-14,Corporate,West,Office Supplies,Paper,A4 Paper Pack,3,0.2,840.0,205.22
ORD-19493,2023-08-18,Consumer,North,Technology,Accessories,Wireless Earbuds,3,0,7500,2031.32
ORD-19494,2024-01-07,Consumer,West,Technology,Phones,Smartphone X,2,0,36000,6322.54
ORD-19495,2024-12-31,Corporate,North,Office Supplies,Storage,Storage Box,4,0,3600,775.49
ORD-19496,2023-07-30,Home Office,North,Office Supplies,Paper,A4 Paper Pack,4,0.1,1260.0,415.23
ORD-19497,2024-12-04,Consumer,North,Office Supplies,Storage,Storage Box,1,0.05,855.0,195.66
ORD-19498,2023-03-02,Consumer,East,Office Supplies,Paper,A4 Paper Pack,4,0,1400,450.45
ORD-19499,2023-10-18,Corporate,East,Furniture,Bookcases,Wooden Bookcase,5,0,22500,4238.68
ORD-19500,2024-03-19,Home Office,North,Office Supplies,Storage,Storage Box,1,0.2,720.0,107.6
ORD-19501,2023-10-30,Consumer,South,Office Supplies,Paper,A4 Paper Pack,3,0.1,945.0,297.97
ORD-19502,2023-11-09,Consumer,North,Office Supplies,Paper,A4 Paper Pack,2,0,700,259.64
ORD-19503,2024-02-02,Consumer,East,Technology,Accessories,Wireless Earbuds,1,0,2500,670.09
ORD-19504,2023-01-19,Corporate,West,Technology,Accessories,Laptop Bag,4,0,7200,2362.91
ORD-19505,2024-02-08,Corporate,West,Furniture,Tables,Standing Desk,5,0.1,54000.0,310.27
ORD-19506,2023-01-05,Corporate,North,Office Supplies,Storage,Storage Box,2,0,1800,478.26
ORD-19507,2024-12-25,Consumer,East,Office Supplies,Binders,Heavy Binder Set,5,0.2,2400.0,452.46
ORD-19508,2023-08-23,Corporate,North,Technology,Accessories,Wireless Earbuds,4,0,10000,2901.3
ORD-19509,2024-09-06,Consumer,South,Technology,Accessories,Laptop Bag,4,0,7200,2066.43
ORD-19510,2024-03-04,Home Office,West,Technology,Machines,Laser Printer,5,0,45000,3635.6
ORD-19511,2024-08-21,Consumer,West,Technology,Accessories,Wireless Earbuds,1,0,2500,676.92
ORD-19512,2023-09-13,Corporate,West,Office Supplies,Storage,Storage Box,1,0.1,810.0,151.28
ORD-19513,2024-05-14,Consumer,South,Furniture,Bookcases,Wooden Bookcase,1,0.2,3600.0,-3.03
ORD-19514,2024-11-14,Home Office,North,Technology,Phones,Smartphone X,5,0,90000,10948.23
ORD-19515,2023-10-22,Home Office,South,Office Supplies,Binders,Heavy Binder Set,2,0.1,1080.0,268.69
ORD-19516,2023-01-08,Corporate,North,Technology,Machines,Laser Printer,1,0,9000,1410.36
ORD-19517,2024-07-23,Home Office,West,Technology,Machines,Laser Printer,4,0,36000,3199.84
ORD-19518,2024-10-09,Consumer,East,Furniture,Bookcases,Wooden Bookcase,4,0.05,17100.0,2630.22
ORD-19519,2023-03-22,Home Office,South,Office Supplies,Storage,Storage Box,4,0,3600,965.54
ORD-19520,2024-12-05,Home Office,East,Office Supplies,Storage,Storage Box,3,0,2700,578.8
ORD-19521,2024-08-17,Consumer,South,Technology,Accessories,Laptop Bag,5,0.2,7200.0,1561.78
ORD-19522,2023-07-18,Corporate,North,Technology,Machines,Laser Printer,3,0,27000,3869.76
ORD-19523,2024-06-12,Home Office,South,Office Supplies,Paper,A4 Paper Pack,4,0,1400,529.43
ORD-19524,2024-05-25,Corporate,East,Technology,Machines,Laser Printer,1,0.1,8100.0,479.97
ORD-19525,2024-08-28,Home Office,South,Office Supplies,Paper,A4 Paper Pack,1,0.1,315.0,83.49
ORD-19526,2023-09-19,Consumer,North,Furniture,Bookcases,Wooden Bookcase,5,0,22500,3005.33
ORD-19527,2024-08-10,Home Office,North,Office Supplies,Binders,Heavy Binder Set,2,0,1200,321.6
ORD-19528,2024-07-29,Home Office,North,Technology,Accessories,Wireless Earbuds,5,0,12500,3305.45
ORD-19529,2024-02-09,Corporate,North,Technology,Accessories,Wireless Earbuds,4,0.1,9000.0,1801.51
ORD-19530,2023-05-31,Consumer,South,Furniture,Chairs,Ergo Office Chair,5,0.2,26000.0,1158.4
ORD-19531,2024-12-20,Corporate,North,Technology,Machines,Laser Printer,1,0.2,7200.0,283.52
ORD-19532,2024-07-04,Home Office,South,Office Supplies,Paper,A4 Paper Pack,3,0.1,945.0,294.19
ORD-19533,2023-08-26,Corporate,South,Technology,Phones,Smartphone X,4,0.2,57600.0,-290.95
ORD-19534,2024-03-17,Home Office,North,Furniture,Tables,Standing Desk,4,0.2,38400.0,-534.26
ORD-19535,2024-10-23,Home Office,South,Technology,Accessories,Wireless Earbuds,4,0,10000,3331.34
ORD-19536,2023-12-19,Corporate,North,Technology,Machines,Laser Printer,4,0.2,28800.0,-987.66
ORD-19537,2023-10-16,Consumer,East,Office Supplies,Binders,Heavy Binder Set,2,0.05,1140.0,244.28
ORD-19538,2023-03-01,Home Office,South,Technology,Machines,Laser Printer,4,0,36000,3160.87
ORD-19539,2023-01-10,Home Office,North,Furniture,Chairs,Ergo Office Chair,2,0,13000,2614.8
ORD-19540,2023-08-17,Corporate,North,Furniture,Chairs,Ergo Office Chair,1,0.1,5850.0,579.28
ORD-19541,2024-07-31,Home Office,South,Furniture,Chairs,Ergo Office Chair,1,0.2,5200.0,132.51
ORD-19542,2023-06-22,Corporate,South,Office Supplies,Binders,Heavy Binder Set,2,0,1200,310.11
ORD-19543,2024-02-21,Corporate,North,Office Supplies,Storage,Storage Box,4,0,3600,908.39
ORD-19544,2023-06-08,Home Office,West,Technology,Phones,Smartphone X,3,0,54000,9086.74
ORD-19545,2024-05-08,Consumer,West,Office Supplies,Storage,Storage Box,1,0.2,720.0,98.64
ORD-19546,2024-08-23,Home Office,West,Office Supplies,Binders,Heavy Binder Set,5,0.05,2850.0,662.73
ORD-19547,2024-10-09,Corporate,South,Technology,Phones,Smartphone X,5,0.05,85500.0,9609.33
ORD-19548,2023-10-07,Home Office,East,Technology,Accessories,Laptop Bag,5,0,9000,2655.52
ORD-19549,2024-09-21,Corporate,East,Technology,Accessories,Wireless Earbuds,2,0,5000,1644.65
ORD-19550,2023-07-08,Corporate,South,Furniture,Bookcases,Wooden Bookcase,1,0.1,4050.0,318.7
ORD-19551,2024-05-09,Corporate,East,Furniture,Chairs,Ergo Office Chair,3,0,19500,2794.66
ORD-19552,2024-08-08,Consumer,North,Technology,Accessories,Wireless Earbuds,1,0.1,2250.0,544.5
ORD-19553,2023-11-24,Home Office,East,Technology,Phones,Smartphone X,5,0.2,72000.0,1169.96
ORD-19554,2023-07-02,Home Office,West,Furniture,Bookcases,Wooden Bookcase,5,0.2,18000.0,951.85
ORD-19555,2023-08-04,Home Office,South,Office Supplies,Paper,A4 Paper Pack,1,0.1,315.0,97.54
ORD-19556,2024-09-01,Corporate,East,Furniture,Bookcases,Wooden Bookcase,3,0.05,12825.0,1912.6
ORD-19557,2023-06-27,Corporate,South,Office Supplies,Storage,Storage Box,5,0,4500,1213.08
ORD-19558,2023-10-04,Home Office,North,Technology,Machines,Laser Printer,3,0.05,25650.0,2357.84
ORD-19559,2023-01-09,Home Office,West,Technology,Accessories,Wireless Earbuds,4,0,10000,2691.35
ORD-19560,2023-07-11,Consumer,North,Furniture,Tables,Standing Desk,4,0.1,43200.0,2655.06
ORD-19561,2023-11-07,Corporate,East,Technology,Accessories,Wireless Earbuds,3,0.2,6000.0,1163.94
ORD-19562,2024-03-28,Corporate,East,Technology,Accessories,Laptop Bag,1,0.05,1710.0,433.95
ORD-19563,2023-09-14,Consumer,South,Technology,Accessories,Laptop Bag,4,0,7200,2495.13
ORD-19564,2024-07-07,Home Office,North,Office Supplies,Paper,A4 Paper Pack,4,0,1400,529.22
ORD-19565,2023-03-28,Corporate,South,Furniture,Tables,Standing Desk,5,0,60000,4386.95
ORD-19566,2023-07-21,Consumer,West,Office Supplies,Paper,A4 Paper Pack,4,0,1400,501.14
ORD-19567,2024-06-10,Consumer,West,Furniture,Tables,Standing Desk,4,0,48000,5520.15
ORD-19568,2023-09-23,Consumer,South,Furniture,Bookcases,Wooden Bookcase,5,0.2,18000.0,632.3
ORD-19569,2024-06-19,Home Office,East,Furniture,Chairs,Ergo Office Chair,3,0.2,15600.0,1063.88
ORD-19570,2024-11-04,Home Office,West,Technology,Accessories,Wireless Earbuds,2,0,5000,1390.57
ORD-19571,2024-07-01,Consumer,East,Furniture,Bookcases,Wooden Bookcase,3,0,13500,1629.05
ORD-19572,2023-11-05,Home Office,West,Furniture,Chairs,Ergo Office Chair,3,0,19500,2922.36
ORD-19573,2024-02-09,Consumer,North,Furniture,Chairs,Ergo Office Chair,4,0.05,24700.0,3669.26
ORD-19574,2023-08-20,Home Office,East,Technology,Accessories,Laptop Bag,4,0,7200,2305.17
ORD-19575,2023-04-17,Corporate,West,Technology,Accessories,Wireless Earbuds,4,0.2,8000.0,1519.71
ORD-19576,2023-07-31,Home Office,South,Furniture,Bookcases,Wooden Bookcase,3,0.2,10800.0,80.32
ORD-19577,2024-01-17,Home Office,West,Technology,Phones,Smartphone X,2,0,36000,5002.39
ORD-19578,2023-08-14,Corporate,East,Furniture,Bookcases,Wooden Bookcase,3,0,13500,1485.48
ORD-19579,2023-04-23,Home Office,South,Furniture,Chairs,Ergo Office Chair,2,0.1,11700.0,1112.74
ORD-19580,2023-01-05,Home Office,West,Office Supplies,Storage,Storage Box,1,0,900,196.06
ORD-19581,2023-05-12,Home Office,North,Furniture,Chairs,Ergo Office Chair,5,0.1,29250.0,4041.01
ORD-19582,2024-11-08,Home Office,East,Technology,Phones,Smartphone X,1,0,18000,3191.46
ORD-19583,2023-11-26,Consumer,West,Technology,Machines,Laser Printer,2,0.1,16200.0,879.75
ORD-19584,2024-06-25,Consumer,South,Technology,Accessories,Wireless Earbuds,5,0.05,11875.0,2797.62
ORD-19585,2024-11-23,Home Office,East,Office Supplies,Paper,A4 Paper Pack,3,0,1050,383.48
ORD-19586,2024-11-25,Home Office,East,Technology,Phones,Smartphone X,3,0.2,43200.0,2285.98
ORD-19587,2023-02-04,Consumer,North,Office Supplies,Binders,Heavy Binder Set,4,0,2400,644.0
ORD-19588,2024-01-10,Corporate,North,Office Supplies,Storage,Storage Box,3,0.1,2430.0,453.92
ORD-19589,2023-10-17,Corporate,South,Technology,Machines,Laser Printer,2,0.1,16200.0,729.33
ORD-19590,2024-08-30,Home Office,North,Furniture,Chairs,Ergo Office Chair,4,0.05,24700.0,4348.28
ORD-19591,2024-12-01,Home Office,North,Technology,Machines,Laser Printer,2,0,18000,1651.4
ORD-19592,2023-12-30,Home Office,South,Technology,Accessories,Laptop Bag,2,0,3600,1041.93
ORD-19593,2024-12-03,Home Office,East,Technology,Accessories,Laptop Bag,1,0,1800,507.94
ORD-19594,2023-02-25,Corporate,North,Technology,Machines,Laser Printer,4,0,36000,4638.05
ORD-19595,2023-07-19,Corporate,West,Technology,Accessories,Laptop Bag,4,0.2,5760.0,945.23
ORD-19596,2023-04-16,Home Office,West,Furniture,Chairs,Ergo Office Chair,1,0.1,5850.0,587.61
ORD-19597,2023-10-28,Consumer,East,Office Supplies,Storage,Storage Box,5,0,4500,1206.4
ORD-19598,2024-08-07,Home Office,East,Office Supplies,Paper,A4 Paper Pack,3,0,1050,368.0
ORD-19599,2023-07-14,Consumer,North,Furniture,Chairs,Ergo Office Chair,4,0,26000,4156.45
ORD-19600,2023-06-17,Home Office,West,Technology,Phones,Smartphone X,3,0.05,51300.0,3997.68
ORD-19601,2024-08-23,Consumer,East,Technology,Machines,Laser Printer,2,0,18000,2876.45
ORD-19602,2023-07-05,Home Office,North,Technology,Phones,Smartphone X,1,0,18000,2712.12
ORD-19603,2024-03-11,Home Office,East,Technology,Phones,Smartphone X,1,0,18000,1929.27
ORD-19604,2023-04-11,Home Office,East,Office Supplies,Binders,Heavy Binder Set,5,0,3000,848.49
ORD-19605,2023-03-15,Home Office,South,Office Supplies,Paper,A4 Paper Pack,3,0.05,997.5,345.23
ORD-19606,2023-11-29,Home Office,South,Office Supplies,Binders,Heavy Binder Set,1,0.2,480.0,67.61
ORD-19607,2024-04-15,Consumer,East,Office Supplies,Binders,Heavy Binder Set,2,0.05,1140.0,303.59
ORD-19608,2023-06-27,Corporate,South,Furniture,Chairs,Ergo Office Chair,3,0,19500,3887.68
ORD-19609,2023-04-05,Corporate,West,Office Supplies,Storage,Storage Box,3,0.05,2565.0,618.26
ORD-19610,2023-01-27,Home Office,North,Technology,Accessories,Laptop Bag,4,0,7200,2466.59
ORD-19611,2024-02-27,Consumer,East,Technology,Accessories,Wireless Earbuds,2,0.05,4750.0,1133.49
ORD-19612,2024-02-11,Corporate,East,Furniture,Bookcases,Wooden Bookcase,1,0,4500,529.77
ORD-19613,2023-02-12,Corporate,West,Furniture,Tables,Standing Desk,5,0.1,54000.0,3468.64
ORD-19614,2023-01-06,Home Office,East,Furniture,Tables,Standing Desk,4,0.1,43200.0,1275.09
ORD-19615,2024-03-14,Home Office,West,Furniture,Bookcases,Wooden Bookcase,4,0.2,14400.0,663.61
ORD-19616,2024-12-03,Consumer,South,Furniture,Bookcases,Wooden Bookcase,3,0.05,12825.0,1963.8
ORD-19617,2023-07-04,Corporate,South,Technology,Phones,Smartphone X,1,0,18000,2886.91
ORD-19618,2023-05-15,Corporate,North,Technology,Phones,Smartphone X,3,0,54000,8116.9
ORD-19619,2023-12-20,Consumer,North,Technology,Machines,Laser Printer,5,0.2,36000.0,893.81
ORD-19620,2023-03-15,Consumer,East,Technology,Accessories,Wireless Earbuds,4,0,10000,3221.61
ORD-19621,2023-06-17,Consumer,East,Technology,Machines,Laser Printer,2,0,18000,2185.64
ORD-19622,2024-12-08,Corporate,West,Technology,Accessories,Wireless Earbuds,5,0.1,11250.0,2838.66
ORD-19623,2024-06-20,Home Office,South,Office Supplies,Binders,Heavy Binder Set,2,0,1200,298.6
ORD-19624,2024-12-05,Corporate,South,Technology,Machines,Laser Printer,2,0,18000,2473.21
ORD-19625,2023-08-25,Home Office,West,Technology,Accessories,Wireless Earbuds,2,0.05,4750.0,1372.0
ORD-19626,2023-12-09,Home Office,East,Technology,Accessories,Laptop Bag,4,0.1,6480.0,1897.29
ORD-19627,2023-06-06,Consumer,East,Furniture,Bookcases,Wooden Bookcase,2,0,9000,1374.13
ORD-19628,2023-09-01,Corporate,North,Technology,Accessories,Laptop Bag,5,0,9000,2606.34
ORD-19629,2024-12-11,Home Office,West,Furniture,Chairs,Ergo Office Chair,4,0,26000,4240.98
ORD-19630,2023-04-06,Home Office,East,Furniture,Tables,Standing Desk,2,0,24000,3330.66
ORD-19631,2024-02-14,Home Office,North,Office Supplies,Paper,A4 Paper Pack,1,0.05,332.5,115.74
ORD-19632,2024-11-13,Home Office,North,Furniture,Tables,Standing Desk,3,0.2,28800.0,-1372.7
ORD-19633,2024-02-21,Corporate,East,Office Supplies,Paper,A4 Paper Pack,5,0,1750,577.25
ORD-19634,2024-05-30,Corporate,North,Technology,Accessories,Laptop Bag,1,0,1800,551.0
ORD-19635,2024-01-23,Home Office,East,Technology,Phones,Smartphone X,4,0,72000,10499.4
ORD-19636,2023-09-07,Home Office,South,Furniture,Bookcases,Wooden Bookcase,1,0.2,3600.0,56.34
ORD-19637,2024-12-11,Consumer,East,Technology,Accessories,Laptop Bag,4,0,7200,2153.63
ORD-19638,2023-12-14,Corporate,South,Office Supplies,Storage,Storage Box,1,0.1,810.0,157.32
ORD-19639,2024-11-01,Consumer,East,Technology,Phones,Smartphone X,3,0,54000,8960.16
ORD-19640,2023-08-20,Corporate,West,Technology,Phones,Smartphone X,2,0.05,34200.0,3385.52
ORD-19641,2024-05-13,Home Office,East,Technology,Accessories,Wireless Earbuds,3,0,7500,2481.21
ORD-19642,2023-01-16,Home Office,South,Furniture,Chairs,Ergo Office Chair,4,0.1,23400.0,2329.96
ORD-19643,2023-08-13,Corporate,East,Technology,Machines,Laser Printer,1,0,9000,740.76
ORD-19644,2024-07-09,Home Office,East,Office Supplies,Storage,Storage Box,1,0.2,720.0,100.9
ORD-19645,2023-10-18,Home Office,South,Office Supplies,Paper,A4 Paper Pack,3,0,1050,401.67
ORD-19646,2023-01-16,Consumer,East,Office Supplies,Paper,A4 Paper Pack,4,0.05,1330.0,469.42
ORD-19647,2024-03-19,Corporate,West,Office Supplies,Paper,A4 Paper Pack,4,0,1400,475.86
ORD-19648,2023-11-28,Corporate,East,Furniture,Chairs,Ergo Office Chair,5,0,32500,5228.46
ORD-19649,2023-05-25,Home Office,South,Technology,Machines,Laser Printer,2,0,18000,1556.1
ORD-19650,2023-02-25,Consumer,North,Technology,Machines,Laser Printer,1,0.2,7200.0,-261.01
ORD-19651,2024-05-17,Consumer,North,Technology,Phones,Smartphone X,2,0.1,32400.0,2563.74
ORD-19652,2024-10-17,Home Office,North,Office Supplies,Binders,Heavy Binder Set,4,0.1,2160.0,492.72
ORD-19653,2024-09-27,Home Office,West,Office Supplies,Paper,A4 Paper Pack,5,0.05,1662.5,587.47
ORD-19654,2024-09-29,Consumer,South,Office Supplies,Paper,A4 Paper Pack,5,0.2,1400.0,322.79
ORD-19655,2024-11-20,Consumer,South,Office Supplies,Paper,A4 Paper Pack,3,0,1050,375.68
ORD-19656,2024-10-24,Corporate,North,Technology,Accessories,Wireless Earbuds,2,0.05,4750.0,1145.8
ORD-19657,2023-03-23,Home Office,South,Furniture,Tables,Standing Desk,1,0,12000,1012.69
ORD-19658,2023-07-29,Corporate,South,Technology,Accessories,Laptop Bag,5,0.1,8100.0,2119.72
ORD-19659,2024-01-12,Consumer,West,Furniture,Tables,Standing Desk,2,0.1,21600.0,547.01
ORD-19660,2023-05-14,Corporate,South,Furniture,Bookcases,Wooden Bookcase,5,0,22500,2637.65
ORD-19661,2024-05-05,Consumer,North,Furniture,Bookcases,Wooden Bookcase,5,0,22500,3502.9
ORD-19662,2023-01-27,Consumer,South,Technology,Machines,Laser Printer,2,0,18000,1673.85
ORD-19663,2023-10-12,Corporate,South,Office Supplies,Storage,Storage Box,4,0,3600,999.41
ORD-19664,2024-01-07,Corporate,North,Furniture,Bookcases,Wooden Bookcase,3,0,13500,1867.23
ORD-19665,2024-04-05,Consumer,East,Technology,Accessories,Wireless Earbuds,4,0.2,8000.0,1712.02
ORD-19666,2023-04-30,Corporate,West,Office Supplies,Paper,A4 Paper Pack,2,0,700,234.12
ORD-19667,2023-12-17,Consumer,North,Technology,Phones,Smartphone X,3,0.2,43200.0,1787.93
ORD-19668,2023-01-12,Home Office,West,Technology,Phones,Smartphone X,1,0.2,14400.0,734.15
ORD-19669,2024-10-20,Home Office,West,Technology,Accessories,Laptop Bag,1,0,1800,637.5
ORD-19670,2023-07-14,Corporate,South,Office Supplies,Storage,Storage Box,5,0,4500,1284.83
ORD-19671,2023-10-06,Corporate,West,Office Supplies,Binders,Heavy Binder Set,3,0.2,1440.0,197.54
ORD-19672,2024-07-10,Corporate,South,Technology,Accessories,Wireless Earbuds,1,0,2500,805.22
ORD-19673,2024-12-26,Consumer,West,Office Supplies,Paper,A4 Paper Pack,3,0.05,997.5,297.17
ORD-19674,2023-05-29,Home Office,North,Furniture,Tables,Standing Desk,2,0,24000,2489.62
ORD-19675,2024-03-29,Consumer,North,Technology,Phones,Smartphone X,1,0,18000,2042.64
ORD-19676,2024-11-03,Consumer,West,Technology,Accessories,Wireless Earbuds,2,0.05,4750.0,1268.13
ORD-19677,2024-12-05,Corporate,West,Technology,Machines,Laser Printer,3,0.2,21600.0,142.01
ORD-19678,2023-08-11,Corporate,East,Technology,Accessories,Wireless Earbuds,1,0,2500,796.38
ORD-19679,2023-05-12,Home Office,South,Office Supplies,Binders,Heavy Binder Set,2,0.05,1140.0,262.52
ORD-19680,2023-02-28,Corporate,West,Technology,Accessories,Laptop Bag,3,0,5400,1796.85
ORD-19681,2024-02-13,Consumer,West,Technology,Accessories,Laptop Bag,1,0,1800,566.29
ORD-19682,2023-02-22,Home Office,North,Office Supplies,Paper,A4 Paper Pack,5,0,1750,648.82
ORD-19683,2024-04-10,Consumer,West,Office Supplies,Paper,A4 Paper Pack,2,0.2,560.0,130.19
ORD-19684,2024-10-11,Corporate,North,Furniture,Tables,Standing Desk,1,0,12000,1056.39
ORD-19685,2024-03-09,Home Office,West,Furniture,Chairs,Ergo Office Chair,2,0,13000,2747.69
ORD-19686,2023-02-04,Consumer,East,Office Supplies,Storage,Storage Box,2,0.2,1440.0,161.16
ORD-19687,2024-07-06,Home Office,South,Office Supplies,Binders,Heavy Binder Set,1,0,600,173.52
ORD-19688,2023-07-28,Corporate,West,Furniture,Tables,Standing Desk,4,0,48000,5974.82
ORD-19689,2023-07-16,Home Office,North,Furniture,Tables,Standing Desk,5,0.05,57000.0,5592.07
ORD-19690,2023-07-07,Corporate,South,Technology,Accessories,Wireless Earbuds,1,0,2500,839.79
ORD-19691,2024-09-11,Home Office,East,Technology,Accessories,Wireless Earbuds,5,0,12500,3601.12
ORD-19692,2024-11-19,Home Office,West,Office Supplies,Storage,Storage Box,1,0,900,203.07
ORD-19693,2023-10-15,Consumer,East,Office Supplies,Storage,Storage Box,5,0,4500,1028.59
ORD-19694,2023-03-17,Consumer,East,Furniture,Chairs,Ergo Office Chair,5,0,32500,6396.81
ORD-19695,2024-06-14,Consumer,North,Technology,Accessories,Laptop Bag,3,0,5400,1706.22
ORD-19696,2023-12-11,Consumer,South,Office Supplies,Storage,Storage Box,1,0,900,247.94
ORD-19697,2024-09-05,Consumer,North,Furniture,Tables,Standing Desk,4,0,48000,6142.13
ORD-19698,2024-01-09,Consumer,West,Furniture,Tables,Standing Desk,1,0,12000,893.28
ORD-19699,2023-09-27,Corporate,North,Furniture,Tables,Standing Desk,3,0.2,28800.0,-1096.97
ORD-19700,2024-12-31,Consumer,West,Office Supplies,Binders,Heavy Binder Set,2,0.2,960.0,130.08
ORD-19701,2023-09-12,Corporate,North,Furniture,Tables,Standing Desk,5,0.05,57000.0,3497.98
ORD-19702,2024-12-03,Corporate,East,Furniture,Bookcases,Wooden Bookcase,5,0,22500,3232.27
ORD-19703,2024-04-12,Corporate,East,Technology,Accessories,Wireless Earbuds,4,0,10000,3226.51
ORD-19704,2023-04-26,Corporate,North,Furniture,Chairs,Ergo Office Chair,4,0,26000,5492.52
ORD-19705,2023-08-17,Consumer,East,Office Supplies,Binders,Heavy Binder Set,2,0,1200,366.3
ORD-19706,2023-09-06,Corporate,North,Technology,Accessories,Wireless Earbuds,5,0.05,11875.0,3402.12
ORD-19707,2023-10-15,Corporate,East,Furniture,Tables,Standing Desk,1,0.1,10800.0,571.81
ORD-19708,2024-09-24,Home Office,North,Technology,Phones,Smartphone X,5,0,90000,14229.66
ORD-19709,2024-05-04,Corporate,West,Technology,Accessories,Laptop Bag,3,0,5400,1520.21
ORD-19710,2024-05-25,Home Office,West,Technology,Accessories,Laptop Bag,5,0,9000,3139.58
ORD-19711,2024-03-09,Home Office,North,Technology,Accessories,Laptop Bag,4,0,7200,2441.35
ORD-19712,2023-06-19,Home Office,West,Technology,Accessories,Wireless Earbuds,5,0.05,11875.0,2752.19
ORD-19713,2024-01-16,Home Office,North,Technology,Accessories,Wireless Earbuds,3,0.05,7125.0,2156.47
ORD-19714,2023-11-09,Corporate,West,Office Supplies,Binders,Heavy Binder Set,1,0.05,570.0,159.88
ORD-19715,2023-02-06,Home Office,East,Technology,Accessories,Laptop Bag,5,0.05,8550.0,2431.9
ORD-19716,2023-03-30,Home Office,East,Office Supplies,Paper,A4 Paper Pack,5,0,1750,545.74
ORD-19717,2023-04-20,Consumer,North,Office Supplies,Storage,Storage Box,3,0.05,2565.0,587.27
ORD-19718,2024-10-05,Corporate,North,Furniture,Bookcases,Wooden Bookcase,3,0.2,10800.0,-35.95
ORD-19719,2023-10-25,Home Office,North,Technology,Accessories,Laptop Bag,5,0,9000,2584.4
ORD-19720,2023-03-02,Home Office,North,Office Supplies,Binders,Heavy Binder Set,5,0.05,2850.0,644.03
ORD-19721,2024-02-15,Corporate,West,Furniture,Bookcases,Wooden Bookcase,1,0.2,3600.0,36.69
ORD-19722,2023-11-30,Home Office,East,Office Supplies,Binders,Heavy Binder Set,1,0.2,480.0,94.16
ORD-19723,2023-08-07,Consumer,East,Technology,Machines,Laser Printer,2,0,18000,2862.34
ORD-19724,2024-12-07,Home Office,West,Office Supplies,Paper,A4 Paper Pack,5,0,1750,628.32
ORD-19725,2024-03-07,Home Office,East,Furniture,Bookcases,Wooden Bookcase,4,0,18000,3370.52
ORD-19726,2023-12-08,Corporate,East,Technology,Phones,Smartphone X,1,0.05,17100.0,1945.31
ORD-19727,2023-02-19,Home Office,North,Technology,Machines,Laser Printer,2,0.2,14400.0,-263.92
ORD-19728,2023-05-11,Consumer,North,Office Supplies,Storage,Storage Box,4,0.1,3240.0,645.19
ORD-19729,2023-06-02,Consumer,East,Technology,Accessories,Wireless Earbuds,3,0.2,6000.0,1063.4
ORD-19730,2023-01-02,Consumer,South,Office Supplies,Paper,A4 Paper Pack,2,0.2,560.0,147.33
ORD-19731,2023-04-24,Consumer,North,Technology,Accessories,Laptop Bag,3,0,5400,1703.02
ORD-19732,2024-09-25,Home Office,West,Technology,Accessories,Laptop Bag,5,0,9000,2663.48
ORD-19733,2023-04-08,Corporate,East,Technology,Machines,Laser Printer,1,0.05,8550.0,698.98
ORD-19734,2024-10-12,Consumer,South,Technology,Phones,Smartphone X,3,0.1,48600.0,3879.31
ORD-19735,2023-12-03,Home Office,North,Furniture,Chairs,Ergo Office Chair,4,0,26000,4418.94
ORD-19736,2024-11-26,Home Office,South,Office Supplies,Storage,Storage Box,2,0,1800,481.4
ORD-19737,2024-02-18,Consumer,East,Office Supplies,Storage,Storage Box,1,0.05,855.0,217.04
ORD-19738,2024-11-23,Consumer,West,Office Supplies,Paper,A4 Paper Pack,4,0,1400,499.39
ORD-19739,2024-06-14,Consumer,West,Technology,Accessories,Wireless Earbuds,5,0,12500,3679.03
ORD-19740,2024-05-26,Corporate,South,Office Supplies,Storage,Storage Box,1,0,900,208.4
ORD-19741,2023-01-02,Consumer,West,Office Supplies,Storage,Storage Box,5,0.1,4050.0,837.67
ORD-19742,2024-02-17,Corporate,West,Office Supplies,Binders,Heavy Binder Set,1,0.1,540.0,137.87
ORD-19743,2023-01-30,Home Office,East,Technology,Accessories,Wireless Earbuds,3,0.2,6000.0,920.73
ORD-19744,2024-05-20,Consumer,South,Furniture,Tables,Standing Desk,3,0,36000,2411.33
ORD-19745,2024-08-22,Corporate,East,Technology,Accessories,Wireless Earbuds,1,0,2500,849.31
ORD-19746,2024-08-26,Corporate,East,Technology,Phones,Smartphone X,5,0,90000,16192.75
ORD-19747,2023-04-21,Home Office,North,Technology,Phones,Smartphone X,5,0.1,81000.0,4634.78
ORD-19748,2024-11-24,Corporate,North,Technology,Phones,Smartphone X,2,0,36000,4141.65
ORD-19749,2023-08-15,Consumer,East,Office Supplies,Storage,Storage Box,5,0.2,3600.0,386.56
ORD-19750,2024-07-04,Home Office,South,Furniture,Tables,Standing Desk,3,0,36000,4434.75
ORD-19751,2024-11-10,Corporate,East,Furniture,Bookcases,Wooden Bookcase,5,0.1,20250.0,2323.55
ORD-19752,2024-12-31,Home Office,East,Technology,Accessories,Wireless Earbuds,5,0.05,11875.0,2997.38
ORD-19753,2023-11-05,Consumer,South,Office Supplies,Binders,Heavy Binder Set,3,0.1,1620.0,405.66
ORD-19754,2023-05-09,Corporate,North,Office Supplies,Storage,Storage Box,4,0,3600,803.54
ORD-19755,2023-08-16,Home Office,West,Furniture,Tables,Standing Desk,4,0,48000,6457.6
ORD-19756,2023-08-08,Corporate,North,Office Supplies,Paper,A4 Paper Pack,3,0.1,945.0,277.44
ORD-19757,2024-12-10,Corporate,East,Office Supplies,Paper,A4 Paper Pack,4,0,1400,536.18
ORD-19758,2023-01-20,Consumer,South,Technology,Accessories,Wireless Earbuds,4,0.2,8000.0,1144.19
ORD-19759,2024-08-14,Home Office,West,Furniture,Tables,Standing Desk,1,0.1,10800.0,90.8
ORD-19760,2023-02-09,Home Office,West,Office Supplies,Paper,A4 Paper Pack,2,0.2,560.0,110.93
ORD-19761,2024-03-24,Corporate,East,Technology,Machines,Laser Printer,4,0.2,28800.0,-734.63
ORD-19762,2023-12-11,Consumer,East,Technology,Phones,Smartphone X,2,0,36000,4693.48
ORD-19763,2023-02-20,Consumer,South,Technology,Phones,Smartphone X,5,0,90000,11024.91
ORD-19764,2024-03-05,Corporate,West,Furniture,Tables,Standing Desk,1,0.2,9600.0,-311.78
ORD-19765,2023-08-03,Corporate,South,Technology,Accessories,Laptop Bag,4,0.2,5760.0,978.47
ORD-19766,2024-07-20,Consumer,West,Office Supplies,Binders,Heavy Binder Set,2,0.05,1140.0,300.96
ORD-19767,2023-01-28,Consumer,South,Technology,Phones,Smartphone X,3,0,54000,7081.79
ORD-19768,2023-11-23,Home Office,North,Furniture,Tables,Standing Desk,3,0.05,34200.0,1226.55
ORD-19769,2024-05-05,Home Office,North,Office Supplies,Binders,Heavy Binder Set,2,0,1200,355.04
ORD-19770,2023-07-11,Home Office,North,Technology,Accessories,Wireless Earbuds,1,0,2500,654.95
ORD-19771,2024-09-30,Home Office,North,Office Supplies,Paper,A4 Paper Pack,4,0,1400,500.92
ORD-19772,2023-12-28,Corporate,South,Furniture,Chairs,Ergo Office Chair,5,0,32500,6756.78
ORD-19773,2023-12-06,Consumer,West,Furniture,Chairs,Ergo Office Chair,3,0,19500,3194.32
ORD-19774,2024-05-06,Consumer,East,Furniture,Tables,Standing Desk,5,0,60000,4215.37
ORD-19775,2024-05-27,Consumer,North,Technology,Accessories,Wireless Earbuds,4,0.2,8000.0,1685.49
ORD-19776,2023-07-30,Corporate,North,Office Supplies,Storage,Storage Box,5,0,4500,1241.08
ORD-19777,2023-07-19,Corporate,South,Furniture,Tables,Standing Desk,3,0.05,34200.0,1867.99
ORD-19778,2024-03-19,Consumer,North,Technology,Accessories,Wireless Earbuds,5,0,12500,4090.69
ORD-19779,2023-10-16,Home Office,West,Furniture,Chairs,Ergo Office Chair,3,0.05,18525.0,2566.37
ORD-19780,2024-03-31,Corporate,East,Technology,Accessories,Laptop Bag,4,0,7200,2531.31
ORD-19781,2023-11-07,Corporate,East,Office Supplies,Paper,A4 Paper Pack,4,0.05,1330.0,412.53
ORD-19782,2024-12-07,Consumer,West,Technology,Accessories,Wireless Earbuds,2,0,5000,1581.05
ORD-19783,2024-11-05,Consumer,South,Furniture,Tables,Standing Desk,1,0,12000,879.39
ORD-19784,2023-03-25,Home Office,East,Furniture,Tables,Standing Desk,3,0,36000,4181.02
ORD-19785,2024-06-15,Consumer,North,Furniture,Tables,Standing Desk,2,0,24000,2027.84
ORD-19786,2023-01-13,Home Office,North,Technology,Accessories,Laptop Bag,5,0,9000,2747.08
ORD-19787,2024-09-10,Home Office,South,Furniture,Bookcases,Wooden Bookcase,5,0,22500,3850.9
ORD-19788,2023-11-10,Corporate,North,Technology,Accessories,Wireless Earbuds,3,0.05,7125.0,1970.07
ORD-19789,2024-01-29,Home Office,West,Furniture,Chairs,Ergo Office Chair,4,0.05,24700.0,3415.37
ORD-19790,2024-02-28,Home Office,South,Technology,Phones,Smartphone X,1,0,18000,2460.71
ORD-19791,2024-07-19,Corporate,North,Technology,Accessories,Wireless Earbuds,1,0.1,2250.0,458.9
ORD-19792,2024-12-10,Consumer,East,Technology,Accessories,Laptop Bag,3,0,5400,1796.2
ORD-19793,2023-07-24,Corporate,North,Furniture,Bookcases,Wooden Bookcase,1,0,4500,822.87
ORD-19794,2023-04-05,Consumer,North,Technology,Accessories,Laptop Bag,3,0,5400,1930.46
ORD-19795,2024-05-04,Consumer,North,Office Supplies,Storage,Storage Box,3,0.1,2430.0,426.96
ORD-19796,2023-04-19,Corporate,East,Technology,Accessories,Wireless Earbuds,3,0,7500,2496.26
ORD-19797,2024-02-23,Corporate,North,Technology,Machines,Laser Printer,3,0,27000,3472.39
ORD-19798,2023-11-17,Consumer,North,Furniture,Bookcases,Wooden Bookcase,3,0,13500,1894.4
ORD-19799,2024-02-04,Home Office,North,Technology,Accessories,Wireless Earbuds,4,0,10000,2763.7
ORD-19800,2024-05-08,Corporate,North,Technology,Machines,Laser Printer,3,0,27000,3320.56
ORD-19801,2024-10-09,Consumer,North,Furniture,Tables,Standing Desk,5,0,60000,5854.77
ORD-19802,2024-04-26,Home Office,North,Furniture,Bookcases,Wooden Bookcase,1,0,4500,795.37
ORD-19803,2024-10-08,Consumer,West,Technology,Accessories,Wireless Earbuds,3,0.05,7125.0,1953.98
ORD-19804,2023-03-28,Consumer,East,Office Supplies,Binders,Heavy Binder Set,2,0.05,1140.0,240.72
ORD-19805,2023-06-07,Corporate,East,Furniture,Tables,Standing Desk,3,0,36000,4650.71
ORD-19806,2024-04-05,Consumer,North,Technology,Accessories,Laptop Bag,4,0.05,6840.0,1832.38
ORD-19807,2023-04-25,Consumer,East,Furniture,Chairs,Ergo Office Chair,1,0.2,5200.0,477.38
ORD-19808,2023-05-29,Home Office,North,Office Supplies,Paper,A4 Paper Pack,4,0.2,1120.0,247.58
ORD-19809,2024-12-04,Home Office,East,Office Supplies,Paper,A4 Paper Pack,2,0,700,235.74
ORD-19810,2024-12-01,Corporate,West,Furniture,Tables,Standing Desk,1,0.05,11400.0,344.02
ORD-19811,2024-06-20,Home Office,East,Technology,Machines,Laser Printer,1,0,9000,1237.43
ORD-19812,2024-03-13,Home Office,South,Furniture,Tables,Standing Desk,3,0.05,34200.0,2044.55
ORD-19813,2023-11-12,Consumer,South,Technology,Phones,Smartphone X,1,0.05,17100.0,1602.24
ORD-19814,2024-09-20,Home Office,South,Furniture,Chairs,Ergo Office Chair,3,0,19500,3059.34
ORD-19815,2024-11-29,Corporate,North,Technology,Accessories,Laptop Bag,3,0,5400,1888.28
ORD-19816,2024-01-02,Corporate,South,Technology,Phones,Smartphone X,4,0.2,57600.0,460.05
ORD-19817,2023-09-10,Home Office,West,Furniture,Bookcases,Wooden Bookcase,3,0.1,12150.0,1324.79
ORD-19818,2024-02-14,Home Office,East,Office Supplies,Paper,A4 Paper Pack,1,0,350,114.06
ORD-19819,2024-07-20,Consumer,West,Office Supplies,Binders,Heavy Binder Set,5,0,3000,941.4
ORD-19820,2024-08-22,Consumer,East,Technology,Phones,Smartphone X,5,0,90000,12464.91
ORD-19821,2024-12-02,Consumer,West,Office Supplies,Storage,Storage Box,3,0.05,2565.0,662.44
ORD-19822,2023-11-12,Consumer,West,Office Supplies,Binders,Heavy Binder Set,2,0,1200,375.62
ORD-19823,2024-07-06,Home Office,West,Office Supplies,Storage,Storage Box,4,0,3600,814.83
ORD-19824,2023-09-09,Consumer,North,Office Supplies,Binders,Heavy Binder Set,1,0,600,176.09
ORD-19825,2023-08-04,Home Office,South,Furniture,Bookcases,Wooden Bookcase,5,0.2,18000.0,94.76
ORD-19826,2024-02-23,Home Office,South,Technology,Machines,Laser Printer,4,0,36000,4353.82
ORD-19827,2024-11-01,Corporate,East,Office Supplies,Storage,Storage Box,5,0,4500,1221.64
ORD-19828,2024-07-02,Home Office,West,Office Supplies,Paper,A4 Paper Pack,1,0,350,110.01
ORD-19829,2023-07-31,Home Office,North,Office Supplies,Binders,Heavy Binder Set,4,0,2400,649.84
ORD-19830,2023-06-04,Consumer,South,Furniture,Bookcases,Wooden Bookcase,4,0.1,16200.0,2074.42
ORD-19831,2023-07-21,Consumer,West,Furniture,Tables,Standing Desk,2,0,24000,3149.46
ORD-19832,2024-02-05,Consumer,West,Furniture,Tables,Standing Desk,2,0.1,21600.0,428.16
ORD-19833,2023-01-20,Consumer,South,Technology,Machines,Laser Printer,4,0,36000,4443.24
ORD-19834,2024-03-31,Home Office,West,Technology,Accessories,Laptop Bag,2,0.1,3240.0,789.44
ORD-19835,2023-07-29,Home Office,North,Furniture,Tables,Standing Desk,3,0.05,34200.0,2986.68
ORD-19836,2024-09-27,Corporate,East,Technology,Accessories,Wireless Earbuds,5,0.05,11875.0,3210.42
ORD-19837,2024-03-03,Home Office,North,Office Supplies,Binders,Heavy Binder Set,5,0.1,2700.0,675.44
ORD-19838,2024-08-28,Corporate,East,Technology,Machines,Laser Printer,5,0.2,36000.0,-252.73
ORD-19839,2024-01-16,Home Office,East,Technology,Machines,Laser Printer,4,0.05,34200.0,2051.82
ORD-19840,2024-03-19,Consumer,South,Technology,Accessories,Wireless Earbuds,5,0.2,10000.0,1869.88
ORD-19841,2023-10-25,Consumer,North,Furniture,Tables,Standing Desk,4,0.05,45600.0,1954.56
ORD-19842,2024-02-02,Consumer,East,Furniture,Tables,Standing Desk,3,0,36000,4273.57
ORD-19843,2023-11-26,Consumer,West,Technology,Phones,Smartphone X,5,0,90000,15969.07
ORD-19844,2023-03-24,Consumer,East,Technology,Machines,Laser Printer,3,0.1,24300.0,2149.91
ORD-19845,2024-05-21,Home Office,North,Technology,Machines,Laser Printer,4,0,36000,4720.68
ORD-19846,2023-07-18,Home Office,East,Furniture,Bookcases,Wooden Bookcase,5,0,22500,4232.45
ORD-19847,2023-03-29,Home Office,East,Technology,Accessories,Wireless Earbuds,4,0,10000,3201.43
ORD-19848,2024-08-22,Corporate,East,Furniture,Bookcases,Wooden Bookcase,4,0.2,14400.0,712.72
ORD-19849,2023-04-04,Corporate,North,Office Supplies,Storage,Storage Box,2,0.05,1710.0,311.03
ORD-19850,2024-06-06,Consumer,East,Furniture,Chairs,Ergo Office Chair,4,0,26000,5004.3
ORD-19851,2023-01-17,Consumer,North,Office Supplies,Storage,Storage Box,2,0,1800,483.51
ORD-19852,2024-11-13,Consumer,West,Furniture,Chairs,Ergo Office Chair,3,0.1,17550.0,1572.23
ORD-19853,2024-12-22,Home Office,West,Technology,Accessories,Laptop Bag,3,0,5400,1780.9
ORD-19854,2024-04-11,Corporate,East,Furniture,Tables,Standing Desk,3,0,36000,2922.15
ORD-19855,2024-01-06,Corporate,North,Office Supplies,Binders,Heavy Binder Set,2,0,1200,366.77
ORD-19856,2024-08-06,Corporate,East,Technology,Accessories,Laptop Bag,5,0.1,8100.0,2302.48
ORD-19857,2023-04-28,Corporate,North,Technology,Machines,Laser Printer,5,0,45000,5801.0
ORD-19858,2023-05-17,Corporate,East,Technology,Accessories,Laptop Bag,5,0,9000,2775.7
ORD-19859,2024-09-14,Home Office,West,Technology,Machines,Laser Printer,2,0,18000,1902.82
ORD-19860,2024-11-16,Home Office,West,Technology,Accessories,Laptop Bag,1,0,1800,590.46
ORD-19861,2023-11-27,Consumer,West,Furniture,Chairs,Ergo Office Chair,3,0.2,15600.0,1391.76
ORD-19862,2023-01-22,Consumer,North,Office Supplies,Paper,A4 Paper Pack,2,0,700,228.54
ORD-19863,2023-11-22,Corporate,West,Technology,Accessories,Laptop Bag,3,0,5400,1890.13
ORD-19864,2023-05-22,Corporate,West,Technology,Accessories,Laptop Bag,3,0.2,4320.0,978.19
ORD-19865,2023-04-05,Corporate,East,Furniture,Bookcases,Wooden Bookcase,4,0.2,14400.0,832.18
ORD-19866,2024-08-10,Corporate,North,Office Supplies,Paper,A4 Paper Pack,2,0.05,665.0,201.24
ORD-19867,2023-06-27,Home Office,West,Technology,Phones,Smartphone X,2,0.05,34200.0,3469.72
ORD-19868,2024-05-06,Corporate,North,Technology,Phones,Smartphone X,2,0.05,34200.0,4107.99
ORD-19869,2024-05-16,Consumer,East,Furniture,Bookcases,Wooden Bookcase,5,0,22500,4109.16
ORD-19870,2023-06-20,Corporate,East,Technology,Accessories,Wireless Earbuds,5,0.2,10000.0,1841.34
ORD-19871,2023-05-18,Home Office,North,Office Supplies,Storage,Storage Box,5,0.2,3600.0,459.09
ORD-19872,2023-11-26,Consumer,East,Office Supplies,Binders,Heavy Binder Set,3,0.05,1710.0,367.03
ORD-19873,2023-03-09,Home Office,West,Furniture,Bookcases,Wooden Bookcase,5,0.1,20250.0,1292.08
ORD-19874,2023-01-22,Home Office,East,Furniture,Chairs,Ergo Office Chair,3,0,19500,3473.79
ORD-19875,2024-05-09,Consumer,West,Technology,Accessories,Laptop Bag,4,0,7200,2211.09
ORD-19876,2023-02-07,Home Office,West,Furniture,Tables,Standing Desk,3,0,36000,4469.32
ORD-19877,2024-04-30,Corporate,West,Technology,Accessories,Wireless Earbuds,2,0.2,4000.0,662.51
ORD-19878,2023-03-21,Corporate,North,Furniture,Bookcases,Wooden Bookcase,3,0.2,10800.0,180.91
ORD-19879,2024-08-07,Consumer,North,Office Supplies,Binders,Heavy Binder Set,5,0.2,2400.0,427.63
ORD-19880,2023-09-29,Home Office,South,Technology,Accessories,Wireless Earbuds,1,0,2500,834.92
ORD-19881,2024-03-12,Home Office,East,Furniture,Chairs,Ergo Office Chair,1,0,6500,1309.58
ORD-19882,2024-04-12,Consumer,East,Technology,Accessories,Wireless Earbuds,3,0,7500,2038.13
ORD-19883,2023-09-04,Home Office,West,Technology,Phones,Smartphone X,5,0.1,81000.0,5978.6
ORD-19884,2024-08-02,Corporate,North,Furniture,Chairs,Ergo Office Chair,4,0.05,24700.0,3474.08
ORD-19885,2024-04-28,Corporate,North,Office Supplies,Storage,Storage Box,1,0.05,855.0,206.06
ORD-19886,2024-11-14,Consumer,North,Technology,Phones,Smartphone X,4,0,72000,7361.15
ORD-19887,2024-01-31,Home Office,North,Technology,Machines,Laser Printer,5,0.2,36000.0,-646.57
ORD-19888,2024-04-30,Corporate,South,Furniture,Tables,Standing Desk,1,0.05,11400.0,907.71
ORD-19889,2024-11-02,Corporate,South,Technology,Accessories,Laptop Bag,2,0,3600,1072.83
ORD-19890,2024-06-28,Home Office,East,Furniture,Tables,Standing Desk,4,0,48000,4227.5
ORD-19891,2023-04-28,Corporate,North,Furniture,Tables,Standing Desk,1,0,12000,958.23
ORD-19892,2023-08-09,Home Office,South,Office Supplies,Storage,Storage Box,1,0,900,218.87
ORD-19893,2024-10-07,Corporate,South,Office Supplies,Paper,A4 Paper Pack,3,0.1,945.0,288.84
ORD-19894,2023-12-13,Home Office,West,Office Supplies,Storage,Storage Box,2,0.2,1440.0,204.48
ORD-19895,2024-08-04,Corporate,East,Office Supplies,Storage,Storage Box,3,0.05,2565.0,467.22
ORD-19896,2023-09-02,Corporate,North,Office Supplies,Paper,A4 Paper Pack,5,0.2,1400.0,360.96
ORD-19897,2024-12-05,Home Office,West,Furniture,Chairs,Ergo Office Chair,1,0.1,5850.0,643.41
ORD-19898,2023-09-06,Home Office,East,Technology,Accessories,Wireless Earbuds,2,0.2,4000.0,638.12
ORD-19899,2024-10-05,Corporate,East,Technology,Accessories,Laptop Bag,3,0.1,4860.0,1153.83
ORD-19900,2023-09-05,Home Office,North,Office Supplies,Storage,Storage Box,3,0,2700,695.75
ORD-19901,2024-06-26,Corporate,North,Technology,Machines,Laser Printer,2,0,18000,2131.65
ORD-19902,2024-10-10,Consumer,South,Furniture,Tables,Standing Desk,4,0,48000,6415.35
ORD-19903,2024-02-12,Corporate,West,Technology,Phones,Smartphone X,1,0,18000,2531.02
ORD-19904,2024-09-09,Home Office,North,Technology,Accessories,Wireless Earbuds,1,0.1,2250.0,463.09
ORD-19905,2024-05-27,Consumer,North,Furniture,Chairs,Ergo Office Chair,4,0.1,23400.0,1975.01
ORD-19906,2023-08-03,Corporate,East,Technology,Phones,Smartphone X,5,0.2,72000.0,2266.03
ORD-19907,2023-07-11,Consumer,North,Furniture,Chairs,Ergo Office Chair,2,0,13000,2242.18
ORD-19908,2024-12-13,Consumer,North,Technology,Accessories,Wireless Earbuds,5,0.2,10000.0,2028.43
ORD-19909,2023-01-06,Consumer,West,Furniture,Tables,Standing Desk,3,0.2,28800.0,-146.84
ORD-19910,2023-09-23,Corporate,North,Office Supplies,Storage,Storage Box,2,0,1800,436.55
ORD-19911,2023-08-14,Consumer,North,Office Supplies,Paper,A4 Paper Pack,2,0.2,560.0,145.73
ORD-19912,2023-01-06,Corporate,West,Office Supplies,Storage,Storage Box,5,0.2,3600.0,474.07
ORD-19913,2023-08-13,Corporate,South,Technology,Accessories,Wireless Earbuds,3,0,7500,2224.71
ORD-19914,2023-05-01,Corporate,South,Office Supplies,Storage,Storage Box,3,0,2700,770.49
ORD-19915,2023-02-28,Home Office,North,Furniture,Tables,Standing Desk,5,0,60000,5304.07
ORD-19916,2024-06-16,Home Office,North,Office Supplies,Binders,Heavy Binder Set,2,0,1200,332.49
ORD-19917,2024-03-09,Corporate,West,Technology,Accessories,Laptop Bag,1,0,1800,568.45
ORD-19918,2023-07-05,Corporate,South,Technology,Accessories,Wireless Earbuds,1,0,2500,813.62
ORD-19919,2024-07-31,Home Office,East,Furniture,Bookcases,Wooden Bookcase,5,0,22500,2850.16
ORD-19920,2023-03-27,Corporate,North,Furniture,Bookcases,Wooden Bookcase,1,0.2,3600.0,49.15
ORD-19921,2024-05-03,Corporate,South,Office Supplies,Binders,Heavy Binder Set,3,0.05,1710.0,478.25
ORD-19922,2023-06-20,Consumer,North,Office Supplies,Binders,Heavy Binder Set,5,0.1,2700.0,601.87
ORD-19923,2024-01-20,Home Office,North,Office Supplies,Storage,Storage Box,2,0,1800,486.94
ORD-19924,2023-11-21,Home Office,East,Technology,Phones,Smartphone X,3,0.2,43200.0,2521.23
ORD-19925,2024-10-19,Corporate,South,Office Supplies,Storage,Storage Box,4,0,3600,828.5
ORD-19926,2024-05-24,Corporate,West,Office Supplies,Binders,Heavy Binder Set,4,0.1,2160.0,512.55
ORD-19927,2024-06-11,Corporate,North,Technology,Machines,Laser Printer,3,0,27000,3429.15
ORD-19928,2024-10-25,Corporate,South,Office Supplies,Binders,Heavy Binder Set,1,0,600,170.3
ORD-19929,2024-11-30,Corporate,West,Office Supplies,Binders,Heavy Binder Set,2,0,1200,340.78
ORD-19930,2023-03-29,Home Office,West,Technology,Machines,Laser Printer,1,0.05,8550.0,1010.53
ORD-19931,2023-05-16,Home Office,South,Office Supplies,Paper,A4 Paper Pack,4,0.1,1260.0,378.57
ORD-19932,2023-12-17,Consumer,East,Furniture,Tables,Standing Desk,2,0.1,21600.0,974.21
ORD-19933,2023-05-08,Corporate,West,Office Supplies,Storage,Storage Box,3,0.2,2160.0,312.98
ORD-19934,2024-08-31,Home Office,South,Office Supplies,Paper,A4 Paper Pack,5,0.1,1575.0,466.12
ORD-19935,2024-12-21,Home Office,South,Technology,Accessories,Wireless Earbuds,5,0,12500,3921.24
ORD-19936,2023-05-22,Corporate,East,Technology,Phones,Smartphone X,3,0,54000,5946.38
ORD-19937,2024-12-29,Corporate,North,Furniture,Tables,Standing Desk,5,0,60000,5598.24
ORD-19938,2023-08-01,Corporate,East,Office Supplies,Paper,A4 Paper Pack,2,0,700,218.39
ORD-19939,2024-12-29,Home Office,West,Technology,Accessories,Wireless Earbuds,4,0,10000,2673.39
ORD-19940,2024-07-20,Consumer,South,Furniture,Tables,Standing Desk,1,0.05,11400.0,392.13
ORD-19941,2023-06-14,Corporate,East,Technology,Accessories,Laptop Bag,1,0,1800,644.61
ORD-19942,2024-08-12,Corporate,West,Technology,Accessories,Wireless Earbuds,2,0.2,4000.0,851.12
ORD-19943,2023-01-17,Corporate,West,Office Supplies,Storage,Storage Box,1,0.2,720.0,112.71
ORD-19944,2024-03-11,Home Office,North,Technology,Phones,Smartphone X,2,0.2,28800.0,712.31
ORD-19945,2024-04-06,Corporate,South,Technology,Phones,Smartphone X,5,0.1,81000.0,6493.4
ORD-19946,2023-07-27,Home Office,West,Technology,Phones,Smartphone X,4,0,72000,8553.49
ORD-19947,2024-10-05,Corporate,West,Technology,Machines,Laser Printer,2,0.05,17100.0,1996.72
ORD-19948,2024-11-15,Home Office,West,Furniture,Chairs,Ergo Office Chair,3,0.1,17550.0,1846.41
ORD-19949,2024-12-14,Home Office,East,Technology,Accessories,Wireless Earbuds,3,0.2,6000.0,857.18
ORD-19950,2024-08-05,Corporate,West,Furniture,Bookcases,Wooden Bookcase,3,0.1,12150.0,673.02
ORD-19951,2023-09-21,Consumer,South,Office Supplies,Paper,A4 Paper Pack,4,0.1,1260.0,331.99
ORD-19952,2023-11-22,Corporate,North,Technology,Accessories,Laptop Bag,3,0,5400,1687.3
ORD-19953,2024-01-11,Home Office,South,Office Supplies,Binders,Heavy Binder Set,1,0.2,480.0,80.07
ORD-19954,2024-09-26,Corporate,East,Office Supplies,Binders,Heavy Binder Set,2,0,1200,383.82
ORD-19955,2024-02-01,Consumer,South,Furniture,Bookcases,Wooden Bookcase,3,0.05,12825.0,1106.26
ORD-19956,2024-05-05,Corporate,South,Office Supplies,Storage,Storage Box,1,0.2,720.0,98.5
ORD-19957,2023-07-10,Corporate,South,Technology,Accessories,Wireless Earbuds,2,0,5000,1637.24
ORD-19958,2024-10-14,Home Office,North,Technology,Machines,Laser Printer,3,0.2,21600.0,725.95
ORD-19959,2024-05-06,Corporate,North,Furniture,Chairs,Ergo Office Chair,5,0.2,26000.0,1018.31
ORD-19960,2024-11-18,Consumer,East,Office Supplies,Binders,Heavy Binder Set,4,0,2400,752.29
ORD-19961,2024-11-09,Consumer,West,Office Supplies,Paper,A4 Paper Pack,1,0,350,132.0
ORD-19962,2024-12-10,Consumer,West,Technology,Accessories,Wireless Earbuds,5,0,12500,3993.3
ORD-19963,2023-03-10,Home Office,West,Technology,Accessories,Laptop Bag,2,0.2,2880.0,495.02
ORD-19964,2023-09-01,Consumer,North,Office Supplies,Paper,A4 Paper Pack,4,0,1400,467.48
ORD-19965,2024-02-10,Consumer,South,Office Supplies,Storage,Storage Box,4,0.1,3240.0,580.11
ORD-19966,2024-08-24,Consumer,East,Furniture,Tables,Standing Desk,2,0.05,22800.0,1862.58
ORD-19967,2023-02-19,Home Office,North,Technology,Machines,Laser Printer,4,0,36000,5656.73
ORD-19968,2023-04-09,Consumer,North,Technology,Accessories,Wireless Earbuds,3,0.2,6000.0,916.77
ORD-19969,2024-08-09,Consumer,North,Technology,Accessories,Laptop Bag,2,0,3600,1165.34
ORD-19970,2023-02-03,Home Office,West,Office Supplies,Paper,A4 Paper Pack,1,0,350,126.7
ORD-19971,2024-03-18,Corporate,East,Furniture,Bookcases,Wooden Bookcase,4,0,18000,2653.97
ORD-19972,2023-11-18,Corporate,East,Furniture,Tables,Standing Desk,1,0,12000,1248.09
ORD-19973,2023-04-14,Corporate,North,Office Supplies,Binders,Heavy Binder Set,2,0,1200,346.47
ORD-19974,2023-05-26,Consumer,South,Office Supplies,Paper,A4 Paper Pack,3,0.1,945.0,258.85
ORD-19975,2024-12-18,Corporate,East,Technology,Phones,Smartphone X,5,0.1,81000.0,8841.89
ORD-19976,2023-09-29,Home Office,East,Technology,Machines,Laser Printer,3,0,27000,2787.16
ORD-19977,2024-08-20,Consumer,East,Technology,Machines,Laser Printer,5,0,45000,7193.11
ORD-19978,2023-03-10,Corporate,East,Furniture,Chairs,Ergo Office Chair,4,0.2,20800.0,753.21
ORD-19979,2024-01-22,Consumer,South,Office Supplies,Paper,A4 Paper Pack,1,0,350,114.41
ORD-19980,2023-01-09,Consumer,North,Office Supplies,Paper,A4 Paper Pack,1,0.2,280.0,73.38
ORD-19981,2023-04-04,Home Office,West,Furniture,Chairs,Ergo Office Chair,4,0,26000,5599.22
ORD-19982,2023-12-11,Consumer,South,Technology,Accessories,Laptop Bag,1,0.1,1620.0,379.78
ORD-19983,2024-06-30,Consumer,North,Furniture,Bookcases,Wooden Bookcase,2,0.2,7200.0,460.39
ORD-19984,2023-02-27,Home Office,South,Office Supplies,Storage,Storage Box,5,0,4500,1285.05
ORD-19985,2024-05-02,Consumer,South,Technology,Phones,Smartphone X,5,0.05,85500.0,9984.7
ORD-19986,2023-06-05,Home Office,North,Technology,Accessories,Laptop Bag,1,0,1800,578.34
ORD-19987,2024-04-08,Consumer,South,Technology,Accessories,Laptop Bag,5,0.05,8550.0,2699.7
ORD-19988,2023-01-14,Home Office,North,Office Supplies,Storage,Storage Box,2,0.1,1620.0,316.07
ORD-19989,2024-02-04,Home Office,West,Furniture,Tables,Standing Desk,2,0,24000,2907.7
ORD-19990,2023-05-15,Home Office,North,Office Supplies,Storage,Storage Box,2,0,1800,450.79
ORD-19991,2023-09-30,Home Office,West,Office Supplies,Storage,Storage Box,5,0.05,4275.0,935.7
ORD-19992,2024-01-01,Consumer,South,Office Supplies,Binders,Heavy Binder Set,4,0.1,2160.0,474.32
ORD-19993,2023-07-30,Consumer,East,Office Supplies,Paper,A4 Paper Pack,3,0,1050,338.81
ORD-19994,2024-11-18,Consumer,South,Office Supplies,Storage,Storage Box,4,0,3600,904.11
ORD-19995,2024-05-20,Corporate,East,Office Supplies,Binders,Heavy Binder Set,1,0,600,171.69
ORD-19996,2023-07-12,Home Office,North,Technology,Machines,Laser Printer,2,0.2,14400.0,-272.32
ORD-19997,2023-03-10,Consumer,West,Office Supplies,Binders,Heavy Binder Set,4,0.1,2160.0,488.43
ORD-19998,2023-05-23,Corporate,East,Technology,Accessories,Laptop Bag,1,0,1800,632.96
ORD-19999,2024-07-18,Consumer,East,Office Supplies,Paper,A4 Paper Pack,4,0.2,1120.0,259.82
ORD-20000,2023-02-10,Corporate,East,Furniture,Chairs,Ergo Office Chair,3,0.1,17550.0,2597.83
ORD-20001,2023-09-01,Consumer,South,Office Supplies,Paper,A4 Paper Pack,4,0.1,1260.0,397.34
ORD-20002,2024-10-30,Corporate,North,Furniture,Chairs,Ergo Office Chair,2,0,13000,2178.37
ORD-20003,2024-01-06,Home Office,West,Technology,Accessories,Wireless Earbuds,1,0.05,2375.0,614.53
ORD-20004,2023-10-31,Corporate,East,Technology,Accessories,Wireless Earbuds,3,0,7500,2345.96
ORD-20005,2024-01-16,Home Office,East,Furniture,Tables,Standing Desk,5,0,60000,6118.17
ORD-20006,2023-12-12,Consumer,East,Technology,Phones,Smartphone X,4,0,72000,9412.69
ORD-20007,2024-10-04,Home Office,East,Technology,Machines,Laser Printer,2,0.2,14400.0,-329.39
ORD-20008,2024-10-21,Corporate,East,Technology,Accessories,Laptop Bag,4,0,7200,2233.16
ORD-20009,2024-09-23,Corporate,North,Technology,Machines,Laser Printer,2,0.1,16200.0,1337.0
ORD-20010,2024-03-13,Home Office,East,Furniture,Tables,Standing Desk,3,0,36000,3412.54
ORD-20011,2024-01-27,Home Office,West,Furniture,Tables,Standing Desk,5,0.2,48000.0,-180.84
ORD-20012,2024-06-14,Corporate,West,Technology,Accessories,Wireless Earbuds,5,0,12500,3745.74
ORD-20013,2024-07-05,Corporate,South,Office Supplies,Binders,Heavy Binder Set,4,0.1,2160.0,553.39
ORD-20014,2024-08-10,Home Office,West,Technology,Accessories,Laptop Bag,1,0.2,1440.0,234.58
ORD-20015,2024-11-23,Home Office,North,Furniture,Chairs,Ergo Office Chair,1,0,6500,1130.47
ORD-20016,2023-12-08,Corporate,South,Furniture,Tables,Standing Desk,4,0.05,45600.0,4321.1
ORD-20017,2023-05-27,Consumer,East,Technology,Phones,Smartphone X,5,0.2,72000.0,2488.68
ORD-20018,2023-09-11,Consumer,South,Technology,Phones,Smartphone X,1,0.2,14400.0,834.68
ORD-20019,2023-05-27,Corporate,South,Furniture,Tables,Standing Desk,2,0.2,19200.0,-1014.94
ORD-20020,2024-12-15,Home Office,South,Office Supplies,Binders,Heavy Binder Set,3,0.1,1620.0,413.63
ORD-20021,2023-03-14,Consumer,South,Office Supplies,Storage,Storage Box,3,0,2700,727.92
ORD-20022,2023-10-19,Home Office,East,Technology,Accessories,Wireless Earbuds,1,0,2500,716.34
ORD-20023,2024-12-09,Consumer,North,Technology,Machines,Laser Printer,4,0,36000,5480.2
ORD-20024,2023-02-04,Home Office,East,Office Supplies,Storage,Storage Box,3,0.05,2565.0,558.91
ORD-20025,2023-11-07,Home Office,North,Technology,Phones,Smartphone X,3,0,54000,5980.83
ORD-20026,2023-03-09,Consumer,West,Office Supplies,Paper,A4 Paper Pack,4,0.1,1260.0,332.44
ORD-20027,2023-06-20,Home Office,North,Furniture,Tables,Standing Desk,1,0,12000,1469.25
ORD-20028,2023-08-01,Home Office,North,Office Supplies,Binders,Heavy Binder Set,4,0.2,1920.0,269.74
ORD-20029,2024-08-30,Home Office,North,Technology,Machines,Laser Printer,4,0,36000,4742.58
ORD-20030,2024-07-25,Home Office,South,Technology,Accessories,Wireless Earbuds,5,0,12500,3775.71
ORD-20031,2023-12-10,Corporate,West,Furniture,Chairs,Ergo Office Chair,3,0,19500,3970.82
ORD-20032,2023-06-25,Home Office,West,Office Supplies,Binders,Heavy Binder Set,1,0.1,540.0,131.67
ORD-20033,2024-04-13,Consumer,West,Furniture,Chairs,Ergo Office Chair,3,0,19500,3467.12
ORD-20034,2023-08-03,Corporate,South,Office Supplies,Binders,Heavy Binder Set,1,0,600,184.03
ORD-20035,2023-11-27,Home Office,North,Office Supplies,Binders,Heavy Binder Set,5,0,3000,749.74
ORD-20036,2023-11-23,Home Office,North,Technology,Machines,Laser Printer,2,0,18000,2050.5
ORD-20037,2024-05-18,Consumer,South,Technology,Accessories,Wireless Earbuds,3,0,7500,2112.21
ORD-20038,2023-11-21,Home Office,North,Technology,Accessories,Laptop Bag,5,0.05,8550.0,2446.73
ORD-20039,2023-07-23,Home Office,West,Technology,Accessories,Wireless Earbuds,3,0.2,6000.0,1001.39
ORD-20040,2023-03-04,Corporate,North,Office Supplies,Paper,A4 Paper Pack,3,0,1050,338.17
ORD-20041,2023-10-24,Corporate,East,Technology,Machines,Laser Printer,5,0.05,42750.0,3682.51
ORD-20042,2024-06-14,Corporate,South,Office Supplies,Storage,Storage Box,3,0,2700,749.06
ORD-20043,2023-02-20,Home Office,East,Technology,Phones,Smartphone X,5,0.1,81000.0,6391.17
ORD-20044,2023-12-04,Home Office,West,Technology,Phones,Smartphone X,1,0.2,14400.0,370.16
ORD-20045,2024-11-03,Home Office,South,Office Supplies,Paper,A4 Paper Pack,4,0.1,1260.0,335.63
ORD-20046,2023-12-27,Consumer,West,Office Supplies,Storage,Storage Box,2,0.05,1710.0,395.12
ORD-20047,2024-03-02,Corporate,South,Technology,Accessories,Laptop Bag,1,0.2,1440.0,328.34
ORD-20048,2024-08-23,Home Office,South,Office Supplies,Binders,Heavy Binder Set,5,0.1,2700.0,699.41
ORD-20049,2024-01-16,Consumer,East,Technology,Phones,Smartphone X,1,0,18000,2381.49
ORD-20050,2023-01-05,Home Office,South,Furniture,Chairs,Ergo Office Chair,1,0.1,5850.0,624.45
ORD-20051,2024-06-11,Corporate,East,Office Supplies,Paper,A4 Paper Pack,3,0.05,997.5,317.75
ORD-20052,2023-11-02,Home Office,East,Furniture,Chairs,Ergo Office Chair,2,0,13000,2793.08
ORD-20053,2023-01-17,Home Office,East,Furniture,Tables,Standing Desk,4,0.05,45600.0,4055.07
ORD-20054,2024-01-02,Corporate,West,Office Supplies,Storage,Storage Box,1,0,900,230.62
ORD-20055,2023-08-04,Home Office,South,Technology,Phones,Smartphone X,1,0,18000,2567.78
ORD-20056,2023-06-18,Consumer,East,Furniture,Chairs,Ergo Office Chair,4,0,26000,5654.85
ORD-20057,2023-05-25,Consumer,West,Office Supplies,Storage,Storage Box,5,0,4500,1229.02
ORD-20058,2024-10-02,Home Office,East,Technology,Machines,Laser Printer,3,0.1,24300.0,791.04
ORD-20059,2024-09-03,Corporate,West,Technology,Accessories,Laptop Bag,4,0.1,6480.0,1824.75
ORD-20060,2023-06-17,Consumer,South,Furniture,Bookcases,Wooden Bookcase,2,0.2,7200.0,196.08
ORD-20061,2024-11-18,Corporate,North,Technology,Phones,Smartphone X,4,0,72000,7694.63
ORD-20062,2023-09-05,Corporate,North,Technology,Phones,Smartphone X,2,0,36000,4032.39
ORD-20063,2023-06-23,Corporate,North,Technology,Accessories,Wireless Earbuds,2,0.2,4000.0,834.35
ORD-20064,2023-02-14,Corporate,East,Office Supplies,Storage,Storage Box,3,0,2700,700.07
ORD-20065,2024-12-22,Corporate,East,Technology,Machines,Laser Printer,5,0,45000,5617.32
ORD-20066,2023-10-02,Consumer,North,Office Supplies,Binders,Heavy Binder Set,5,0,3000,762.06
ORD-20067,2024-05-22,Corporate,East,Office Supplies,Storage,Storage Box,2,0.2,1440.0,144.34
ORD-20068,2024-05-16,Corporate,North,Technology,Accessories,Laptop Bag,1,0,1800,509.69
ORD-20069,2023-01-01,Consumer,East,Furniture,Bookcases,Wooden Bookcase,3,0.2,10800.0,591.28
ORD-20070,2023-04-02,Corporate,East,Furniture,Chairs,Ergo Office Chair,4,0,26000,3643.78
ORD-20071,2024-12-16,Consumer,South,Furniture,Bookcases,Wooden Bookcase,1,0,4500,678.33
ORD-20072,2023-08-05,Corporate,North,Furniture,Chairs,Ergo Office Chair,2,0.2,10400.0,818.08
ORD-20073,2023-02-28,Home Office,South,Technology,Machines,Laser Printer,2,0,18000,1720.37
ORD-20074,2024-06-15,Home Office,South,Technology,Accessories,Wireless Earbuds,2,0.1,4500.0,1107.96
ORD-20075,2024-11-12,Corporate,South,Office Supplies,Storage,Storage Box,3,0.1,2430.0,538.3
ORD-20076,2023-12-29,Home Office,East,Furniture,Bookcases,Wooden Bookcase,1,0,4500,544.5
ORD-20077,2024-07-31,Consumer,North,Technology,Accessories,Laptop Bag,1,0.05,1710.0,543.53
ORD-20078,2024-03-16,Consumer,North,Technology,Accessories,Laptop Bag,3,0,5400,1806.86
ORD-20079,2023-09-04,Home Office,South,Office Supplies,Binders,Heavy Binder Set,5,0.2,2400.0,345.06
ORD-20080,2024-08-23,Consumer,East,Office Supplies,Storage,Storage Box,1,0,900,256.12
ORD-20081,2024-09-13,Home Office,West,Technology,Accessories,Laptop Bag,3,0.2,4320.0,935.32
ORD-20082,2024-11-24,Consumer,North,Office Supplies,Storage,Storage Box,1,0.05,855.0,181.71
ORD-20083,2024-03-12,Consumer,North,Technology,Accessories,Wireless Earbuds,1,0,2500,705.27
ORD-20084,2024-08-24,Consumer,North,Office Supplies,Binders,Heavy Binder Set,1,0,600,176.05
ORD-20085,2024-11-20,Consumer,West,Furniture,Tables,Standing Desk,5,0.1,54000.0,592.6
ORD-20086,2023-07-17,Consumer,North,Furniture,Bookcases,Wooden Bookcase,4,0,18000,2912.62
ORD-20087,2024-03-28,Corporate,East,Furniture,Chairs,Ergo Office Chair,2,0.2,10400.0,619.66
ORD-20088,2023-04-20,Corporate,South,Technology,Accessories,Laptop Bag,2,0.1,3240.0,830.89
ORD-20089,2023-02-08,Home Office,West,Furniture,Bookcases,Wooden Bookcase,4,0,18000,2573.31
ORD-20090,2024-03-30,Consumer,South,Technology,Accessories,Wireless Earbuds,4,0.05,9500.0,2904.05
ORD-20091,2023-12-08,Consumer,South,Technology,Accessories,Laptop Bag,3,0,5400,1816.61
ORD-20092,2023-01-17,Consumer,South,Technology,Accessories,Laptop Bag,4,0,7200,2201.0
ORD-20093,2024-04-22,Consumer,West,Technology,Machines,Laser Printer,3,0.2,21600.0,143.95
ORD-20094,2024-05-06,Home Office,West,Technology,Phones,Smartphone X,4,0.1,64800.0,4796.91
ORD-20095,2024-12-07,Consumer,South,Office Supplies,Paper,A4 Paper Pack,1,0.1,315.0,83.36
ORD-20096,2024-08-28,Consumer,East,Technology,Machines,Laser Printer,5,0.2,36000.0,-447.45
ORD-20097,2023-01-11,Home Office,East,Office Supplies,Paper,A4 Paper Pack,1,0.05,332.5,116.08
ORD-20098,2023-08-29,Home Office,South,Technology,Phones,Smartphone X,1,0,18000,2947.22
ORD-20099,2023-05-05,Consumer,West,Office Supplies,Storage,Storage Box,3,0.1,2430.0,386.86
ORD-20100,2023-01-10,Corporate,North,Furniture,Bookcases,Wooden Bookcase,5,0.1,20250.0,1313.55
ORD-20101,2023-08-01,Corporate,East,Office Supplies,Binders,Heavy Binder Set,1,0,600,175.86
ORD-20102,2024-03-26,Consumer,South,Office Supplies,Binders,Heavy Binder Set,1,0.05,570.0,126.34
ORD-20103,2023-10-25,Consumer,East,Office Supplies,Storage,Storage Box,1,0,900,248.3
ORD-20104,2024-12-01,Consumer,North,Furniture,Bookcases,Wooden Bookcase,2,0,9000,1381.99
ORD-20105,2024-03-25,Home Office,South,Technology,Machines,Laser Printer,4,0.1,32400.0,1824.0
ORD-20106,2023-06-07,Home Office,South,Technology,Phones,Smartphone X,2,0,36000,5049.74
ORD-20107,2023-02-02,Home Office,North,Furniture,Bookcases,Wooden Bookcase,4,0,18000,2466.75
ORD-20108,2024-12-19,Corporate,West,Furniture,Tables,Standing Desk,3,0,36000,3141.2
ORD-20109,2023-09-25,Corporate,East,Technology,Accessories,Laptop Bag,3,0,5400,1764.26
ORD-20110,2024-05-29,Corporate,East,Technology,Accessories,Laptop Bag,3,0,5400,1620.47
ORD-20111,2024-10-02,Corporate,East,Technology,Accessories,Laptop Bag,2,0.2,2880.0,464.83
ORD-20112,2023-08-29,Home Office,South,Furniture,Tables,Standing Desk,5,0,60000,4476.37
ORD-20113,2023-02-24,Corporate,East,Technology,Accessories,Wireless Earbuds,4,0.2,8000.0,1485.01
ORD-20114,2024-10-27,Home Office,East,Technology,Machines,Laser Printer,2,0.1,16200.0,630.62
ORD-20115,2024-05-06,Home Office,West,Office Supplies,Binders,Heavy Binder Set,3,0,1800,495.12
ORD-20116,2024-06-30,Home Office,East,Technology,Phones,Smartphone X,3,0.1,48600.0,5279.93
ORD-20117,2023-01-18,Corporate,East,Furniture,Tables,Standing Desk,4,0.1,43200.0,2254.2
ORD-20118,2023-02-20,Consumer,North,Office Supplies,Paper,A4 Paper Pack,2,0.1,630.0,185.37
ORD-20119,2023-01-11,Consumer,North,Furniture,Bookcases,Wooden Bookcase,5,0,22500,3100.93
ORD-20120,2023-04-01,Corporate,South,Office Supplies,Storage,Storage Box,5,0.2,3600.0,576.14
ORD-20121,2023-07-03,Corporate,East,Technology,Accessories,Wireless Earbuds,1,0.05,2375.0,732.15
ORD-20122,2024-09-04,Corporate,South,Furniture,Bookcases,Wooden Bookcase,4,0,18000,3262.99
ORD-20123,2023-01-01,Consumer,North,Furniture,Tables,Standing Desk,2,0,24000,2053.91
ORD-20124,2023-09-19,Home Office,East,Furniture,Tables,Standing Desk,1,0.05,11400.0,949.67
ORD-20125,2024-09-10,Consumer,East,Furniture,Bookcases,Wooden Bookcase,4,0.1,16200.0,1180.29
ORD-20126,2024-11-15,Consumer,South,Office Supplies,Binders,Heavy Binder Set,2,0,1200,347.43
ORD-20127,2024-06-16,Corporate,West,Technology,Accessories,Laptop Bag,4,0,7200,2228.28
ORD-20128,2023-07-16,Corporate,East,Technology,Accessories,Wireless Earbuds,4,0,10000,3245.88
ORD-20129,2023-11-05,Consumer,West,Office Supplies,Paper,A4 Paper Pack,3,0.05,997.5,311.38
ORD-20130,2023-06-09,Consumer,West,Office Supplies,Paper,A4 Paper Pack,3,0,1050,368.24
ORD-20131,2023-03-29,Corporate,West,Technology,Phones,Smartphone X,4,0.1,64800.0,6861.56
ORD-20132,2024-03-16,Home Office,West,Technology,Accessories,Laptop Bag,2,0,3600,1264.77
ORD-20133,2024-11-14,Home Office,South,Furniture,Chairs,Ergo Office Chair,3,0,19500,3043.33
ORD-20134,2024-01-03,Home Office,South,Furniture,Bookcases,Wooden Bookcase,1,0,4500,644.6
ORD-20135,2024-12-31,Corporate,North,Technology,Accessories,Laptop Bag,3,0.05,5130.0,1466.09
ORD-20136,2024-01-01,Home Office,North,Furniture,Chairs,Ergo Office Chair,2,0.2,10400.0,413.75
ORD-20137,2023-03-28,Home Office,North,Office Supplies,Binders,Heavy Binder Set,5,0.05,2850.0,707.45
ORD-20138,2023-10-03,Home Office,North,Furniture,Tables,Standing Desk,3,0,36000,2750.13
ORD-20139,2023-11-13,Home Office,North,Furniture,Bookcases,Wooden Bookcase,3,0.1,12150.0,1308.3
ORD-20140,2024-04-06,Corporate,East,Office Supplies,Paper,A4 Paper Pack,1,0.1,315.0,100.07
ORD-20141,2024-02-11,Home Office,East,Office Supplies,Binders,Heavy Binder Set,4,0,2400,761.38
ORD-20142,2024-09-24,Consumer,South,Office Supplies,Paper,A4 Paper Pack,3,0.05,997.5,343.07
ORD-20143,2024-09-21,Corporate,West,Furniture,Chairs,Ergo Office Chair,2,0,13000,1955.49
ORD-20144,2023-05-15,Consumer,North,Office Supplies,Binders,Heavy Binder Set,1,0.1,540.0,139.02
ORD-20145,2023-12-03,Corporate,West,Office Supplies,Paper,A4 Paper Pack,4,0.2,1120.0,297.73
ORD-20146,2023-12-03,Consumer,West,Technology,Accessories,Laptop Bag,1,0.05,1710.0,552.39
ORD-20147,2024-10-27,Home Office,South,Office Supplies,Binders,Heavy Binder Set,4,0,2400,754.0
ORD-20148,2023-11-03,Corporate,West,Office Supplies,Binders,Heavy Binder Set,4,0,2400,756.97
ORD-20149,2023-11-02,Consumer,South,Office Supplies,Binders,Heavy Binder Set,1,0.05,570.0,131.33
ORD-20150,2023-10-22,Home Office,East,Technology,Machines,Laser Printer,2,0,18000,2679.9
ORD-20151,2024-08-24,Corporate,North,Furniture,Bookcases,Wooden Bookcase,4,0,18000,2364.0
ORD-20152,2023-12-02,Corporate,North,Furniture,Tables,Standing Desk,5,0.2,48000.0,608.21
ORD-20153,2023-08-15,Corporate,West,Office Supplies,Storage,Storage Box,1,0,900,230.64
ORD-20154,2024-01-11,Home Office,North,Technology,Accessories,Wireless Earbuds,5,0,12500,3453.64
ORD-20155,2023-12-26,Consumer,East,Technology,Phones,Smartphone X,2,0.2,28800.0,-25.34
ORD-20156,2023-10-21,Consumer,North,Office Supplies,Paper,A4 Paper Pack,4,0,1400,472.1
ORD-20157,2024-01-26,Home Office,West,Furniture,Bookcases,Wooden Bookcase,1,0.1,4050.0,376.02
ORD-20158,2023-02-13,Home Office,East,Technology,Accessories,Laptop Bag,4,0.2,5760.0,1005.81
ORD-20159,2023-11-06,Consumer,North,Technology,Accessories,Laptop Bag,1,0,1800,510.18
ORD-20160,2024-11-23,Consumer,North,Technology,Accessories,Laptop Bag,4,0,7200,2320.08
ORD-20161,2024-11-16,Corporate,North,Technology,Phones,Smartphone X,3,0,54000,5821.93
ORD-20162,2023-10-23,Corporate,East,Technology,Accessories,Wireless Earbuds,2,0,5000,1458.95
ORD-20163,2024-01-21,Consumer,East,Furniture,Chairs,Ergo Office Chair,5,0.05,30875.0,3613.98
ORD-20164,2024-08-02,Corporate,West,Technology,Phones,Smartphone X,5,0.1,81000.0,9187.97
ORD-20165,2024-10-21,Corporate,East,Technology,Accessories,Laptop Bag,5,0.2,7200.0,1561.86
ORD-20166,2024-07-31,Consumer,West,Technology,Phones,Smartphone X,2,0,36000,5797.99
ORD-20167,2023-02-20,Consumer,West,Furniture,Chairs,Ergo Office Chair,5,0.1,29250.0,3740.19
ORD-20168,2024-02-21,Corporate,East,Furniture,Chairs,Ergo Office Chair,3,0.2,15600.0,663.03
ORD-20169,2023-09-10,Home Office,West,Office Supplies,Storage,Storage Box,5,0,4500,1068.09
ORD-20170,2024-10-29,Home Office,East,Furniture,Chairs,Ergo Office Chair,1,0,6500,1217.55
ORD-20171,2023-04-10,Home Office,West,Technology,Accessories,Wireless Earbuds,3,0.2,6000.0,1009.23
ORD-20172,2024-04-15,Corporate,West,Technology,Machines,Laser Printer,3,0,27000,3744.14
ORD-20173,2023-06-21,Home Office,North,Furniture,Chairs,Ergo Office Chair,1,0,6500,967.47
ORD-20174,2023-11-02,Consumer,West,Office Supplies,Binders,Heavy Binder Set,5,0.1,2700.0,580.06
ORD-20175,2023-07-02,Home Office,South,Furniture,Chairs,Ergo Office Chair,5,0,32500,5579.59
ORD-20176,2023-10-22,Home Office,North,Furniture,Bookcases,Wooden Bookcase,4,0,18000,3033.56
ORD-20177,2024-08-08,Consumer,North,Furniture,Bookcases,Wooden Bookcase,1,0.2,3600.0,33.82
ORD-20178,2024-12-28,Home Office,East,Office Supplies,Paper,A4 Paper Pack,2,0.1,630.0,166.43
ORD-20179,2023-10-29,Consumer,East,Technology,Accessories,Wireless Earbuds,2,0,5000,1625.95
ORD-20180,2024-12-04,Corporate,West,Technology,Accessories,Wireless Earbuds,2,0,5000,1655.81
ORD-20181,2023-08-22,Corporate,North,Technology,Machines,Laser Printer,1,0,9000,1180.75
ORD-20182,2023-10-12,Consumer,West,Technology,Machines,Laser Printer,5,0.1,40500.0,2270.71
ORD-20183,2023-01-25,Home Office,East,Furniture,Tables,Standing Desk,3,0.05,34200.0,1873.23
ORD-20184,2024-10-12,Corporate,West,Furniture,Chairs,Ergo Office Chair,1,0.2,5200.0,454.58
ORD-20185,2024-04-15,Home Office,West,Technology,Phones,Smartphone X,4,0,72000,7286.48
ORD-20186,2023-01-31,Consumer,East,Technology,Accessories,Laptop Bag,4,0.05,6840.0,1877.45
ORD-20187,2024-12-21,Home Office,West,Technology,Accessories,Laptop Bag,2,0,3600,1112.82
ORD-20188,2024-11-07,Home Office,West,Office Supplies,Paper,A4 Paper Pack,1,0,350,133.1
ORD-20189,2023-06-05,Consumer,North,Office Supplies,Paper,A4 Paper Pack,1,0.05,332.5,111.16
ORD-20190,2024-07-07,Consumer,South,Technology,Accessories,Wireless Earbuds,2,0.2,4000.0,612.36
ORD-20191,2023-05-23,Home Office,East,Furniture,Chairs,Ergo Office Chair,4,0.05,24700.0,3032.25
ORD-20192,2023-11-22,Consumer,South,Technology,Phones,Smartphone X,5,0,90000,11959.73
ORD-20193,2023-09-15,Consumer,East,Furniture,Chairs,Ergo Office Chair,3,0,19500,2798.45
ORD-20194,2024-06-22,Home Office,East,Technology,Phones,Smartphone X,3,0,54000,6660.81
ORD-20195,2024-08-24,Home Office,South,Technology,Accessories,Wireless Earbuds,1,0.2,2000.0,348.93
ORD-20196,2024-03-05,Home Office,West,Technology,Accessories,Wireless Earbuds,1,0,2500,807.93
ORD-20197,2023-12-29,Home Office,East,Furniture,Bookcases,Wooden Bookcase,5,0.05,21375.0,2109.64
ORD-20198,2023-10-16,Consumer,South,Office Supplies,Binders,Heavy Binder Set,4,0.2,1920.0,291.72
ORD-20199,2023-02-10,Consumer,West,Technology,Phones,Smartphone X,4,0,72000,9917.84
ORD-20200,2024-08-10,Home Office,East,Furniture,Tables,Standing Desk,4,0,48000,3771.68
ORD-20201,2023-01-13,Consumer,East,Office Supplies,Storage,Storage Box,2,0,1800,474.82
ORD-20202,2023-07-19,Consumer,East,Furniture,Bookcases,Wooden Bookcase,3,0,13500,1661.88
ORD-20203,2024-04-10,Consumer,North,Office Supplies,Storage,Storage Box,4,0.2,2880.0,317.72
ORD-20204,2024-03-02,Corporate,West,Furniture,Chairs,Ergo Office Chair,5,0,32500,5455.69
ORD-20205,2024-09-14,Home Office,South,Technology,Accessories,Laptop Bag,3,0.2,4320.0,867.77
ORD-20206,2023-01-05,Home Office,North,Technology,Accessories,Wireless Earbuds,5,0.05,11875.0,3512.59
ORD-20207,2024-07-23,Home Office,South,Office Supplies,Binders,Heavy Binder Set,3,0.2,1440.0,281.04
ORD-20208,2024-04-30,Corporate,West,Technology,Accessories,Laptop Bag,5,0,9000,3071.85
ORD-20209,2024-08-01,Home Office,South,Technology,Phones,Smartphone X,3,0,54000,7469.63
ORD-20210,2024-03-18,Home Office,East,Office Supplies,Paper,A4 Paper Pack,3,0,1050,387.37
ORD-20211,2024-04-09,Home Office,East,Furniture,Chairs,Ergo Office Chair,5,0.2,26000.0,2581.67
ORD-20212,2023-06-13,Home Office,North,Office Supplies,Paper,A4 Paper Pack,2,0,700,241.85
ORD-20213,2024-11-18,Corporate,North,Office Supplies,Paper,A4 Paper Pack,4,0.1,1260.0,319.11
ORD-20214,2023-09-17,Home Office,South,Furniture,Tables,Standing Desk,3,0,36000,4427.12
ORD-20215,2023-10-05,Home Office,North,Technology,Machines,Laser Printer,3,0.1,24300.0,695.08
ORD-20216,2024-02-14,Home Office,South,Furniture,Tables,Standing Desk,3,0.1,32400.0,448.16
ORD-20217,2023-03-15,Corporate,West,Technology,Phones,Smartphone X,3,0.1,48600.0,5399.72
ORD-20218,2024-08-19,Corporate,North,Furniture,Tables,Standing Desk,4,0,48000,4991.17
ORD-20219,2023-10-15,Corporate,West,Office Supplies,Binders,Heavy Binder Set,1,0,600,148.98
ORD-20220,2024-07-17,Consumer,South,Technology,Accessories,Wireless Earbuds,1,0,2500,730.23
ORD-20221,2023-11-02,Consumer,South,Technology,Machines,Laser Printer,3,0.05,25650.0,1730.07
ORD-20222,2024-11-20,Corporate,South,Furniture,Bookcases,Wooden Bookcase,4,0.1,16200.0,1764.75
ORD-20223,2023-09-09,Consumer,West,Office Supplies,Storage,Storage Box,4,0.05,3420.0,722.6
ORD-20224,2024-09-12,Consumer,South,Technology,Phones,Smartphone X,2,0,36000,6092.36
ORD-20225,2023-07-28,Corporate,West,Office Supplies,Storage,Storage Box,4,0,3600,859.09
ORD-20226,2024-03-25,Consumer,East,Office Supplies,Storage,Storage Box,3,0,2700,715.9
ORD-20227,2023-02-19,Consumer,West,Technology,Accessories,Laptop Bag,4,0.1,6480.0,1531.07
ORD-20228,2024-07-01,Home Office,South,Technology,Machines,Laser Printer,5,0.1,40500.0,2855.55
ORD-20229,2024-11-05,Corporate,North,Office Supplies,Binders,Heavy Binder Set,1,0,600,161.94
ORD-20230,2024-12-14,Consumer,East,Furniture,Chairs,Ergo Office Chair,2,0.2,10400.0,713.11
ORD-20231,2023-11-25,Consumer,South,Furniture,Chairs,Ergo Office Chair,2,0.05,12350.0,2135.7
ORD-20232,2023-07-24,Home Office,North,Office Supplies,Binders,Heavy Binder Set,3,0.1,1620.0,387.95
ORD-20233,2023-03-19,Home Office,West,Technology,Machines,Laser Printer,3,0.1,24300.0,1245.23
ORD-20234,2024-11-22,Home Office,West,Office Supplies,Storage,Storage Box,3,0,2700,592.71
ORD-20235,2023-11-22,Corporate,South,Technology,Accessories,Wireless Earbuds,4,0,10000,2693.04
ORD-20236,2024-01-19,Corporate,West,Technology,Accessories,Laptop Bag,4,0,7200,2390.8
ORD-20237,2024-10-12,Consumer,South,Technology,Accessories,Wireless Earbuds,1,0.1,2250.0,584.48
ORD-20238,2024-02-14,Corporate,North,Furniture,Tables,Standing Desk,3,0,36000,4571.55
ORD-20239,2024-05-06,Home Office,West,Furniture,Chairs,Ergo Office Chair,3,0.2,15600.0,1004.93
ORD-20240,2023-07-31,Home Office,East,Furniture,Chairs,Ergo Office Chair,3,0.2,15600.0,693.12
ORD-20241,2024-07-26,Corporate,East,Office Supplies,Storage,Storage Box,3,0,2700,750.0
ORD-20242,2024-04-07,Corporate,East,Technology,Accessories,Laptop Bag,2,0.1,3240.0,841.2
ORD-20243,2023-11-17,Home Office,North,Furniture,Bookcases,Wooden Bookcase,2,0.1,8100.0,670.25
ORD-20244,2023-08-23,Home Office,East,Furniture,Bookcases,Wooden Bookcase,2,0.1,8100.0,940.07
ORD-20245,2024-08-26,Consumer,West,Furniture,Chairs,Ergo Office Chair,2,0.05,12350.0,1559.77
ORD-20246,2024-04-29,Corporate,East,Technology,Phones,Smartphone X,5,0,90000,13325.1
ORD-20247,2023-08-04,Corporate,South,Technology,Accessories,Laptop Bag,1,0,1800,507.44
ORD-20248,2024-08-11,Home Office,South,Furniture,Chairs,Ergo Office Chair,3,0.1,17550.0,2220.51
ORD-20249,2023-03-11,Corporate,East,Office Supplies,Binders,Heavy Binder Set,5,0.05,2850.0,784.8
ORD-20250,2024-06-08,Consumer,North,Technology,Machines,Laser Printer,5,0.05,42750.0,2408.67
ORD-20251,2024-08-06,Corporate,North,Furniture,Bookcases,Wooden Bookcase,2,0.2,7200.0,438.01
ORD-20252,2023-01-27,Corporate,West,Technology,Accessories,Laptop Bag,1,0.05,1710.0,449.09
ORD-20253,2024-12-30,Consumer,South,Furniture,Bookcases,Wooden Bookcase,2,0,9000,1442.39
ORD-20254,2023-09-23,Corporate,South,Technology,Machines,Laser Printer,3,0,27000,2632.82
ORD-20255,2024-09-11,Corporate,East,Technology,Machines,Laser Printer,1,0.05,8550.0,713.86
ORD-20256,2023-10-03,Consumer,West,Office Supplies,Paper,A4 Paper Pack,4,0.05,1330.0,378.13
ORD-20257,2024-12-12,Home Office,East,Office Supplies,Binders,Heavy Binder Set,1,0,600,183.61
ORD-20258,2024-12-12,Home Office,South,Furniture,Bookcases,Wooden Bookcase,4,0,18000,2316.44
ORD-20259,2024-12-20,Corporate,North,Office Supplies,Binders,Heavy Binder Set,5,0,3000,885.07
ORD-20260,2024-12-15,Home Office,East,Office Supplies,Binders,Heavy Binder Set,1,0.2,480.0,84.04
ORD-20261,2024-09-23,Home Office,West,Office Supplies,Paper,A4 Paper Pack,5,0,1750,638.84
ORD-20262,2024-09-14,Corporate,North,Office Supplies,Storage,Storage Box,1,0.1,810.0,157.8
ORD-20263,2023-09-28,Corporate,South,Technology,Accessories,Laptop Bag,1,0.1,1620.0,438.12
ORD-20264,2023-06-27,Home Office,West,Furniture,Chairs,Ergo Office Chair,4,0.1,23400.0,2372.43
ORD-20265,2023-02-20,Corporate,South,Furniture,Bookcases,Wooden Bookcase,4,0,18000,2476.35
ORD-20266,2024-07-16,Corporate,North,Technology,Phones,Smartphone X,1,0,18000,2172.04
ORD-20267,2024-08-05,Corporate,East,Furniture,Tables,Standing Desk,1,0.05,11400.0,939.96
ORD-20268,2024-08-16,Consumer,West,Technology,Phones,Smartphone X,1,0,18000,3097.73
ORD-20269,2024-12-28,Home Office,North,Technology,Accessories,Wireless Earbuds,3,0.05,7125.0,2121.39
ORD-20270,2023-02-10,Home Office,South,Office Supplies,Binders,Heavy Binder Set,3,0,1800,463.28
ORD-20271,2023-11-26,Corporate,West,Office Supplies,Paper,A4 Paper Pack,2,0,700,223.2
ORD-20272,2023-01-04,Home Office,East,Technology,Accessories,Wireless Earbuds,2,0.05,4750.0,1352.96
ORD-20273,2024-10-13,Home Office,South,Technology,Machines,Laser Printer,5,0,45000,5050.6
ORD-20274,2024-10-21,Consumer,East,Office Supplies,Paper,A4 Paper Pack,2,0,700,272.18
ORD-20275,2023-04-17,Corporate,West,Technology,Accessories,Wireless Earbuds,3,0.2,6000.0,1084.53
ORD-20276,2023-06-22,Consumer,North,Technology,Machines,Laser Printer,5,0.1,40500.0,2086.52
ORD-20277,2023-03-02,Home Office,East,Technology,Phones,Smartphone X,2,0,36000,5293.67
ORD-20278,2023-05-25,Home Office,South,Technology,Accessories,Laptop Bag,1,0,1800,610.57
ORD-20279,2024-05-10,Home Office,South,Furniture,Chairs,Ergo Office Chair,4,0.2,20800.0,885.02
ORD-20280,2023-08-12,Home Office,North,Technology,Accessories,Laptop Bag,1,0.1,1620.0,423.89
ORD-20281,2024-06-17,Consumer,South,Furniture,Chairs,Ergo Office Chair,5,0,32500,6599.08
ORD-20282,2024-07-16,Consumer,South,Office Supplies,Storage,Storage Box,5,0,4500,1176.51
ORD-20283,2024-06-02,Consumer,West,Office Supplies,Binders,Heavy Binder Set,3,0,1800,445.35
ORD-20284,2023-02-07,Corporate,East,Furniture,Bookcases,Wooden Bookcase,3,0,13500,1514.03
ORD-20285,2023-12-23,Consumer,South,Furniture,Bookcases,Wooden Bookcase,2,0,9000,1202.37
ORD-20286,2023-11-09,Consumer,East,Technology,Accessories,Laptop Bag,1,0.05,1710.0,432.18
ORD-20287,2024-03-04,Home Office,West,Technology,Accessories,Wireless Earbuds,3,0.2,6000.0,890.47
ORD-20288,2024-10-01,Corporate,West,Office Supplies,Binders,Heavy Binder Set,5,0.05,2850.0,715.74
ORD-20289,2024-07-08,Corporate,East,Furniture,Chairs,Ergo Office Chair,4,0,26000,3641.14
ORD-20290,2023-09-14,Corporate,South,Technology,Accessories,Laptop Bag,3,0,5400,1726.37
ORD-20291,2023-12-09,Home Office,East,Office Supplies,Binders,Heavy Binder Set,2,0,1200,374.66
ORD-20292,2023-06-01,Corporate,North,Technology,Machines,Laser Printer,3,0,27000,2751.79
ORD-20293,2023-05-03,Consumer,East,Technology,Machines,Laser Printer,4,0.1,32400.0,1463.11
ORD-20294,2024-04-22,Consumer,North,Furniture,Chairs,Ergo Office Chair,4,0.1,23400.0,2175.63
ORD-20295,2024-03-01,Corporate,South,Technology,Machines,Laser Printer,3,0.2,21600.0,529.76
ORD-20296,2024-09-30,Consumer,East,Technology,Phones,Smartphone X,2,0.1,32400.0,2551.74
ORD-20297,2023-06-27,Home Office,East,Technology,Accessories,Laptop Bag,4,0,7200,2556.83
ORD-20298,2023-01-27,Corporate,West,Furniture,Chairs,Ergo Office Chair,4,0,26000,4793.23
ORD-20299,2024-02-13,Corporate,South,Technology,Machines,Laser Printer,4,0,36000,5486.79
ORD-20300,2023-07-17,Home Office,South,Technology,Accessories,Wireless Earbuds,1,0,2500,794.03
ORD-20301,2023-03-25,Corporate,East,Technology,Phones,Smartphone X,3,0.2,43200.0,173.2
ORD-20302,2024-12-22,Corporate,North,Furniture,Bookcases,Wooden Bookcase,1,0.2,3600.0,248.73
ORD-20303,2023-09-08,Consumer,South,Furniture,Tables,Standing Desk,5,0,60000,5563.88
ORD-20304,2024-11-17,Corporate,North,Office Supplies,Paper,A4 Paper Pack,2,0.05,665.0,238.22
ORD-20305,2023-01-14,Home Office,North,Furniture,Bookcases,Wooden Bookcase,1,0,4500,850.9
ORD-20306,2023-12-22,Corporate,South,Technology,Accessories,Wireless Earbuds,5,0.2,10000.0,1690.67
ORD-20307,2024-02-12,Corporate,North,Technology,Accessories,Wireless Earbuds,4,0.05,9500.0,2941.61
ORD-20308,2024-02-14,Corporate,East,Office Supplies,Storage,Storage Box,5,0,4500,1115.44
ORD-20309,2024-04-28,Corporate,East,Technology,Accessories,Wireless Earbuds,1,0,2500,797.51
ORD-20310,2024-11-24,Consumer,South,Technology,Accessories,Wireless Earbuds,4,0,10000,2771.65
ORD-20311,2024-01-16,Consumer,West,Furniture,Chairs,Ergo Office Chair,4,0.05,24700.0,4627.37
ORD-20312,2023-07-09,Consumer,West,Technology,Accessories,Wireless Earbuds,5,0.1,11250.0,2623.6
ORD-20313,2024-06-22,Home Office,West,Office Supplies,Binders,Heavy Binder Set,1,0.1,540.0,126.32
ORD-20314,2024-08-31,Home Office,East,Furniture,Chairs,Ergo Office Chair,1,0.2,5200.0,286.68
ORD-20315,2024-09-05,Corporate,East,Office Supplies,Storage,Storage Box,4,0.2,2880.0,280.89
ORD-20316,2023-03-17,Home Office,South,Furniture,Chairs,Ergo Office Chair,1,0,6500,1290.85
ORD-20317,2024-11-15,Consumer,North,Technology,Machines,Laser Printer,1,0.05,8550.0,627.44
ORD-20318,2023-11-08,Home Office,South,Office Supplies,Paper,A4 Paper Pack,4,0,1400,503.0
ORD-20319,2023-11-06,Consumer,North,Technology,Accessories,Wireless Earbuds,5,0.2,10000.0,1644.19
ORD-20320,2023-05-17,Home Office,North,Office Supplies,Storage,Storage Box,2,0.1,1620.0,295.27
ORD-20321,2023-05-13,Home Office,North,Furniture,Tables,Standing Desk,5,0.2,48000.0,-51.25
ORD-20322,2023-06-23,Consumer,West,Furniture,Bookcases,Wooden Bookcase,1,0.2,3600.0,220.36
ORD-20323,2023-08-26,Corporate,South,Office Supplies,Storage,Storage Box,1,0.2,720.0,109.94
ORD-20324,2024-03-02,Corporate,South,Technology,Machines,Laser Printer,3,0.05,25650.0,2372.62
ORD-20325,2024-12-17,Corporate,South,Office Supplies,Storage,Storage Box,1,0,900,205.02
ORD-20326,2023-04-22,Consumer,North,Furniture,Bookcases,Wooden Bookcase,2,0.05,8550.0,717.26
ORD-20327,2024-01-31,Corporate,South,Technology,Accessories,Wireless Earbuds,2,0,5000,1666.93
ORD-20328,2024-01-20,Consumer,North,Office Supplies,Storage,Storage Box,1,0,900,234.34
ORD-20329,2023-04-13,Consumer,North,Furniture,Chairs,Ergo Office Chair,4,0,26000,5603.98
ORD-20330,2023-02-28,Consumer,East,Office Supplies,Binders,Heavy Binder Set,3,0,1800,457.7
ORD-20331,2024-06-02,Home Office,West,Technology,Phones,Smartphone X,5,0.1,81000.0,3758.26
ORD-20332,2023-03-29,Home Office,North,Office Supplies,Storage,Storage Box,1,0.1,810.0,173.57
ORD-20333,2023-03-04,Corporate,North,Technology,Accessories,Wireless Earbuds,3,0,7500,2348.48
ORD-20334,2023-05-05,Consumer,South,Technology,Machines,Laser Printer,3,0,27000,3972.59
ORD-20335,2024-10-29,Consumer,West,Office Supplies,Binders,Heavy Binder Set,3,0,1800,574.35
ORD-20336,2023-12-10,Corporate,South,Technology,Phones,Smartphone X,2,0.1,32400.0,1438.52
ORD-20337,2024-02-13,Home Office,South,Office Supplies,Binders,Heavy Binder Set,5,0.1,2700.0,506.46
ORD-20338,2023-12-27,Corporate,North,Technology,Accessories,Wireless Earbuds,5,0,12500,3281.52
ORD-20339,2023-08-16,Consumer,West,Furniture,Tables,Standing Desk,4,0.2,38400.0,-651.03
ORD-20340,2023-08-28,Home Office,South,Office Supplies,Paper,A4 Paper Pack,1,0,350,124.35
ORD-20341,2024-08-09,Home Office,North,Furniture,Tables,Standing Desk,5,0.2,48000.0,-1960.62
ORD-20342,2024-08-26,Home Office,South,Office Supplies,Binders,Heavy Binder Set,3,0,1800,570.32
ORD-20343,2023-08-15,Corporate,South,Office Supplies,Binders,Heavy Binder Set,5,0.1,2700.0,646.55
ORD-20344,2024-07-18,Home Office,North,Furniture,Chairs,Ergo Office Chair,3,0.05,18525.0,2538.07
ORD-20345,2024-10-21,Consumer,West,Office Supplies,Storage,Storage Box,2,0,1800,483.29
ORD-20346,2024-11-14,Home Office,East,Furniture,Tables,Standing Desk,1,0.2,9600.0,142.54
ORD-20347,2024-01-22,Home Office,East,Furniture,Bookcases,Wooden Bookcase,5,0.1,20250.0,1130.86
ORD-20348,2023-09-21,Corporate,West,Office Supplies,Binders,Heavy Binder Set,1,0.05,570.0,164.47
ORD-20349,2023-09-29,Corporate,North,Office Supplies,Paper,A4 Paper Pack,4,0,1400,544.48
ORD-20350,2023-02-13,Consumer,South,Office Supplies,Paper,A4 Paper Pack,1,0,350,116.48
ORD-20351,2023-01-16,Home Office,South,Furniture,Chairs,Ergo Office Chair,3,0,19500,3606.47
ORD-20352,2024-09-27,Corporate,North,Technology,Accessories,Wireless Earbuds,3,0.1,6750.0,1797.96
ORD-20353,2023-01-08,Corporate,North,Office Supplies,Binders,Heavy Binder Set,5,0.05,2850.0,801.41
ORD-20354,2023-02-16,Corporate,East,Office Supplies,Storage,Storage Box,3,0,2700,623.29
ORD-20355,2023-08-25,Corporate,East,Office Supplies,Binders,Heavy Binder Set,3,0.1,1620.0,304.49
ORD-20356,2023-06-28,Home Office,South,Technology,Accessories,Laptop Bag,3,0,5400,1689.43
ORD-20357,2023-10-25,Corporate,North,Technology,Machines,Laser Printer,4,0,36000,4598.98
ORD-20358,2024-03-05,Home Office,South,Office Supplies,Storage,Storage Box,1,0.2,720.0,112.29
ORD-20359,2023-05-22,Corporate,South,Technology,Accessories,Laptop Bag,3,0,5400,1649.74
ORD-20360,2024-02-25,Home Office,West,Technology,Accessories,Laptop Bag,2,0.05,3420.0,981.17
ORD-20361,2023-03-08,Home Office,West,Furniture,Bookcases,Wooden Bookcase,5,0.1,20250.0,1992.24
ORD-20362,2023-03-30,Consumer,North,Office Supplies,Paper,A4 Paper Pack,1,0,350,110.77
ORD-20363,2023-07-02,Home Office,West,Office Supplies,Binders,Heavy Binder Set,5,0.05,2850.0,613.89
ORD-20364,2024-04-29,Consumer,South,Office Supplies,Binders,Heavy Binder Set,5,0.2,2400.0,450.68
ORD-20365,2023-02-13,Corporate,East,Technology,Phones,Smartphone X,4,0.05,68400.0,5558.31
ORD-20366,2023-02-06,Corporate,South,Technology,Phones,Smartphone X,5,0.2,72000.0,-1409.21
ORD-20367,2024-04-10,Corporate,West,Technology,Phones,Smartphone X,5,0,90000,11939.79
ORD-20368,2023-01-03,Consumer,East,Technology,Phones,Smartphone X,4,0.1,64800.0,5531.61
ORD-20369,2024-06-30,Home Office,West,Technology,Machines,Laser Printer,5,0.1,40500.0,3299.32
ORD-20370,2023-05-29,Consumer,East,Office Supplies,Storage,Storage Box,3,0,2700,662.46
ORD-20371,2024-10-14,Consumer,West,Technology,Accessories,Laptop Bag,1,0,1800,647.96
ORD-20372,2024-12-10,Consumer,West,Technology,Accessories,Wireless Earbuds,4,0.05,9500.0,2944.05
ORD-20373,2024-02-23,Consumer,East,Office Supplies,Binders,Heavy Binder Set,2,0,1200,342.55
ORD-20374,2024-10-25,Consumer,East,Furniture,Chairs,Ergo Office Chair,1,0,6500,1261.11
ORD-20375,2023-04-04,Corporate,East,Office Supplies,Storage,Storage Box,4,0,3600,885.05
ORD-20376,2024-06-30,Consumer,West,Furniture,Bookcases,Wooden Bookcase,1,0,4500,568.5
ORD-20377,2024-12-11,Corporate,West,Furniture,Tables,Standing Desk,3,0.05,34200.0,1355.03
ORD-20378,2023-09-27,Home Office,North,Furniture,Chairs,Ergo Office Chair,4,0,26000,4312.82
ORD-20379,2023-01-09,Home Office,South,Furniture,Tables,Standing Desk,5,0.1,54000.0,957.32
ORD-20380,2023-11-19,Consumer,North,Technology,Machines,Laser Printer,1,0,9000,823.02
ORD-20381,2024-11-01,Home Office,West,Technology,Machines,Laser Printer,4,0,36000,3018.26
ORD-20382,2024-05-19,Corporate,West,Technology,Accessories,Laptop Bag,3,0.2,4320.0,971.35
ORD-20383,2023-03-20,Corporate,South,Office Supplies,Storage,Storage Box,4,0.1,3240.0,689.54
ORD-20384,2023-10-03,Corporate,East,Technology,Phones,Smartphone X,4,0.1,64800.0,5009.0
ORD-20385,2024-11-20,Home Office,East,Office Supplies,Storage,Storage Box,4,0.2,2880.0,407.43
ORD-20386,2024-03-08,Consumer,North,Technology,Machines,Laser Printer,2,0,18000,2350.96
ORD-20387,2023-01-07,Consumer,South,Office Supplies,Storage,Storage Box,1,0.05,855.0,188.96
ORD-20388,2023-09-05,Home Office,South,Office Supplies,Binders,Heavy Binder Set,1,0.1,540.0,99.74
ORD-20389,2024-05-25,Corporate,East,Office Supplies,Paper,A4 Paper Pack,4,0.2,1120.0,222.7
ORD-20390,2024-01-06,Consumer,West,Office Supplies,Storage,Storage Box,1,0.1,810.0,172.21
ORD-20391,2024-09-08,Corporate,North,Technology,Phones,Smartphone X,4,0,72000,10944.4
ORD-20392,2023-04-10,Corporate,East,Furniture,Bookcases,Wooden Bookcase,3,0.2,10800.0,-60.2
ORD-20393,2024-02-01,Home Office,West,Technology,Accessories,Laptop Bag,2,0.1,3240.0,743.05
ORD-20394,2024-12-02,Home Office,South,Technology,Machines,Laser Printer,4,0,36000,5616.95
ORD-20395,2023-07-22,Consumer,East,Furniture,Tables,Standing Desk,3,0,36000,2950.8
ORD-20396,2024-05-21,Consumer,West,Furniture,Bookcases,Wooden Bookcase,5,0.1,20250.0,2567.74
ORD-20397,2023-11-30,Home Office,South,Office Supplies,Binders,Heavy Binder Set,3,0.05,1710.0,410.8
ORD-20398,2023-08-24,Home Office,North,Technology,Accessories,Laptop Bag,1,0,1800,623.25
ORD-20399,2024-01-30,Corporate,South,Office Supplies,Storage,Storage Box,2,0,1800,386.78
ORD-20400,2024-02-10,Consumer,North,Office Supplies,Paper,A4 Paper Pack,3,0,1050,345.1
ORD-20401,2023-04-03,Home Office,West,Office Supplies,Paper,A4 Paper Pack,5,0.1,1575.0,416.27
ORD-20402,2024-04-21,Corporate,North,Technology,Machines,Laser Printer,3,0.1,24300.0,2274.9
ORD-20403,2024-11-30,Home Office,West,Furniture,Chairs,Ergo Office Chair,3,0.1,17550.0,2098.19
ORD-20404,2023-02-02,Home Office,West,Furniture,Chairs,Ergo Office Chair,1,0,6500,1281.09
ORD-20405,2023-04-09,Corporate,West,Furniture,Bookcases,Wooden Bookcase,2,0,9000,1651.09
ORD-20406,2023-03-21,Corporate,North,Technology,Machines,Laser Printer,4,0,36000,3267.23
ORD-20407,2024-05-24,Corporate,East,Office Supplies,Paper,A4 Paper Pack,5,0,1750,599.79
ORD-20408,2024-09-27,Consumer,North,Furniture,Bookcases,Wooden Bookcase,5,0,22500,2533.5
ORD-20409,2024-04-19,Corporate,South,Furniture,Chairs,Ergo Office Chair,4,0,26000,4852.85
ORD-20410,2023-11-11,Consumer,North,Furniture,Bookcases,Wooden Bookcase,4,0.05,17100.0,2703.24
ORD-20411,2024-06-01,Corporate,West,Furniture,Tables,Standing Desk,5,0.1,54000.0,3148.25
ORD-20412,2024-04-15,Home Office,South,Furniture,Tables,Standing Desk,1,0,12000,1057.69
ORD-20413,2023-04-02,Consumer,South,Furniture,Chairs,Ergo Office Chair,1,0.2,5200.0,510.92
ORD-20414,2024-03-03,Home Office,North,Office Supplies,Paper,A4 Paper Pack,5,0,1750,654.87
ORD-20415,2023-05-07,Corporate,South,Office Supplies,Storage,Storage Box,2,0.1,1620.0,301.47
ORD-20416,2023-05-15,Home Office,North,Technology,Phones,Smartphone X,4,0,72000,11635.85
ORD-20417,2023-06-11,Consumer,West,Furniture,Bookcases,Wooden Bookcase,1,0.2,3600.0,168.99
ORD-20418,2023-11-03,Consumer,West,Technology,Accessories,Laptop Bag,3,0.1,4860.0,1181.18
ORD-20419,2024-02-15,Corporate,South,Office Supplies,Paper,A4 Paper Pack,4,0.05,1330.0,402.1
ORD-20420,2023-05-08,Home Office,East,Furniture,Tables,Standing Desk,3,0.05,34200.0,1338.8
ORD-20421,2024-11-29,Corporate,East,Furniture,Bookcases,Wooden Bookcase,3,0.1,12150.0,1346.5
ORD-20422,2023-12-15,Home Office,South,Office Supplies,Binders,Heavy Binder Set,4,0,2400,626.02
ORD-20423,2024-10-25,Consumer,West,Technology,Accessories,Wireless Earbuds,4,0.05,9500.0,2268.88
ORD-20424,2024-12-19,Home Office,South,Technology,Accessories,Laptop Bag,3,0,5400,1645.91
ORD-20425,2024-03-03,Consumer,East,Furniture,Chairs,Ergo Office Chair,2,0,13000,2332.75
ORD-20426,2023-05-06,Corporate,North,Furniture,Bookcases,Wooden Bookcase,3,0.2,10800.0,505.42
ORD-20427,2023-05-05,Consumer,West,Technology,Phones,Smartphone X,4,0,72000,12841.37
ORD-20428,2024-02-12,Consumer,East,Office Supplies,Storage,Storage Box,1,0.05,855.0,208.06
ORD-20429,2023-04-16,Corporate,West,Technology,Accessories,Laptop Bag,5,0.05,8550.0,2574.27
ORD-20430,2024-12-10,Home Office,South,Furniture,Chairs,Ergo Office Chair,2,0.1,11700.0,1467.53
ORD-20431,2024-02-28,Home Office,North,Office Supplies,Storage,Storage Box,4,0.2,2880.0,484.99
ORD-20432,2023-09-30,Home Office,East,Office Supplies,Storage,Storage Box,3,0,2700,693.09
ORD-20433,2024-01-11,Consumer,North,Furniture,Tables,Standing Desk,4,0,48000,5501.33
ORD-20434,2024-10-03,Corporate,West,Office Supplies,Storage,Storage Box,1,0,900,241.23
ORD-20435,2023-02-04,Home Office,South,Technology,Phones,Smartphone X,4,0,72000,11526.57
ORD-20436,2024-01-31,Consumer,West,Furniture,Tables,Standing Desk,4,0,48000,4842.93
ORD-20437,2023-07-04,Corporate,North,Technology,Phones,Smartphone X,4,0,72000,7606.05
ORD-20438,2024-02-16,Corporate,North,Technology,Machines,Laser Printer,4,0,36000,4031.01
ORD-20439,2023-09-16,Corporate,North,Office Supplies,Paper,A4 Paper Pack,3,0.1,945.0,274.61
ORD-20440,2024-07-11,Consumer,North,Office Supplies,Binders,Heavy Binder Set,3,0,1800,550.16
ORD-20441,2023-02-24,Home Office,South,Furniture,Bookcases,Wooden Bookcase,3,0,13500,1801.33
ORD-20442,2023-09-02,Corporate,West,Office Supplies,Storage,Storage Box,1,0,900,195.74
ORD-20443,2023-01-18,Home Office,West,Furniture,Bookcases,Wooden Bookcase,2,0,9000,1680.62
ORD-20444,2024-03-14,Consumer,North,Technology,Machines,Laser Printer,5,0,45000,6626.62
ORD-20445,2024-10-31,Consumer,West,Furniture,Chairs,Ergo Office Chair,5,0.2,26000.0,777.46
ORD-20446,2023-07-28,Consumer,West,Technology,Phones,Smartphone X,1,0.05,17100.0,1541.77
ORD-20447,2023-05-04,Home Office,West,Furniture,Tables,Standing Desk,2,0,24000,3281.51
ORD-20448,2023-10-15,Consumer,East,Furniture,Chairs,Ergo Office Chair,3,0.05,18525.0,2740.06
ORD-20449,2023-07-25,Consumer,South,Technology,Machines,Laser Printer,3,0.05,25650.0,1635.93
ORD-20450,2024-10-27,Consumer,South,Furniture,Tables,Standing Desk,4,0,48000,4805.88
ORD-20451,2023-06-14,Home Office,South,Furniture,Chairs,Ergo Office Chair,2,0.2,10400.0,523.14
ORD-20452,2023-05-16,Corporate,East,Technology,Machines,Laser Printer,4,0,36000,3961.36
ORD-20453,2024-01-22,Corporate,South,Furniture,Tables,Standing Desk,3,0.2,28800.0,361.96
ORD-20454,2023-01-20,Consumer,South,Office Supplies,Storage,Storage Box,1,0.2,720.0,110.47
ORD-20455,2023-08-06,Consumer,West,Technology,Machines,Laser Printer,3,0,27000,3914.99
ORD-20456,2024-12-19,Consumer,South,Furniture,Bookcases,Wooden Bookcase,5,0.05,21375.0,2343.56
ORD-20457,2023-04-22,Corporate,North,Technology,Accessories,Laptop Bag,2,0.1,3240.0,839.83
ORD-20458,2024-08-27,Corporate,West,Technology,Accessories,Laptop Bag,2,0.1,3240.0,772.55
ORD-20459,2024-01-26,Home Office,East,Technology,Accessories,Wireless Earbuds,3,0,7500,2156.18
ORD-20460,2023-08-02,Corporate,South,Furniture,Tables,Standing Desk,2,0.1,21600.0,1561.77
ORD-20461,2023-12-25,Consumer,South,Office Supplies,Paper,A4 Paper Pack,5,0,1750,565.4
ORD-20462,2024-12-15,Home Office,East,Furniture,Tables,Standing Desk,5,0,60000,4573.47
ORD-20463,2023-10-06,Consumer,South,Office Supplies,Binders,Heavy Binder Set,2,0.05,1140.0,288.77
ORD-20464,2024-12-11,Corporate,East,Furniture,Chairs,Ergo Office Chair,1,0,6500,1359.8
ORD-20465,2023-06-11,Corporate,West,Technology,Machines,Laser Printer,4,0,36000,3877.48
ORD-20466,2023-11-25,Consumer,West,Furniture,Bookcases,Wooden Bookcase,4,0,18000,2490.25
ORD-20467,2023-03-12,Consumer,South,Technology,Accessories,Laptop Bag,1,0.2,1440.0,292.6
ORD-20468,2023-06-24,Corporate,East,Office Supplies,Paper,A4 Paper Pack,2,0.2,560.0,135.67
ORD-20469,2023-01-13,Consumer,South,Furniture,Chairs,Ergo Office Chair,3,0.1,17550.0,1832.34
ORD-20470,2024-06-21,Home Office,South,Technology,Accessories,Wireless Earbuds,1,0,2500,738.22
ORD-20471,2023-01-18,Corporate,South,Technology,Machines,Laser Printer,2,0,18000,1559.55
ORD-20472,2024-12-07,Consumer,West,Office Supplies,Storage,Storage Box,2,0,1800,468.83
ORD-20473,2024-01-30,Corporate,North,Office Supplies,Storage,Storage Box,4,0.05,3420.0,678.63
ORD-20474,2024-04-04,Corporate,South,Office Supplies,Paper,A4 Paper Pack,3,0.1,945.0,308.95
ORD-20475,2024-11-09,Corporate,North,Technology,Accessories,Laptop Bag,5,0.05,8550.0,2351.42
ORD-20476,2024-02-27,Consumer,North,Technology,Accessories,Laptop Bag,5,0,9000,2933.39
ORD-20477,2024-12-11,Home Office,South,Technology,Machines,Laser Printer,5,0.1,40500.0,1798.83
ORD-20478,2024-01-21,Consumer,South,Furniture,Chairs,Ergo Office Chair,3,0,19500,4002.23
ORD-20479,2024-11-17,Corporate,East,Furniture,Bookcases,Wooden Bookcase,2,0,9000,1434.74
ORD-20480,2024-09-19,Consumer,North,Office Supplies,Paper,A4 Paper Pack,2,0.2,560.0,135.99
ORD-20481,2024-09-15,Consumer,South,Technology,Phones,Smartphone X,4,0,72000,11694.98
ORD-20482,2023-06-28,Home Office,West,Office Supplies,Paper,A4 Paper Pack,5,0,1750,658.08
ORD-20483,2023-10-12,Home Office,West,Technology,Accessories,Wireless Earbuds,1,0,2500,668.63
ORD-20484,2023-08-09,Consumer,South,Furniture,Tables,Standing Desk,4,0,48000,5203.45
ORD-20485,2024-04-02,Corporate,North,Furniture,Bookcases,Wooden Bookcase,5,0.05,21375.0,2670.09
ORD-20486,2023-02-08,Consumer,South,Technology,Phones,Smartphone X,1,0,18000,2455.67
ORD-20487,2023-05-01,Home Office,East,Technology,Phones,Smartphone X,1,0.1,16200.0,1301.13
ORD-20488,2024-09-27,Corporate,West,Furniture,Chairs,Ergo Office Chair,5,0,32500,5073.15
ORD-20489,2023-07-04,Home Office,South,Technology,Phones,Smartphone X,3,0,54000,7828.62
ORD-20490,2023-03-17,Home Office,East,Technology,Machines,Laser Printer,5,0.2,36000.0,-1416.52
ORD-20491,2023-05-02,Corporate,North,Technology,Machines,Laser Printer,2,0.2,14400.0,-91.09
ORD-20492,2024-07-17,Home Office,South,Technology,Phones,Smartphone X,5,0.05,85500.0,6999.24
ORD-20493,2024-06-09,Home Office,North,Technology,Machines,Laser Printer,1,0,9000,1329.27
ORD-20494,2023-01-30,Consumer,West,Furniture,Bookcases,Wooden Bookcase,1,0,4500,824.32
ORD-20495,2024-08-19,Corporate,South,Furniture,Tables,Standing Desk,5,0.05,57000.0,4793.92
ORD-20496,2024-05-30,Corporate,West,Technology,Accessories,Laptop Bag,4,0.2,5760.0,1315.85
ORD-20497,2024-09-15,Consumer,East,Office Supplies,Paper,A4 Paper Pack,2,0,700,271.42
ORD-20498,2023-09-09,Home Office,East,Technology,Accessories,Wireless Earbuds,5,0.2,10000.0,2086.5
ORD-20499,2023-04-15,Consumer,South,Furniture,Chairs,Ergo Office Chair,4,0,26000,5186.52
